user_id,asin,ai_category,timestamp
AGKHLEW2SOWHNMFQIJGBECAF7INQ,B00YQ6X8EO,All_Beauty,1588687728923
AGKHLEW2SOWHNMFQIJGBECAF7INQ,B081TJ8YS3,All_Beauty,1588615855070
AE74DYR3QUGVPZJ3P7RFWBGIX7XQ,B097R46CSY,All_Beauty,1589665266052
AFQLNQNQYFWQZPJQZS6V3NZU4QBQ,B09JS339BZ,All_Beauty,1643393630220
AFQLNQNQYFWQZPJQZS6V3NZU4QBQ,B08BZ63GMJ,All_Beauty,1609322563534
AGMJ3EMDVL6OWBJF7CA5RGJLXN5A,B00R8DXL44,All_Beauty,1598567408138
AHREXOGQPZDA6354MHH4ETSF3MCQ,B099DRHW5V,All_Beauty,1631885519443
AEYORY2AVPMCPDV57CE337YU5LXA,B08BBQ29N5,All_Beauty,1634275259292
AFSKPY37N3C43SOI5IEXEK5JSIYA,B08P2DZB4X,All_Beauty,1627391044559
AFSKPY37N3C43SOI5IEXEK5JSIYA,B086QY6T7N,All_Beauty,1626614511145
AFSKPY37N3C43SOI5IEXEK5JSIYA,B08DHTJ25J,All_Beauty,1626211245370
AFSKPY37N3C43SOI5IEXEK5JSIYA,B07RBSLNFR,All_Beauty,1621184430697
AFSKPY37N3C43SOI5IEXEK5JSIYA,B07SLFWZKN,All_Beauty,1619737501209
AFSKPY37N3C43SOI5IEXEK5JSIYA,B08JTNQFZY,All_Beauty,1617904219785
AFSKPY37N3C43SOI5IEXEK5JSIYA,B08GLG6W8T,All_Beauty,1613319236253
AFSKPY37N3C43SOI5IEXEK5JSIYA,B08M3C6LVS,All_Beauty,1607339460872
AFSKPY37N3C43SOI5IEXEK5JSIYA,B07GHPCT6T,All_Beauty,1598212476613
AFSKPY37N3C43SOI5IEXEK5JSIYA,B07KG1TWP5,All_Beauty,1596473351088
AFSKPY37N3C43SOI5IEXEK5JSIYA,B07W397QG4,All_Beauty,1593352422858
AFSKPY37N3C43SOI5IEXEK5JSIYA,B07GDQPG12,All_Beauty,1547589843451
AFSKPY37N3C43SOI5IEXEK5JSIYA,B07J3GH1W1,All_Beauty,1547589356557
AFSKPY37N3C43SOI5IEXEK5JSIYA,B01M7UMAUG,All_Beauty,1508770624887
AFSKPY37N3C43SOI5IEXEK5JSIYA,B00JMDPK8S,All_Beauty,1404402463000
AG35BKPUEUMX7LV5YLOQ5YCQ3GOA,B01ETWL5B2,All_Beauty,1475756226000
AHPUT3ITXCHQJO7OMF74LEMYHIVA,B07ZJKVVLW,All_Beauty,1578611984772
AHGAOIZVODNHYMNCBV4DECZH42UQ,B082QX2HP6,All_Beauty,1584799493853
AHGAOIZVODNHYMNCBV4DECZH42UQ,B077SRDVG9,All_Beauty,1522091824726
AHGAOIZVODNHYMNCBV4DECZH42UQ,B01AKTGHFW,All_Beauty,1500768914981
AFGEM6BXCYHUILEOA3P2ZYBEF2TA,B079SMVSYW,All_Beauty,1603130609586
AGC3Q6IXOVLTTDMS4Q55FPYUF6FQ,B07K8VTT6M,All_Beauty,1589724040497
AHZ6XMOLEWA67S3TX7IWEXXGWSOA,B083BDVS36,All_Beauty,1621356942148
AH6ZNRRCEEWR6P34CNLQ2LRLUU3Q,B09FP8PP2K,All_Beauty,1568236063550
AFZUK3MTBIBEDQOPAK3OATUOUKLA,B0BFR5WF1R,All_Beauty,1675826333052
AFZUK3MTBIBEDQOPAK3OATUOUKLA,B00946HGLW,All_Beauty,1596901440832
AFZUK3MTBIBEDQOPAK3OATUOUKLA,B082FLP15V,All_Beauty,1592452852671
AFZUK3MTBIBEDQOPAK3OATUOUKLA,B0020MKBNW,All_Beauty,1406073199000
AFKNVFEXRGUGJAGMENCOWLVDYVCQ,B00023J4AW,All_Beauty,1608936024878
AFKNVFEXRGUGJAGMENCOWLVDYVCQ,B005IYYF5E,All_Beauty,1489880060000
AHFURURV4H35BXUUTXYMJYA36CTQ,B0B96MFXSJ,All_Beauty,1577694848810
AFETVW7S5M4LVJ7GTWPCKT7S3YBQ,B01M5KNSQN,All_Beauty,1649634131604
AGF42GID7QWDCNFTJRCTMKAITJJA,B07KDNK11M,All_Beauty,1607532414595
AGF42GID7QWDCNFTJRCTMKAITJJA,B08DLGCYK8,All_Beauty,1606300801565
AE5DIA2HDWBPNGBO2FXN2PF4NQJA,B081GCFHPG,All_Beauty,1623459734108
AF2FTNKCY6XY67BKBUO4BNJRZ4XQ,B07H8Z3SMK,All_Beauty,1585005652909
AHEQRHKGEACLR3RSXRQ7TUIXZGSQ,B08C9LZQN4,All_Beauty,1603586386842
AHW7W34BLHHC4AYM4TPMLA2SWMMA,B07H281V4V,All_Beauty,1609434807770
AGVVUU3QRQBHNASSGI5YQLPYOI2Q,B09FF97RHL,All_Beauty,1648824907536
AGG3LLILZEGKCA4SAS4Q7X2Y7ISQ,B07Y5QX37B,All_Beauty,1582901059423
AGG3LLILZEGKCA4SAS4Q7X2Y7ISQ,B07XYXSYCD,All_Beauty,1582900994981
AH4O5W3EM4CKQGHMBVTSPCJRYF7Q,B07NSR3CKR,All_Beauty,1559999072586
AH4O5W3EM4CKQGHMBVTSPCJRYF7Q,B07CJWG8SP,All_Beauty,1485955955000
AH4O5W3EM4CKQGHMBVTSPCJRYF7Q,B018F28B1Y,All_Beauty,1478783674000
AFPBVAEV3FCQOHKJJGAKQLZLTCZQ,B01HO1ZB7Y,All_Beauty,1561738244885
AHSAUHUTLVNKJ72GUIPGI5XZH6ZA,B0040NQBAG,All_Beauty,1640896526461
AHSAUHUTLVNKJ72GUIPGI5XZH6ZA,B00JNI1DZQ,All_Beauty,1568217083791
AEEM2QIBMUUXEAJIEQH2WT2KNZZA,B07T2L6JQR,All_Beauty,1656871648888
AH4CGRSYSW5CWLRGQYRZKNJBUPAA,B095SC4J8T,All_Beauty,1629166303947
AH4CGRSYSW5CWLRGQYRZKNJBUPAA,B087JNH3NC,All_Beauty,1598833004245
AH4CGRSYSW5CWLRGQYRZKNJBUPAA,B07SQ8193F,All_Beauty,1585211251700
AHATA6X6MYTC3VNBFJ3WIYVK257A,B09CQ4PXLN,All_Beauty,1640916617087
AHATA6X6MYTC3VNBFJ3WIYVK257A,B08DXDLR3P,All_Beauty,1598751954697
AHATA6X6MYTC3VNBFJ3WIYVK257A,B0875V791H,All_Beauty,1595533702899
AHATA6X6MYTC3VNBFJ3WIYVK257A,B07LBK2YQX,All_Beauty,1558659241786
AHATA6X6MYTC3VNBFJ3WIYVK257A,B07FX94GYX,All_Beauty,1538856068174
AFA26DYXVLJYTYZ3KET77GE27N2A,B08CXFDDV8,All_Beauty,1618455607966
AFA26DYXVLJYTYZ3KET77GE27N2A,B015RR870U,All_Beauty,1594448236479
AFA26DYXVLJYTYZ3KET77GE27N2A,B000OQFVLS,All_Beauty,1539756902433
AFLGWVMNAKFSOPJNKKLYHP2F2IMQ,B00C0YZBJE,All_Beauty,1626092275982
AHV6QCNBJNSGLATP56JAWJ3C4G2A,B0B8DZ7H5F,All_Beauty,1663163956007
AHV6QCNBJNSGLATP56JAWJ3C4G2A,B0B4JP5YD9,All_Beauty,1660417831321
AHV6QCNBJNSGLATP56JAWJ3C4G2A,B0B4JPGX8P,All_Beauty,1660417672640
AHV6QCNBJNSGLATP56JAWJ3C4G2A,B09KT4RJG6,All_Beauty,1644349248608
AHV6QCNBJNSGLATP56JAWJ3C4G2A,B07KQ32Z8C,All_Beauty,1629410931015
AHV6QCNBJNSGLATP56JAWJ3C4G2A,B08PQ6YXSH,All_Beauty,1628462041411
AHV6QCNBJNSGLATP56JAWJ3C4G2A,B07W6H8CGT,All_Beauty,1623250199261
AHV6QCNBJNSGLATP56JAWJ3C4G2A,B0BTJ6SYKB,All_Beauty,1623188037011
AHV6QCNBJNSGLATP56JAWJ3C4G2A,B08KYLTK5H,All_Beauty,1614292985923
AHV6QCNBJNSGLATP56JAWJ3C4G2A,B08KWN77LW,All_Beauty,1610133666100
AHV6QCNBJNSGLATP56JAWJ3C4G2A,B08HXQ3T9K,All_Beauty,1607744901734
AHV6QCNBJNSGLATP56JAWJ3C4G2A,B0B2L218H2,All_Beauty,1605885919061
AHV6QCNBJNSGLATP56JAWJ3C4G2A,B0B2L218H2,All_Beauty,1605814409168
AHV6QCNBJNSGLATP56JAWJ3C4G2A,B08FRQGYDF,All_Beauty,1605292060685
AHV6QCNBJNSGLATP56JAWJ3C4G2A,B08BZ1RHPS,All_Beauty,1597942744359
AHV6QCNBJNSGLATP56JAWJ3C4G2A,B085NYYLQ8,All_Beauty,1597526701753
AHV6QCNBJNSGLATP56JAWJ3C4G2A,B085WTCBLG,All_Beauty,1593190594550
AHV6QCNBJNSGLATP56JAWJ3C4G2A,B088FBNQXW,All_Beauty,1593043740906
AHV6QCNBJNSGLATP56JAWJ3C4G2A,B087D7MVHB,All_Beauty,1591977214185
AHV6QCNBJNSGLATP56JAWJ3C4G2A,B07PRDZ2BH,All_Beauty,1588865592842
AHV6QCNBJNSGLATP56JAWJ3C4G2A,B083TLNBJJ,All_Beauty,1585261263214
AHV6QCNBJNSGLATP56JAWJ3C4G2A,B082NKQ4ZT,All_Beauty,1583932042329
AHV6QCNBJNSGLATP56JAWJ3C4G2A,B084D86YL8,All_Beauty,1582999036646
AHV6QCNBJNSGLATP56JAWJ3C4G2A,B07WNBZQGT,All_Beauty,1581772960365
AHV6QCNBJNSGLATP56JAWJ3C4G2A,B07SW7D6ZR,All_Beauty,1580742144072
AHV6QCNBJNSGLATP56JAWJ3C4G2A,B07JDD2L3M,All_Beauty,1579351461183
AHV6QCNBJNSGLATP56JAWJ3C4G2A,B082MTTFZD,All_Beauty,1579312780004
AHV6QCNBJNSGLATP56JAWJ3C4G2A,B07NPWK167,All_Beauty,1578928089878
AHV6QCNBJNSGLATP56JAWJ3C4G2A,B07J2QZBTP,All_Beauty,1577024355925
AHV6QCNBJNSGLATP56JAWJ3C4G2A,B07N45YN6C,All_Beauty,1562550265320
AHV6QCNBJNSGLATP56JAWJ3C4G2A,B077YR3333,All_Beauty,1550588697518
AHV6QCNBJNSGLATP56JAWJ3C4G2A,B07FZ5HZLM,All_Beauty,1548092773968
AHV6QCNBJNSGLATP56JAWJ3C4G2A,B07KV31WDS,All_Beauty,1547157494554
AHV6QCNBJNSGLATP56JAWJ3C4G2A,B07GDQPG12,All_Beauty,1545303800417
AHV6QCNBJNSGLATP56JAWJ3C4G2A,B071R2QPF3,All_Beauty,1544236907167
AHV6QCNBJNSGLATP56JAWJ3C4G2A,B01KJPFO9W,All_Beauty,1541942181487
AHV6QCNBJNSGLATP56JAWJ3C4G2A,B01B6V11UY,All_Beauty,1476542748000
AHV6QCNBJNSGLATP56JAWJ3C4G2A,B00GUTPV4A,All_Beauty,1475838820000
AHV6QCNBJNSGLATP56JAWJ3C4G2A,B01CO73OIQ,All_Beauty,1467123218000
AHV6QCNBJNSGLATP56JAWJ3C4G2A,B00KR4AFJU,All_Beauty,1460413688000
AHV6QCNBJNSGLATP56JAWJ3C4G2A,B015ZXMSFQ,All_Beauty,1455464933000
AHV6QCNBJNSGLATP56JAWJ3C4G2A,B00KXFD75M,All_Beauty,1454626110000
AHV6QCNBJNSGLATP56JAWJ3C4G2A,B010B0S67C,All_Beauty,1442016268000
AHV6QCNBJNSGLATP56JAWJ3C4G2A,B00MDKICPK,All_Beauty,1429911787000
AHV6QCNBJNSGLATP56JAWJ3C4G2A,B00NNKWDI6,All_Beauty,1424200292000
AHV6QCNBJNSGLATP56JAWJ3C4G2A,B00N6WHTRG,All_Beauty,1416250542000
AF3IELI63FDNLEAGV2I6KYJ2LXFA,B0943GJDP6,All_Beauty,1634176814922
AEITH2MBDGMCSAZSBNAYOEBOJXFA,B0008F6QGO,All_Beauty,1402260693000
AGYBOBPV47L6FRILNSZ7S6XFLPFA,B08SWV1X6D,All_Beauty,1650493937328
AEVLPO2NHUQOLLCLFH75UHGJPMLA,B08JLXLJGS,All_Beauty,1623525912344
AEWTKEIDMSOZ7Z3MOOEIXYPYUCCQ,B089K4SV23,All_Beauty,1594585640346
AH64T2MRMNF76UENPWCIMMCYTSZA,B00KNIECVC,All_Beauty,1424462892000
AG7WKTZINOFIXMZJYIPKIB7PV7NQ,B088838886,All_Beauty,1638429977437
AG7WKTZINOFIXMZJYIPKIB7PV7NQ,B01FVUMG28,All_Beauty,1485824872000
AG7WKTZINOFIXMZJYIPKIB7PV7NQ,B0093EQX6Y,All_Beauty,1438740353000
AEHVSZ72XXI4SU6XUNXMJAXUYN6Q,B00JM1BZUW,All_Beauty,1443695835000
AEHWUHNTB5FX32HJ7UBOZ2WWUX3Q,B07KDNK11M,All_Beauty,1564768107233
AFXPXKJ5MAQPX5NIXMU5C4ISAIGA,B08K41B227,All_Beauty,1608394879270
AGPOZ62Q3ULTH7RLBK4BIJ75T2KQ,B00EIL38WO,All_Beauty,1396202725000
AGPOZ62Q3ULTH7RLBK4BIJ75T2KQ,B003USID1C,All_Beauty,1335035659000
AGTHQ6ANUEV7VOOVAEFWVMFIILUA,B01N070HWY,All_Beauty,1623731243389
AGTHQ6ANUEV7VOOVAEFWVMFIILUA,B00G7UFXJA,All_Beauty,1618369706958
AEZ26WGWJ3EOQ4KWSHG77HJAG4EA,B0B7RBK4NJ,All_Beauty,1662827578220
AGCCFLGNMV6ABDOO4O6SUJW65ICA,B010B5ZE4U,All_Beauty,1494861969000
AFJBKPK5W56XWSNPQU2WW66ISWYQ,B0BP2Y6QY4,All_Beauty,1668797223375
AFJBKPK5W56XWSNPQU2WW66ISWYQ,B09JZXY4YR,All_Beauty,1621631476435
AFJBKPK5W56XWSNPQU2WW66ISWYQ,B08XJWLLKQ,All_Beauty,1618934798418
AFJBKPK5W56XWSNPQU2WW66ISWYQ,B08PLFZB89,All_Beauty,1617909095488
AFJBKPK5W56XWSNPQU2WW66ISWYQ,B08KHRF9NY,All_Beauty,1616954539796
AFJBKPK5W56XWSNPQU2WW66ISWYQ,B08N6YHQXT,All_Beauty,1616457223039
AFJBKPK5W56XWSNPQU2WW66ISWYQ,B08SQ31H8P,All_Beauty,1615701950469
AFJBKPK5W56XWSNPQU2WW66ISWYQ,B08LZLBXYT,All_Beauty,1611448884100
AFJBKPK5W56XWSNPQU2WW66ISWYQ,B08NPBQR9L,All_Beauty,1609182507469
AFJBKPK5W56XWSNPQU2WW66ISWYQ,B08P8BN9BZ,All_Beauty,1608753663995
AFJBKPK5W56XWSNPQU2WW66ISWYQ,B08BLX72TP,All_Beauty,1606878884208
AFJBKPK5W56XWSNPQU2WW66ISWYQ,B08LYT4Q2X,All_Beauty,1606103453308
AFJBKPK5W56XWSNPQU2WW66ISWYQ,B0841WQNNZ,All_Beauty,1604762653089
AFJBKPK5W56XWSNPQU2WW66ISWYQ,B087ZQK2G8,All_Beauty,1598591443230
AFJBKPK5W56XWSNPQU2WW66ISWYQ,B087Z9X39L,All_Beauty,1594848248797
AFJBKPK5W56XWSNPQU2WW66ISWYQ,B07XQKH3RY,All_Beauty,1593321721590
AFJBKPK5W56XWSNPQU2WW66ISWYQ,B084ZHP45Y,All_Beauty,1585080133476
AFJBKPK5W56XWSNPQU2WW66ISWYQ,B07LCHCD6Q,All_Beauty,1556652791507
AFJBKPK5W56XWSNPQU2WW66ISWYQ,B07H3S8WTV,All_Beauty,1551117781592
AFJBKPK5W56XWSNPQU2WW66ISWYQ,B071JMGPTH,All_Beauty,1544671934783
AFJBKPK5W56XWSNPQU2WW66ISWYQ,B07F8PCLDV,All_Beauty,1544671363612
AFJBKPK5W56XWSNPQU2WW66ISWYQ,B07J3GH1W1,All_Beauty,1544671031249
AFJBKPK5W56XWSNPQU2WW66ISWYQ,B07FM69672,All_Beauty,1544238606316
AGQKBA5POXDOUO4U43YF2LNEZPLA,B07DSQ3NWM,All_Beauty,1578102944639
AGQKBA5POXDOUO4U43YF2LNEZPLA,B0792Q3T59,All_Beauty,1560125848309
AES57JTXM7IOKT74AXQSNL5NNMFQ,B01NCWHH2W,All_Beauty,1590518308997
AFTWZJUP2224KGWPBCBBLHS7573A,B07NGCSZYY,All_Beauty,1577565491019
AGGLOHDR6L7GZMIFCGXPPHS23OTQ,B07SSLTKHX,All_Beauty,1568419120457
AGVLLL3Z55OFM5JTJJWFJFQXPUGQ,B07G19ZXWB,All_Beauty,1597662552680
AG5FGEYGAMLVI7NOKMXL7ORUZNDQ,B083SCVG16,All_Beauty,1596392785763
AHH4EDVBK4H6ZWPSCSNQHX3BRKZA,B07V6F1TK2,All_Beauty,1589245725737
AFDMZ4TRX3HXQQUGWAHJQTIF65BQ,B01HTO9T2Y,All_Beauty,1618610548008
AETE7Y3DZT6BLMWA6U27ADJDZ4LA,B0722YW9DZ,All_Beauty,1506959529406
AEINWALDRYT4NTF3M5NC2WZ5YQNA,B01MXLP1T1,All_Beauty,1511227942962
AFRVV3L6CJUHLLKWA3PIG7JCYJQQ,B01G5TZ6BM,All_Beauty,1479946947000
AFPHKIJFGIU4G4POXRFCEF5RJJHA,B01M1OFZOG,All_Beauty,1660169254485
AF227ZORVJNXGFF6UFK23IYWE7AA,B075JN5NX2,All_Beauty,1512070575387
AHF2OTODCQC4BETX7CHZMOHUBODQ,B06Y5XQ6SJ,All_Beauty,1523468483136
AFDEH7TVRJ4GBWE76Z7RBSHQOC4A,B0785QM77V,All_Beauty,1555966372881
AGDTHJ7R5N2HOHYK4AACLB53BULA,B00P0BLZFI,All_Beauty,1478620613000
AEWFEWBJVI2YN7WAWVXSOYT5MANA,B08229K7VC,All_Beauty,1590717312577
AHGCCTL7DBBD7FK4RFYAJS53BGOA,B09WSVFSGJ,All_Beauty,1660780044308
AGOXD3ECHHH2XAFGO6TSSMRZJQVQ,B09X9BG4FC,All_Beauty,1603469830139
AHJQPUQLSQZE6LMIUMY7WNRXCQQQ,B096YFBWGX,All_Beauty,1635164612192
AHJQPUQLSQZE6LMIUMY7WNRXCQQQ,B07FM69672,All_Beauty,1544161752047
AEYVXZF5TQB7IGLLS3HJTDWLSKJQ,B00QZEBH5W,All_Beauty,1632773060620
AGTITI6OKWPN2AVELIAJALJFX6NA,B00A0RUGPM,All_Beauty,1416800039000
AEA2AYPIP3RN2YZWRNFKKD6OGGBA,B078WYZK74,All_Beauty,1625603129050
AHL5ZHN64UHJOGQLPINJ3BN4VBPA,B073SBNLJJ,All_Beauty,1559566443959
AEYGPUCRKH7G4VM22FM3VAKSQ23Q,B07S8F3LRC,All_Beauty,1577295338919
AEYGPUCRKH7G4VM22FM3VAKSQ23Q,B01M7UMAUG,All_Beauty,1532273347746
AEV6OL4GLSYMDNUHS4Y4DNVFDRHQ,B08393CSHT,All_Beauty,1583124576508
AFFFV4Y35FUSSYUMRHYV4P34X2MA,B07FQG965K,All_Beauty,1541698828578
AHCZKT34YZL3CVXYVH2CNKQDCYBA,B0778WCBMF,All_Beauty,1547272724448
AF4NIQPIZQ3S3G6KEVQW33DNHZSQ,B085BB7B1M,All_Beauty,1436290014000
AFDPKX3DYZI6FV5GXLI7NVTULR4Q,B08HH3CH34,All_Beauty,1607976609742
AHU2Y2ZFQKI3V3ARFDKZA6ER4NUQ,B00J2R8BP8,All_Beauty,1429626975000
AEIHN6JDLYL2QYCAOCBVEUPHU5EA,B01JIVO8GS,All_Beauty,1529939772384
AEUMYP5IWSQCLQRIAUKTWR2LZRSA,B07MW1TBSN,All_Beauty,1595705751746
AEHJJPC3MQJAHAJWBEVIF5EFQQBQ,B07KZQDM8Y,All_Beauty,1597361848873
AFXF3EGQTQDXMRLDWFU7UBFQZB7Q,B0B8F6MWFJ,All_Beauty,1666268588427
AFXF3EGQTQDXMRLDWFU7UBFQZB7Q,B09ZKWV5MK,All_Beauty,1654314287951
AFXF3EGQTQDXMRLDWFU7UBFQZB7Q,B08HVRP54L,All_Beauty,1653607216628
AFXF3EGQTQDXMRLDWFU7UBFQZB7Q,B08WPXVK2P,All_Beauty,1653519351455
AFXF3EGQTQDXMRLDWFU7UBFQZB7Q,B0B5X48DZR,All_Beauty,1650921998863
AFXF3EGQTQDXMRLDWFU7UBFQZB7Q,B08N5NDVGH,All_Beauty,1647381362768
AFXF3EGQTQDXMRLDWFU7UBFQZB7Q,B09P144WHW,All_Beauty,1647216897957
AFXF3EGQTQDXMRLDWFU7UBFQZB7Q,B09QT8SLJB,All_Beauty,1647121848816
AFXF3EGQTQDXMRLDWFU7UBFQZB7Q,B092M5K59T,All_Beauty,1638840554514
AFXF3EGQTQDXMRLDWFU7UBFQZB7Q,B09XX4VR4Y,All_Beauty,1634341134612
AFXF3EGQTQDXMRLDWFU7UBFQZB7Q,B09C1S6LSV,All_Beauty,1634340599912
AFXF3EGQTQDXMRLDWFU7UBFQZB7Q,B097YYB2GV,All_Beauty,1633643242306
AFXF3EGQTQDXMRLDWFU7UBFQZB7Q,B095CG2ZV1,All_Beauty,1631367075148
AFXF3EGQTQDXMRLDWFU7UBFQZB7Q,B096XDXNY5,All_Beauty,1627688833474
AFXF3EGQTQDXMRLDWFU7UBFQZB7Q,B0841S3FRB,All_Beauty,1626992201828
AFXF3EGQTQDXMRLDWFU7UBFQZB7Q,B083GCHL8R,All_Beauty,1626976613839
AFXF3EGQTQDXMRLDWFU7UBFQZB7Q,B092M1WFTR,All_Beauty,1626477225322
AFXF3EGQTQDXMRLDWFU7UBFQZB7Q,B092D43C8Q,All_Beauty,1625692049016
AFXF3EGQTQDXMRLDWFU7UBFQZB7Q,B08T7GPT1D,All_Beauty,1625006698955
AFXF3EGQTQDXMRLDWFU7UBFQZB7Q,B0919R1CYT,All_Beauty,1624659702420
AFXF3EGQTQDXMRLDWFU7UBFQZB7Q,B08T5RVSD9,All_Beauty,1624399417259
AFXF3EGQTQDXMRLDWFU7UBFQZB7Q,B09473GGM4,All_Beauty,1624274497670
AFXF3EGQTQDXMRLDWFU7UBFQZB7Q,B08T5LG5FT,All_Beauty,1623796829059
AFXF3EGQTQDXMRLDWFU7UBFQZB7Q,B08Z3THTQT,All_Beauty,1623707102432
AFXF3EGQTQDXMRLDWFU7UBFQZB7Q,B08ZVJP6D3,All_Beauty,1623704536971
AFXF3EGQTQDXMRLDWFU7UBFQZB7Q,B08LPGZMQK,All_Beauty,1623116811042
AFXF3EGQTQDXMRLDWFU7UBFQZB7Q,B0925975B7,All_Beauty,1622753896821
AFXF3EGQTQDXMRLDWFU7UBFQZB7Q,B0932WKCMT,All_Beauty,1622752434756
AFXF3EGQTQDXMRLDWFU7UBFQZB7Q,B0929H24R1,All_Beauty,1622389389771
AFXF3EGQTQDXMRLDWFU7UBFQZB7Q,B08MCDB52J,All_Beauty,1622303084098
AFXF3EGQTQDXMRLDWFU7UBFQZB7Q,B08YX4M6T1,All_Beauty,1621205988847
AFXF3EGQTQDXMRLDWFU7UBFQZB7Q,B08GFLMGN2,All_Beauty,1621202702614
AFXF3EGQTQDXMRLDWFU7UBFQZB7Q,B08QRSNJW9,All_Beauty,1621138223667
AFXF3EGQTQDXMRLDWFU7UBFQZB7Q,B08FCV1FQC,All_Beauty,1621043900381
AFXF3EGQTQDXMRLDWFU7UBFQZB7Q,B08YNR839W,All_Beauty,1620424267961
AFXF3EGQTQDXMRLDWFU7UBFQZB7Q,B08YX4HYTK,All_Beauty,1620252626061
AFXF3EGQTQDXMRLDWFU7UBFQZB7Q,B08XZT4FLY,All_Beauty,1619563023776
AFXF3EGQTQDXMRLDWFU7UBFQZB7Q,B09GNXK3N1,All_Beauty,1618184630323
AFXF3EGQTQDXMRLDWFU7UBFQZB7Q,B08RS762Z7,All_Beauty,1617844602299
AFXF3EGQTQDXMRLDWFU7UBFQZB7Q,B08R8JQ7NF,All_Beauty,1617487527934
AFXF3EGQTQDXMRLDWFU7UBFQZB7Q,B08VMWZ7N2,All_Beauty,1617407475594
AFXF3EGQTQDXMRLDWFU7UBFQZB7Q,B08NGXBJ4X,All_Beauty,1616718655307
AFXF3EGQTQDXMRLDWFU7UBFQZB7Q,B0881WZVM5,All_Beauty,1614896960702
AFXF3EGQTQDXMRLDWFU7UBFQZB7Q,B08MPP4X5L,All_Beauty,1614796759758
AFXF3EGQTQDXMRLDWFU7UBFQZB7Q,B08QHP717Z,All_Beauty,1614292707452
AFXF3EGQTQDXMRLDWFU7UBFQZB7Q,B08JTNQFZY,All_Beauty,1614036953464
AFXF3EGQTQDXMRLDWFU7UBFQZB7Q,B08RY2LML3,All_Beauty,1613949623459
AFXF3EGQTQDXMRLDWFU7UBFQZB7Q,B08HDLCHXN,All_Beauty,1612821735228
AFXF3EGQTQDXMRLDWFU7UBFQZB7Q,B08MT11QG3,All_Beauty,1611965730476
AFXF3EGQTQDXMRLDWFU7UBFQZB7Q,B08HGZXLP6,All_Beauty,1611360452090
AFXF3EGQTQDXMRLDWFU7UBFQZB7Q,B08N9RT9YD,All_Beauty,1611183336145
AFXF3EGQTQDXMRLDWFU7UBFQZB7Q,B08HGZXLP6,All_Beauty,1611102853719
AFXF3EGQTQDXMRLDWFU7UBFQZB7Q,B08HX5J4P5,All_Beauty,1611101505456
AFXF3EGQTQDXMRLDWFU7UBFQZB7Q,B08PPB3W6H,All_Beauty,1610417575774
AFXF3EGQTQDXMRLDWFU7UBFQZB7Q,B08P7PSMRR,All_Beauty,1610322554727
AFXF3EGQTQDXMRLDWFU7UBFQZB7Q,B08NJ56F9C,All_Beauty,1610062915805
AFXF3EGQTQDXMRLDWFU7UBFQZB7Q,B08LGG9GSG,All_Beauty,1609849628351
AFXF3EGQTQDXMRLDWFU7UBFQZB7Q,B08KT7FCYY,All_Beauty,1609804845102
AFXF3EGQTQDXMRLDWFU7UBFQZB7Q,B08HMLXW65,All_Beauty,1608329596770
AFXF3EGQTQDXMRLDWFU7UBFQZB7Q,B08HMJT41C,All_Beauty,1608329372192
AFXF3EGQTQDXMRLDWFU7UBFQZB7Q,B088DX4Q5K,All_Beauty,1607986785933
AFXF3EGQTQDXMRLDWFU7UBFQZB7Q,B08DKK7KXV,All_Beauty,1606592309440
AFXF3EGQTQDXMRLDWFU7UBFQZB7Q,B08G8B2CQH,All_Beauty,1606592038866
AFXF3EGQTQDXMRLDWFU7UBFQZB7Q,B087B5RJ2P,All_Beauty,1606524744605
AFXF3EGQTQDXMRLDWFU7UBFQZB7Q,B08G83G24X,All_Beauty,1606518368441
AFXF3EGQTQDXMRLDWFU7UBFQZB7Q,B08CZM3GH3,All_Beauty,1601776779300
AFXF3EGQTQDXMRLDWFU7UBFQZB7Q,B086XH7BWW,All_Beauty,1599882609367
AFXF3EGQTQDXMRLDWFU7UBFQZB7Q,B0895XRT9S,All_Beauty,1598818621900
AFXF3EGQTQDXMRLDWFU7UBFQZB7Q,B08C72C56Z,All_Beauty,1598665451686
AFXF3EGQTQDXMRLDWFU7UBFQZB7Q,B07D6KYSJH,All_Beauty,1584497096251
AFXF3EGQTQDXMRLDWFU7UBFQZB7Q,B0829HHW2M,All_Beauty,1582858335913
AFXF3EGQTQDXMRLDWFU7UBFQZB7Q,B07VGBBNTH,All_Beauty,1581997877865
AFXF3EGQTQDXMRLDWFU7UBFQZB7Q,B081ZN3TD5,All_Beauty,1581257263753
AFXF3EGQTQDXMRLDWFU7UBFQZB7Q,B0837K9W6P,All_Beauty,1580949934338
AFXF3EGQTQDXMRLDWFU7UBFQZB7Q,B07LCHCD6Q,All_Beauty,1556243557316
AFXF3EGQTQDXMRLDWFU7UBFQZB7Q,B07KXM94BT,All_Beauty,1548208863985
AFXF3EGQTQDXMRLDWFU7UBFQZB7Q,B07DSC4X3K,All_Beauty,1545955740686
AFXF3EGQTQDXMRLDWFU7UBFQZB7Q,B07DPKZPRH,All_Beauty,1545265199508
AFXF3EGQTQDXMRLDWFU7UBFQZB7Q,B073WQHFXB,All_Beauty,1533246198393
AFXF3EGQTQDXMRLDWFU7UBFQZB7Q,B071NBFSLY,All_Beauty,1525225458858
AFXF3EGQTQDXMRLDWFU7UBFQZB7Q,B01BEYRHBA,All_Beauty,1457053429000
AFDERNB6BIR3U2DOR3S2KX7KJJXQ,B08CXKJ7TQ,All_Beauty,1615437211644
AEIPJBAN7A55Q5DFFPZSR2UV3OKA,B08XS4D82F,All_Beauty,1621793733924
AEIPJBAN7A55Q5DFFPZSR2UV3OKA,B08JP74M51,All_Beauty,1613990926603
AEIPJBAN7A55Q5DFFPZSR2UV3OKA,B07FP2C8N8,All_Beauty,1601610002355
AG3VXRJ5OUQDF3UAEOEIIZ6Z5Z3A,B09FW4M7G8,All_Beauty,1645538336229
AG3VXRJ5OUQDF3UAEOEIIZ6Z5Z3A,B00F22YKOS,All_Beauty,1511803283739
AHYARJU3M2CYM3W5SZYL33KOFVHA,B07G47T1DV,All_Beauty,1548416124642
AHPFHP43AXWRYZZ4HPNCW7I7J3ZQ,B07JCYGJC3,All_Beauty,1554218993335
AHPFHP43AXWRYZZ4HPNCW7I7J3ZQ,B00Z5OJPS4,All_Beauty,1502540856260
AEZV3WDCDM6V4CJMN222D52REYYA,B00R8LI7ZO,All_Beauty,1431384823000
AEG6UV72JH6WOHEAWLMNXT6J7F4A,B096LJJ4K6,All_Beauty,1642619655502
AEX3CW22RUBG2EEUYSBZBMTRJSZQ,B07D4C2ZZ9,All_Beauty,1549824280491
AEICZD35OTDYVWA2KPYWN4PDZ2SA,B07FX94GYX,All_Beauty,1537891397672
AEICZD35OTDYVWA2KPYWN4PDZ2SA,B01M1OBRBQ,All_Beauty,1490896098000
AE6ZACCQOGZIDDWM4TZPAEKUJRHA,B001281404,All_Beauty,1574985122746
AG4COLOHCLHWUUYWCZ77TPJLE3EQ,B07VM55BYC,All_Beauty,1579932116626
AG4COLOHCLHWUUYWCZ77TPJLE3EQ,B07L6CFNH6,All_Beauty,1575522979689
AG4COLOHCLHWUUYWCZ77TPJLE3EQ,B0749FJSN2,All_Beauty,1557634221209
AGBZYPQKIUZGWHXOZZFAMVEQZ5JQ,B07KKBCG87,All_Beauty,1612909775989
AGLQQCIS5V6EGUCS5SSNHWZHQM6Q,B07Z5C1KGR,All_Beauty,1586811608882
AGLQQCIS5V6EGUCS5SSNHWZHQM6Q,B075FVH1XS,All_Beauty,1506959249870
AGLQQCIS5V6EGUCS5SSNHWZHQM6Q,B00G7PCKI2,All_Beauty,1400122886000
AERRX357RLQ6SAUBH6HDYNGTXZ4A,B07QNX9TJ3,All_Beauty,1575653138464
AFNZHLVWANRWLF3N24KCMPOTYG2A,B0131WQ2G4,All_Beauty,1460045074000
AGROPS2VIN3R7UUTWO2F662NSNMQ,B08T7VB9CP,All_Beauty,1638640586813
AF4Y2O5Z4P7JZPXUQSR62VAP2I3Q,B07Q2VZRNX,All_Beauty,1567368212097
AEE2PYYDXJGV6ZO3YHZBBEMSUG4Q,B06Y6Q2C7B,All_Beauty,1500512726734
AEOYNV3GTKOZ2YOEY4QEKIAEZEZA,B01695MZ9S,All_Beauty,1451837514000
AGBOGNMAG3UCA6B4Z6VT62DVNOIA,B000I1CFC2,All_Beauty,1385235841000
AFD6OGB6AY4YPKN62LCTXGYR7KJA,B074TG7CVH,All_Beauty,1561398448255
AFD6OGB6AY4YPKN62LCTXGYR7KJA,B00OP8NZV4,All_Beauty,1441042840000
AFWVN52MRBWOTIK7UGXBWGOY4HBA,B08SBV6Z57,All_Beauty,1625801142291
AFWVN52MRBWOTIK7UGXBWGOY4HBA,B086N136NH,All_Beauty,1604465157671
AFWVN52MRBWOTIK7UGXBWGOY4HBA,B08YJV9YL2,All_Beauty,1604270002849
AFWVN52MRBWOTIK7UGXBWGOY4HBA,B08BRS98SF,All_Beauty,1596077526431
AFWVN52MRBWOTIK7UGXBWGOY4HBA,B0894LPRN2,All_Beauty,1595905888763
AFWVN52MRBWOTIK7UGXBWGOY4HBA,B07KG1TWP5,All_Beauty,1594595776808
AFWVN52MRBWOTIK7UGXBWGOY4HBA,B07MN1KJ15,All_Beauty,1593851504430
AFWVN52MRBWOTIK7UGXBWGOY4HBA,B08879N2W3,All_Beauty,1593668164675
AFWVN52MRBWOTIK7UGXBWGOY4HBA,B07W397QG4,All_Beauty,1592174821054
AFWVN52MRBWOTIK7UGXBWGOY4HBA,B086VYKNDF,All_Beauty,1591751272438
AFWVN52MRBWOTIK7UGXBWGOY4HBA,B07LCHCD6Q,All_Beauty,1555689209017
AFWVN52MRBWOTIK7UGXBWGOY4HBA,B071JMGPTH,All_Beauty,1544138590400
AFWVN52MRBWOTIK7UGXBWGOY4HBA,B007VXJK6E,All_Beauty,1342568231000
AGLHRXHXPXK6M7LUU4NZXE3GQFMA,B094VG2GKR,All_Beauty,1633197134865
AGKKCD6TYVYVC2EOWPV6W3DPXOWA,B01LXLVB5Q,All_Beauty,1521501642150
AET24VX4XLW3GZ2XNFXZNPTE2AVA,B07RD8KL9D,All_Beauty,1593203334488
AET24VX4XLW3GZ2XNFXZNPTE2AVA,B01IAX199Y,All_Beauty,1548703498279
AFDDEXBXGKNMWIZQLH3764LUZ7BQ,B09GNXK3N1,All_Beauty,1659396974076
AFYMNMPJ7TCETT3PK55JBS57I6DQ,B08SLNPD66,All_Beauty,1638394887039
AFQQQ5LGNSQUEBGDCYBAZZE5T3DA,B07N53XT2T,All_Beauty,1616016113603
AFQQQ5LGNSQUEBGDCYBAZZE5T3DA,B07K1LGWYB,All_Beauty,1615562997949
AFQQQ5LGNSQUEBGDCYBAZZE5T3DA,B08PVH18Z6,All_Beauty,1613597095455
AFQQQ5LGNSQUEBGDCYBAZZE5T3DA,B08H4SYXR4,All_Beauty,1604423044373
AFQQQ5LGNSQUEBGDCYBAZZE5T3DA,B08C71WBLC,All_Beauty,1603476184645
AFQQQ5LGNSQUEBGDCYBAZZE5T3DA,B08J3VX89W,All_Beauty,1603305176680
AFQQQ5LGNSQUEBGDCYBAZZE5T3DA,B08H2KSHZZ,All_Beauty,1603219657160
AFQQQ5LGNSQUEBGDCYBAZZE5T3DA,B08WCG4JCC,All_Beauty,1600120669811
AFQQQ5LGNSQUEBGDCYBAZZE5T3DA,B08CGFR74H,All_Beauty,1600009097137
AFQQQ5LGNSQUEBGDCYBAZZE5T3DA,B08WCG4JCC,All_Beauty,1599670255886
AFQQQ5LGNSQUEBGDCYBAZZE5T3DA,B07DFNPVSF,All_Beauty,1597681569330
AFQQQ5LGNSQUEBGDCYBAZZE5T3DA,B08BNNNMH5,All_Beauty,1596927321037
AFQQQ5LGNSQUEBGDCYBAZZE5T3DA,B08575Y9V3,All_Beauty,1595783032290
AFQQQ5LGNSQUEBGDCYBAZZE5T3DA,B07P4LLZS6,All_Beauty,1595609922802
AFQQQ5LGNSQUEBGDCYBAZZE5T3DA,B084MFFX5B,All_Beauty,1594062266873
AFQQQ5LGNSQUEBGDCYBAZZE5T3DA,B087LVRGN1,All_Beauty,1594061511452
AFQQQ5LGNSQUEBGDCYBAZZE5T3DA,B07ZS3DKL5,All_Beauty,1593625097634
AFQQQ5LGNSQUEBGDCYBAZZE5T3DA,B085SWH8RG,All_Beauty,1593187544786
AFQQQ5LGNSQUEBGDCYBAZZE5T3DA,B0842Z95FV,All_Beauty,1591809773059
AFQQQ5LGNSQUEBGDCYBAZZE5T3DA,B085C6RN9R,All_Beauty,1584657434170
AFQQQ5LGNSQUEBGDCYBAZZE5T3DA,B07PCLLWHJ,All_Beauty,1583863571467
AFQQQ5LGNSQUEBGDCYBAZZE5T3DA,B083QKQXCH,All_Beauty,1583174848067
AFQQQ5LGNSQUEBGDCYBAZZE5T3DA,B07RM722DH,All_Beauty,1583172004166
AFQQQ5LGNSQUEBGDCYBAZZE5T3DA,B0848VJ18X,All_Beauty,1582569041506
AFQQQ5LGNSQUEBGDCYBAZZE5T3DA,B07Z5BW8WL,All_Beauty,1582230857731
AFQQQ5LGNSQUEBGDCYBAZZE5T3DA,B0046BPTI2,All_Beauty,1581974143974
AFQQQ5LGNSQUEBGDCYBAZZE5T3DA,B07ZG3V78Z,All_Beauty,1581009311452
AFQQQ5LGNSQUEBGDCYBAZZE5T3DA,B07TNSGHVX,All_Beauty,1580765754206
AFQQQ5LGNSQUEBGDCYBAZZE5T3DA,B07XG74ZQ3,All_Beauty,1580583215715
AFQQQ5LGNSQUEBGDCYBAZZE5T3DA,B07XF5F1X9,All_Beauty,1578165361970
AFQQQ5LGNSQUEBGDCYBAZZE5T3DA,B07J1LYVHC,All_Beauty,1577225566969
AFQQQ5LGNSQUEBGDCYBAZZE5T3DA,B07NPWK167,All_Beauty,1577144708939
AFQQQ5LGNSQUEBGDCYBAZZE5T3DA,B019O277A0,All_Beauty,1576886354161
AFQQQ5LGNSQUEBGDCYBAZZE5T3DA,B07QG231LQ,All_Beauty,1576792023399
AFQQQ5LGNSQUEBGDCYBAZZE5T3DA,B07J2QZBTP,All_Beauty,1576781162840
AFQQQ5LGNSQUEBGDCYBAZZE5T3DA,B06Y44MMT6,All_Beauty,1543796311548
AFQQQ5LGNSQUEBGDCYBAZZE5T3DA,B01AWXGD3M,All_Beauty,1488571685000
AE6T5HPHZOJKN2BGUA3ZAVDKDOWQ,B078N4PJQY,All_Beauty,1549059146613
AEQ5KNRASE5F7HHXZJ7XRN6SBSWQ,B00UVN1H6C,All_Beauty,1559439111074
AFRZ3YEUSNVS6THSGMGSWWCMPJ5A,B01800LTG0,All_Beauty,1517790815912
AEKLWIFD6GVHWJKIC4QDCDYRNYKQ,B00BNARG9O,All_Beauty,1560351059878
AFLX66DKF6R3H6OEOC3TIVAYXZIQ,B082PW35NV,All_Beauty,1590494584901
AFLX66DKF6R3H6OEOC3TIVAYXZIQ,B07H8Y5QT2,All_Beauty,1540152932498
AFQ7WYW4KSH4VI5OVXCP2GV6PBRA,B07X4FLT7L,All_Beauty,1612843218308
AETGCWXC47MSMK6B2TLZ44KCFJZQ,B08YWJP9PJ,All_Beauty,1619087472258
AETGCWXC47MSMK6B2TLZ44KCFJZQ,B01L71F5XW,All_Beauty,1519089494463
AF5KHOHRF2PHDZVWJSYAVFUD7C2A,B0882TZR45,All_Beauty,1613158713991
AEKHCQJBDUCMVSTED7AMOZDC4COQ,B07L44GXXP,All_Beauty,1616267930583
AE5QIQBWPOWOLRSFTK5CXI53EGEA,B07927V3SQ,All_Beauty,1620061973147
AEJWQQYYOFNDGPKXLXJPNBTQLCAA,B074CQC2NG,All_Beauty,1520193927991
AER7BPYAMW5CAICYIJX7QW64MBIA,B01AS1T9O8,All_Beauty,1521509754787
AHI7SBHYECQUIS63BKXBHY325VVQ,B09V4FQRLN,All_Beauty,1653790207854
AHI7SBHYECQUIS63BKXBHY325VVQ,B09QSLMPR5,All_Beauty,1653790152450
AEHWOWAIPMPP2EN6C24JJQROQ5VQ,B07GRQ1FZ3,All_Beauty,1558344666992
AFJP74KDEKRSPJN5JINL452T6WNA,B08CKCV9HD,All_Beauty,1605655809782
AHVOLBWSTIHEM6VGNYMEQGVWR2YA,B074KD4PX2,All_Beauty,1533062465403
AF5PN3FPG5Z66P7Z7UWL56D6CGMA,B0BL3HSBZB,All_Beauty,1674411398983
AFB6GBEYFLU4ARUPS3MESCJPO6JA,B07WV6JHVM,All_Beauty,1581890088990
AFB6GBEYFLU4ARUPS3MESCJPO6JA,B075MPBJDF,All_Beauty,1568935503459
AEDKMXFNRORNCFUMIVSRCXZHQXQA,B0B2L218H2,All_Beauty,1613669058600
AHJ2CDYLH4BNPIDVY3TIDSBNRRPA,B079JPNPF3,All_Beauty,1546154772002
AF36B77ISO4OHA5GUTF46F4BJRMQ,B0756DJ3N9,All_Beauty,1523292912731
AF36B77ISO4OHA5GUTF46F4BJRMQ,B01KZNUGNC,All_Beauty,1496889336000
AHPBIP5JNVD4ZDTULYEAAX2PBDGQ,B07K5MGRZS,All_Beauty,1667883666641
AHPBIP5JNVD4ZDTULYEAAX2PBDGQ,B0974GWS7Z,All_Beauty,1645670901482
AFITKUE552XUTQQPEO4SIHWHLNMQ,B08L6H9B1H,All_Beauty,1619717251496
AFCXJZWRP5BLDWIOBUJ3TZG6OMBA,B07RX25PSS,All_Beauty,1605958100914
AE7ZR5DNB5MPPJ3KNECRHSDEDPUQ,B08F2ZJP48,All_Beauty,1605504915917
AFTLUVGQWKW6XSQ5TB6UER5Q263A,B0924GT395,All_Beauty,1641155480823
AFTLUVGQWKW6XSQ5TB6UER5Q263A,B08RYN11N9,All_Beauty,1637813050565
AFTLUVGQWKW6XSQ5TB6UER5Q263A,B09GVHT2D3,All_Beauty,1636609755321
AFTLUVGQWKW6XSQ5TB6UER5Q263A,B0868W34QW,All_Beauty,1634788179197
AFTLUVGQWKW6XSQ5TB6UER5Q263A,B093VL2JQQ,All_Beauty,1634703622638
AFTLUVGQWKW6XSQ5TB6UER5Q263A,B09766LY1D,All_Beauty,1634620228424
AFTLUVGQWKW6XSQ5TB6UER5Q263A,B09FDZTZ8Q,All_Beauty,1633493361989
AFTLUVGQWKW6XSQ5TB6UER5Q263A,B098JXHFJJ,All_Beauty,1633300299293
AFTLUVGQWKW6XSQ5TB6UER5Q263A,B0971V4RL1,All_Beauty,1633216734665
AFTLUVGQWKW6XSQ5TB6UER5Q263A,B09BN5TYK5,All_Beauty,1632284565449
AFTLUVGQWKW6XSQ5TB6UER5Q263A,B0924896KW,All_Beauty,1631484677201
AFTLUVGQWKW6XSQ5TB6UER5Q263A,B09BR43CS5,All_Beauty,1631396333149
AFTLUVGQWKW6XSQ5TB6UER5Q263A,B0932BXNKC,All_Beauty,1630730370399
AFTLUVGQWKW6XSQ5TB6UER5Q263A,B097Q6DQCD,All_Beauty,1629763023330
AFTLUVGQWKW6XSQ5TB6UER5Q263A,B098HXPSV3,All_Beauty,1629669965200
AFTLUVGQWKW6XSQ5TB6UER5Q263A,B099NQM7MF,All_Beauty,1629054964948
AFTLUVGQWKW6XSQ5TB6UER5Q263A,B08Z2TZTMY,All_Beauty,1627012363828
AFTLUVGQWKW6XSQ5TB6UER5Q263A,B0919SX5DN,All_Beauty,1626758945482
AFTLUVGQWKW6XSQ5TB6UER5Q263A,B08R2MJJV3,All_Beauty,1623708059221
AFTLUVGQWKW6XSQ5TB6UER5Q263A,B08JJC9594,All_Beauty,1623701272153
AFTLUVGQWKW6XSQ5TB6UER5Q263A,B093YZRFLW,All_Beauty,1623105219553
AFTLUVGQWKW6XSQ5TB6UER5Q263A,B08KFKKPBB,All_Beauty,1621788041474
AFTLUVGQWKW6XSQ5TB6UER5Q263A,B08F2RBJJ3,All_Beauty,1621623173577
AEUAL3EJKUSTNB4YY6STLYGTJALA,B0B8DB17VT,All_Beauty,1669695114467
AGZZ35KI6RBFZYHG4TZPOAIACVMA,B0881FJSHT,All_Beauty,1618857264713
AGZZ35KI6RBFZYHG4TZPOAIACVMA,B09Q3X5YWR,All_Beauty,1608179136707
AGZZ35KI6RBFZYHG4TZPOAIACVMA,B07DMD8M5T,All_Beauty,1608150154053
AGNUU3OZ4L7UGAXA72NJIDDFJYDQ,B007MB4YW0,All_Beauty,1519597518656
AGG63E55UYM5735FTMRLAXL4D5IQ,B07TK6647L,All_Beauty,1576628542044
AFWVC6NYAO5FZTS25VUIH3H73KZQ,B01MT3CBB6,All_Beauty,1597193878458
AFICQHAE6YOEIGE5TYZG5TN7OTRQ,B019TSJ9MI,All_Beauty,1473363029000
AFICQHAE6YOEIGE5TYZG5TN7OTRQ,B00HA72I8S,All_Beauty,1410982930000
AF4WLLHTQLRPEZ33OJDYG23MFLKQ,B08SQKBBP8,All_Beauty,1619999304729
AF4WLLHTQLRPEZ33OJDYG23MFLKQ,B087P9SLRC,All_Beauty,1616002109137
AF4WLLHTQLRPEZ33OJDYG23MFLKQ,B078BXGW8L,All_Beauty,1578199450059
AFV22L7AEKI2LW6HMLRLUKNYVBGQ,B08L5XMLFZ,All_Beauty,1606567678957
AFV22L7AEKI2LW6HMLRLUKNYVBGQ,B08B4RN9WN,All_Beauty,1600981489627
AFV22L7AEKI2LW6HMLRLUKNYVBGQ,B08CZ99R3K,All_Beauty,1600608861312
AFV22L7AEKI2LW6HMLRLUKNYVBGQ,B08B1PR9C7,All_Beauty,1599831207548
AFV22L7AEKI2LW6HMLRLUKNYVBGQ,B085M95TX2,All_Beauty,1590776980036
AFV22L7AEKI2LW6HMLRLUKNYVBGQ,B07VKKLHS6,All_Beauty,1573364776103
AFV22L7AEKI2LW6HMLRLUKNYVBGQ,B07W3FXQ23,All_Beauty,1572059993754
AFV22L7AEKI2LW6HMLRLUKNYVBGQ,B07V9V5R48,All_Beauty,1568738284832
AEPQSFDPLHZQ6Y5XB7IUBW4DY5YA,B01IPP2036,All_Beauty,1489507732000
AGV3JEME5YIGXADUTXWKVZS6Z7JA,B009SNONTO,All_Beauty,1505387218171
AHTVQZZNC6IVALR2CU2JCAG7FZIA,B0064QT9MO,All_Beauty,1581460885276
AFXFEXKD2XNGFLVJ2MMAXNYJSDAQ,B07QB96HW1,All_Beauty,1568925995715
AGTR4A6CYH6AGEIYCAPYPQZERZLQ,B01H1RGQGQ,All_Beauty,1486999572000
AGQFGXUGFSZHNRQGP7J24RVSLZSA,B00DR75MOM,All_Beauty,1420074541000
AGQFGXUGFSZHNRQGP7J24RVSLZSA,B000LX69SI,All_Beauty,1261767824000
AFM5NV37IAPIP2AZXEZTKP3BJWKQ,B07HH18JK6,All_Beauty,1541511894439
AFM5NV37IAPIP2AZXEZTKP3BJWKQ,B01BZVADRW,All_Beauty,1541511735430
AGFKWX5UV6XADCUDKYILHVF2GIQA,B07B8CN1MZ,All_Beauty,1587093908228
AGAM2CCKV52HI4YZU7ASZTSXA7YQ,B0BXB4J297,All_Beauty,1678571121367
AGAM2CCKV52HI4YZU7ASZTSXA7YQ,B0B1MBRVDS,All_Beauty,1661749238153
AGAM2CCKV52HI4YZU7ASZTSXA7YQ,B0B4JP5YD9,All_Beauty,1659768543856
AGAM2CCKV52HI4YZU7ASZTSXA7YQ,B08HVRP54L,All_Beauty,1654910784744
AGAM2CCKV52HI4YZU7ASZTSXA7YQ,B096YFBWGX,All_Beauty,1633138052769
AGAM2CCKV52HI4YZU7ASZTSXA7YQ,B0932Z1NM1,All_Beauty,1630609578211
AGAM2CCKV52HI4YZU7ASZTSXA7YQ,B08SVXBVBW,All_Beauty,1630284777853
AGAM2CCKV52HI4YZU7ASZTSXA7YQ,B08SG2MBRY,All_Beauty,1621575250672
AGAM2CCKV52HI4YZU7ASZTSXA7YQ,B08XJWLLKQ,All_Beauty,1620932469461
AGAM2CCKV52HI4YZU7ASZTSXA7YQ,B08JTNQFZY,All_Beauty,1612994678917
AGAM2CCKV52HI4YZU7ASZTSXA7YQ,B08L4HTQ3R,All_Beauty,1611551927699
AGAM2CCKV52HI4YZU7ASZTSXA7YQ,B08LFYMGS5,All_Beauty,1611548309557
AGAM2CCKV52HI4YZU7ASZTSXA7YQ,B083ST1B9D,All_Beauty,1610787779228
AGAM2CCKV52HI4YZU7ASZTSXA7YQ,B07YS9W97B,All_Beauty,1610765636781
AGAM2CCKV52HI4YZU7ASZTSXA7YQ,B08LYT4Q2X,All_Beauty,1607202914733
AGAM2CCKV52HI4YZU7ASZTSXA7YQ,B08CH5PC9W,All_Beauty,1606338770516
AGAM2CCKV52HI4YZU7ASZTSXA7YQ,B08M3C6LVS,All_Beauty,1605613110667
AGAM2CCKV52HI4YZU7ASZTSXA7YQ,B0851QJPZY,All_Beauty,1603740124160
AGAM2CCKV52HI4YZU7ASZTSXA7YQ,B08BB3P4VQ,All_Beauty,1601706559533
AGAM2CCKV52HI4YZU7ASZTSXA7YQ,B08DYFZMGJ,All_Beauty,1601115486588
AGAM2CCKV52HI4YZU7ASZTSXA7YQ,B08CL46XNM,All_Beauty,1599947601009
AGAM2CCKV52HI4YZU7ASZTSXA7YQ,B07ZS3DKL5,All_Beauty,1594722816304
AGAM2CCKV52HI4YZU7ASZTSXA7YQ,B087Z9X39L,All_Beauty,1594613631750
AGAM2CCKV52HI4YZU7ASZTSXA7YQ,B089RLLT5C,All_Beauty,1594605653363
AGAHANLSS7DG4ZHNPP5S56W4SKHA,B07TT8JK51,All_Beauty,1672923265267
AGAHANLSS7DG4ZHNPP5S56W4SKHA,B09FTLS5G4,All_Beauty,1661250552056
AGAHANLSS7DG4ZHNPP5S56W4SKHA,B0171UQIUW,All_Beauty,1581179990454
AEDDULPRRWJ3YVRQJEN56ENGJUDQ,B089LR2Y1S,All_Beauty,1636215354772
AGMZO7NPGHYPLCOCLMQEDGKNCHVA,B0BL2Q5PYZ,All_Beauty,1669050392120
AGMZO7NPGHYPLCOCLMQEDGKNCHVA,B09NKFQL53,All_Beauty,1657435246796
AGMZO7NPGHYPLCOCLMQEDGKNCHVA,B07N53XT2T,All_Beauty,1618821944944
AGMZO7NPGHYPLCOCLMQEDGKNCHVA,B083BLZJ9M,All_Beauty,1614913693947
AGMZO7NPGHYPLCOCLMQEDGKNCHVA,B08LCYPYYJ,All_Beauty,1614908720232
AGMZO7NPGHYPLCOCLMQEDGKNCHVA,B08M9TJ3NJ,All_Beauty,1612490745122
AGMZO7NPGHYPLCOCLMQEDGKNCHVA,B08H2KSHZZ,All_Beauty,1611025705067
AGMZO7NPGHYPLCOCLMQEDGKNCHVA,B001ENX2NY,All_Beauty,1373625451000
AGGMDRXIZJHBVVQFKU2LJ3LGICTA,B081TG4855,All_Beauty,1580200590579
AENWOKSUWWPH7FNTRNP6GPGTHRUA,B07FFBMBP4,All_Beauty,1639345897619
AEXTSZOMHUDQZ46764RKBNZ2WANA,B085BB7B1M,All_Beauty,1495547055000
AEXTSZOMHUDQZ46764RKBNZ2WANA,B00XDB3QTA,All_Beauty,1466003749000
AG7MO2XSVUHRZKH46X3QXC7LR32A,B08QV28D81,All_Beauty,1641946135758
AE6EPWEAGVOKWS42HYLLT2CZWTGQ,B001VPEFPY,All_Beauty,1470738729000
AGUNN5632O4AITGTUZQO77YKW5EQ,B06XHHGC49,All_Beauty,1504796875401
AGUNN5632O4AITGTUZQO77YKW5EQ,B008S59834,All_Beauty,1481912567000
AHMO6GV56HC3LYCVNNAPFNWF4HFQ,B010L3I6QA,All_Beauty,1461478317000
AEC4USL3AGDC4UZXCGL6AYRUCBBQ,B00L5HZCPU,All_Beauty,1411776623000
AFH37SUSDVJI6GWNF2YSSGAPUB7A,B07X5MHRCZ,All_Beauty,1597699676534
AFH37SUSDVJI6GWNF2YSSGAPUB7A,B081QTPRMP,All_Beauty,1592165525809
AH65KTF6RTJHRRSAQ62SCEO4YUAA,B0888TZ9W6,All_Beauty,1610755123373
AFEUJGH6HN52IP6H7ZD26KYZGEWQ,B000GBID0M,All_Beauty,1353794687000
AF224BZVIYKHVGJGPKGC3UAVTLQQ,B08QMNZ61J,All_Beauty,1619028441413
AGUFDVO4TYIFQHQUMDXFHSHH43BA,B00UB7D60I,All_Beauty,1536792279960
AGGOUUE2QZ23ABB7XE5SCBCGT63Q,B01LXDUVYL,All_Beauty,1555098464297
AERUWTJE5HQMM5BOWAHH5E6HFKEA,B01DAFX3V4,All_Beauty,1529964433471
AFCSIDWSKICZ5UH26NREKPW25X4A,B000RHMBSU,All_Beauty,1439143316000
AHTOYKLAV35TPN7AAWFB6Q5BIMYA,B07BR7FQSW,All_Beauty,1554106521639
AGBFYI2DDIKXC5Y4FARTYDTQBMFQ,B00LOPVX74,Amazon_Fashion,1578528394489
AFQLNQNQYFWQZPJQZS6V3NZU4QBQ,B07B4JXK8D,Amazon_Fashion,1608426246701
AHITBJSS7KYUBVZPX7M2WJCOIVKQ,B007ZSEQ4Q,Amazon_Fashion,1432344828000
AFVNEEPDEIH5SPUN5BWC6NKL3WNQ,B07F2BTFS9,Amazon_Fashion,1546289847095
AHSPLDNW5OOUK2PLH7GXLACFBZNQ,B00XESJTDE,Amazon_Fashion,1439476166000
AHTTU2FL6FCNBBAESCJHOHHSSW7A,B089S8MFCQ,Amazon_Fashion,1603306686690
AFWHJ6O3PV4JC7PVOJH6CPULO2KQ,B01MZDN9Z4,Amazon_Fashion,1497119249157
AEWJXW46LKSW22FWTGRYTLNE7TGA,B00N9X4XNU,Amazon_Fashion,1543584620566
AEQAYV7RXZEBXMQIQPL6KCT2CFWQ,B087M39LVV,Amazon_Fashion,1642721894143
AFNT6ZJCYQN3WDIKUSWHJDXNND2Q,B0799L7FMC,Amazon_Fashion,1532728417117
AF232QQ7UDHGQOVR6LZ3X7ZVQ3ZA,B077GN3YZJ,Amazon_Fashion,1514216248827
AEVPPTMG43C6GWSR7I2UGRQN7WFQ,B091GMMYPS,Amazon_Fashion,1644000508824
AHREXOGQPZDA6354MHH4ETSF3MCQ,B09DQ5M2BB,Amazon_Fashion,1634791843960
AHREXOGQPZDA6354MHH4ETSF3MCQ,B095M3HHTJ,Amazon_Fashion,1629080264160
AHREXOGQPZDA6354MHH4ETSF3MCQ,B089PWHFVW,Amazon_Fashion,1628867386110
AHREXOGQPZDA6354MHH4ETSF3MCQ,B097DQPCP2,Amazon_Fashion,1627391870221
AHREXOGQPZDA6354MHH4ETSF3MCQ,B092J4ZT1V,Amazon_Fashion,1623332463658
AH6CATODIVPVUOJEWHRSRCSKAOHA,B09QH7GPH1,Amazon_Fashion,1662821809743
AH6CATODIVPVUOJEWHRSRCSKAOHA,B07C3P1DKX,Amazon_Fashion,1570666644222
AEO4M665ZOCBF7HEFRMTUDHLSB5Q,B01E39FOVS,Amazon_Fashion,1483737958000
AEUH4EH6XHROLT7UZPUYU2YKTYMA,B08T8T8MT7,Amazon_Fashion,1618447535145
AEUH4EH6XHROLT7UZPUYU2YKTYMA,B08QSLJGDL,Amazon_Fashion,1618447494247
AEUH4EH6XHROLT7UZPUYU2YKTYMA,B0865YZ2KL,Amazon_Fashion,1618446829479
AFIWYBPRAGQIAJOBA4QGIKL2BZAQ,B01EBBUFGW,Amazon_Fashion,1618682003841
AFIWYBPRAGQIAJOBA4QGIKL2BZAQ,B07L4WVQM6,Amazon_Fashion,1566932332308
AHI3JGUFPMIJLPYTHBMTFAOZ4XFA,B074J8W9SQ,Amazon_Fashion,1534796722799
AEJDETWITK2KGACH7FUBMY33PPSQ,B072Q796CB,Amazon_Fashion,1512774053809
AFSKPY37N3C43SOI5IEXEK5JSIYA,B0BQJ61TXB,Amazon_Fashion,1674857583365
AFSKPY37N3C43SOI5IEXEK5JSIYA,B0856TH4LK,Amazon_Fashion,1587205458621
AFSKPY37N3C43SOI5IEXEK5JSIYA,B07ZWZ2595,Amazon_Fashion,1579433019201
AFSKPY37N3C43SOI5IEXEK5JSIYA,B07NY72H7W,Amazon_Fashion,1565639039659
AFSKPY37N3C43SOI5IEXEK5JSIYA,B07NX5RHZ2,Amazon_Fashion,1561338044117
AFSKPY37N3C43SOI5IEXEK5JSIYA,B07H92ZCQ9,Amazon_Fashion,1549712804435
AFSKPY37N3C43SOI5IEXEK5JSIYA,B07H1BKYPT,Amazon_Fashion,1549403115093
AFSKPY37N3C43SOI5IEXEK5JSIYA,B014IQAIXA,Amazon_Fashion,1458131654000
AE7Y5RLYIKHOZB5NKKOEKYG2SPSQ,B08JPSJDML,Amazon_Fashion,1608040912340
AFGEM6BXCYHUILEOA3P2ZYBEF2TA,B089ZSCRQP,Amazon_Fashion,1621569573063
AFGEM6BXCYHUILEOA3P2ZYBEF2TA,B088DW6R85,Amazon_Fashion,1617471313029
AHHBXLYVZCDODBPA2NTPSACJD6CA,B00Y1DODA0,Amazon_Fashion,1513541479197
AGC3Q6IXOVLTTDMS4Q55FPYUF6FQ,B01MTMQXHX,Amazon_Fashion,1483804509000
AEYS7TG2WOZAB7NLRVGTM5XZIG3Q,B085CG4FYD,Amazon_Fashion,1596561236317
AEOKAIB6OJVB5FRZGLEB3YAK5UBQ,B07BFFLLDN,Amazon_Fashion,1545869749590
AHX4XWVVQUKT3FCNWCVASDF4Q56Q,B08MQRXF33,Amazon_Fashion,1610218981855
AHX4XWVVQUKT3FCNWCVASDF4Q56Q,B07DXV99Z7,Amazon_Fashion,1533876221749
AHX4XWVVQUKT3FCNWCVASDF4Q56Q,B075RYVG5L,Amazon_Fashion,1509478574638
AF2FPW2AJZGXQGM6KQDTHTOL7E5Q,B07B9JFMSD,Amazon_Fashion,1548285923549
AEVZVWZP3S2J57XSTFN5LPQNOONA,B076H322XJ,Amazon_Fashion,1517597172581
AHZ6XMOLEWA67S3TX7IWEXXGWSOA,B07GVGMCPM,Amazon_Fashion,1549864732335
AFZUK3MTBIBEDQOPAK3OATUOUKLA,B098NYMTYH,Amazon_Fashion,1661808780730
AFZUK3MTBIBEDQOPAK3OATUOUKLA,B095CHR38Z,Amazon_Fashion,1645062075013
AFZUK3MTBIBEDQOPAK3OATUOUKLA,B071HMN7K8,Amazon_Fashion,1635309000822
AFZUK3MTBIBEDQOPAK3OATUOUKLA,B08JTPQNYQ,Amazon_Fashion,1618006763715
AFZUK3MTBIBEDQOPAK3OATUOUKLA,B074XF4KG4,Amazon_Fashion,1611092662402
AFZUK3MTBIBEDQOPAK3OATUOUKLA,B08KXH42H9,Amazon_Fashion,1607128372655
AFZUK3MTBIBEDQOPAK3OATUOUKLA,B08FRJ8WXR,Amazon_Fashion,1600428063956
AFZUK3MTBIBEDQOPAK3OATUOUKLA,B083JPWT8S,Amazon_Fashion,1592271678924
AFZUK3MTBIBEDQOPAK3OATUOUKLA,B086V77Y3R,Amazon_Fashion,1590657360877
AFZUK3MTBIBEDQOPAK3OATUOUKLA,B07WF6JNX5,Amazon_Fashion,1590214064067
AFZUK3MTBIBEDQOPAK3OATUOUKLA,B085L5SLNZ,Amazon_Fashion,1587968909874
AFZUK3MTBIBEDQOPAK3OATUOUKLA,B01LZUP2XY,Amazon_Fashion,1578850938354
AFZUK3MTBIBEDQOPAK3OATUOUKLA,B075Q24W9X,Amazon_Fashion,1558494291057
AFZUK3MTBIBEDQOPAK3OATUOUKLA,B07C1QG9MT,Amazon_Fashion,1556644492996
AFZUK3MTBIBEDQOPAK3OATUOUKLA,B07CCB3YG6,Amazon_Fashion,1556569421118
AFZUK3MTBIBEDQOPAK3OATUOUKLA,B07PGST3RL,Amazon_Fashion,1555012173366
AFZUK3MTBIBEDQOPAK3OATUOUKLA,B07C298CDP,Amazon_Fashion,1553055691744
AFZUK3MTBIBEDQOPAK3OATUOUKLA,B07MBY27VS,Amazon_Fashion,1550988878321
AFZUK3MTBIBEDQOPAK3OATUOUKLA,B07FL1QWX4,Amazon_Fashion,1549384654489
AFZUK3MTBIBEDQOPAK3OATUOUKLA,B01ARUW0FA,Amazon_Fashion,1544012274029
AFZUK3MTBIBEDQOPAK3OATUOUKLA,B07G14S8QC,Amazon_Fashion,1538013797020
AFZUK3MTBIBEDQOPAK3OATUOUKLA,B01BO85LE6,Amazon_Fashion,1536620873940
AFZUK3MTBIBEDQOPAK3OATUOUKLA,B01HXFGBEI,Amazon_Fashion,1536620342222
AFZUK3MTBIBEDQOPAK3OATUOUKLA,B07CXM43WL,Amazon_Fashion,1536616977573
AFZUK3MTBIBEDQOPAK3OATUOUKLA,B075W7HX3Y,Amazon_Fashion,1536616167494
AFZUK3MTBIBEDQOPAK3OATUOUKLA,B07DPP9GJY,Amazon_Fashion,1534982661011
AFZUK3MTBIBEDQOPAK3OATUOUKLA,B073QH4VC3,Amazon_Fashion,1506365144597
AFZUK3MTBIBEDQOPAK3OATUOUKLA,B01MU3HEGW,Amazon_Fashion,1488260309000
AFZUK3MTBIBEDQOPAK3OATUOUKLA,B00TDYS6M8,Amazon_Fashion,1486682003000
AFZUK3MTBIBEDQOPAK3OATUOUKLA,B01CK1AQWI,Amazon_Fashion,1483758324000
AFZUK3MTBIBEDQOPAK3OATUOUKLA,B00OFB4TMK,Amazon_Fashion,1472238393000
AFZUK3MTBIBEDQOPAK3OATUOUKLA,B00BAGDXYS,Amazon_Fashion,1461706936000
AFZUK3MTBIBEDQOPAK3OATUOUKLA,B014Q3C3OW,Amazon_Fashion,1458942208000
AFZUK3MTBIBEDQOPAK3OATUOUKLA,B00HHPN35U,Amazon_Fashion,1432697287000
AFZUK3MTBIBEDQOPAK3OATUOUKLA,B009045SIQ,Amazon_Fashion,1422878364000
AFZUK3MTBIBEDQOPAK3OATUOUKLA,B00B5HW9R4,Amazon_Fashion,1380134148000
AE2TA5GQH4JI5RQ4W5H5PQOVYBGA,B088GYQ3MW,Amazon_Fashion,1639072528143
AE2TA5GQH4JI5RQ4W5H5PQOVYBGA,B09BMWT4RJ,Amazon_Fashion,1638863819364
AE2TA5GQH4JI5RQ4W5H5PQOVYBGA,B097Q317ZL,Amazon_Fashion,1637277849313
AE2TA5GQH4JI5RQ4W5H5PQOVYBGA,B07MJR7PWZ,Amazon_Fashion,1606347731296
AGFUJ3EGB7VTLV3ZMKEZVRJHPA5Q,B06WWPCM3L,Amazon_Fashion,1538177162173
AGFUJ3EGB7VTLV3ZMKEZVRJHPA5Q,B071F3FD7H,Amazon_Fashion,1511831336638
AHFURURV4H35BXUUTXYMJYA36CTQ,B0833YCHF8,Amazon_Fashion,1583112815216
AHFURURV4H35BXUUTXYMJYA36CTQ,B017KJ62RI,Amazon_Fashion,1473460463000
AFKSYG2XHOCLCVDDKEZMWQTFFG7A,B07G6R2PQL,Amazon_Fashion,1574821289351
AFANVB6MPHJTCTFOVIEBKLWZ2GVA,B0781WHL1Q,Amazon_Fashion,1591890526361
AFANVB6MPHJTCTFOVIEBKLWZ2GVA,B015JHPKS0,Amazon_Fashion,1518445971153
AH4VGTN3VWRIESJMI4VGQHSQ4KRA,B09LMGVW7Q,Amazon_Fashion,1677420332620
AGF42GID7QWDCNFTJRCTMKAITJJA,B07WRN2K98,Amazon_Fashion,1578755808447
AEWLOQTKYUYRJ24NK4GD5CZTR7WA,B00O4D18FA,Amazon_Fashion,1470089763000
AEWLOQTKYUYRJ24NK4GD5CZTR7WA,B00NPAN5IG,Amazon_Fashion,1452899267000
AHQQ62COZ3ANN33IRXZ6Z4KF664A,B07VDCS9FW,Amazon_Fashion,1667443111504
AF7ZINXE6MF5H7AGHIMQIOBTRPOQ,B07526XQG7,Amazon_Fashion,1570893241060
AF7ZINXE6MF5H7AGHIMQIOBTRPOQ,B00DZ4J82E,Amazon_Fashion,1439131580000
AGD53FZJLNU4UOJE43EZTFFDJYTA,B00RNBZD7O,Amazon_Fashion,1497190487049
AFXF2A2PAFC2ZP6NG6VQOELRHHAQ,B01GKAEC6Q,Amazon_Fashion,1539688564476
AFXDYTFXJLX4YG3UD7W23W7Z5Y4A,B07D3JX6N9,Amazon_Fashion,1531925158044
AFXDYTFXJLX4YG3UD7W23W7Z5Y4A,B00U0HJR20,Amazon_Fashion,1486924013000
AECABX3OO3GK7FCPZLFM3LT2E6UA,B01FIG3AAM,Amazon_Fashion,1582463033032
AFVGL7HOHKHSR5N3EUAVLYSBZCTQ,B07BRBYJFT,Amazon_Fashion,1449862587000
AFWTME2ROGUQI5J5FB3DWCLKZNBA,B0119JTC3G,Amazon_Fashion,1458187789000
AHFZUNQFXSVVT6Z6BYKE5CLBX3KQ,B08ZSFZQVC,Amazon_Fashion,1657234534604
AHFZUNQFXSVVT6Z6BYKE5CLBX3KQ,B077TP7FFG,Amazon_Fashion,1655654801233
AGTP4V3GFJ3YGVKDYXDK3SJ5IAYA,B01BFEURRU,Amazon_Fashion,1516890787015
AG5Y7PRM4OD7TC23Q6S7KMNL2XNQ,B07NXQXJLY,Amazon_Fashion,1578769512254
AFSCQMP2EPYLGJN7OBTMEXCBE2OQ,B07DG29KRT,Amazon_Fashion,1622921980650
AFSCQMP2EPYLGJN7OBTMEXCBE2OQ,B08C7D6GB3,Amazon_Fashion,1618672022518
AGX547GEFL46LSQR3IDMX6TE5OJQ,B07DH9RH4J,Amazon_Fashion,1561229496864
AHEQRHKGEACLR3RSXRQ7TUIXZGSQ,B017GPT4P8,Amazon_Fashion,1603586279475
AFONEWN6ZE6PEAO6W45A3A2KK5TQ,B08W1YMWX1,Amazon_Fashion,1593064883062
AEH66QD7CSPM7ZVH7D7LRSA5HSNQ,B06Y2YGWBX,Amazon_Fashion,1532194877584
AEH66QD7CSPM7ZVH7D7LRSA5HSNQ,B07B4SCWPQ,Amazon_Fashion,1527871676973
AEH66QD7CSPM7ZVH7D7LRSA5HSNQ,B07CQYHLW3,Amazon_Fashion,1527369458212
AEH66QD7CSPM7ZVH7D7LRSA5HSNQ,B075FRY51W,Amazon_Fashion,1509306499648
AELIV6UHVC6Z6VA4MIZ464WUHDPA,B01LQ8BGCA,Amazon_Fashion,1530123180777
AELIV6UHVC6Z6VA4MIZ464WUHDPA,B06XRV55LV,Amazon_Fashion,1518474060327
AELIV6UHVC6Z6VA4MIZ464WUHDPA,B00S7PW1RK,Amazon_Fashion,1476710193000
AELIV6UHVC6Z6VA4MIZ464WUHDPA,B01EC05AZI,Amazon_Fashion,1474210514000
AELIV6UHVC6Z6VA4MIZ464WUHDPA,B01FFNBKH8,Amazon_Fashion,1474210454000
AELIV6UHVC6Z6VA4MIZ464WUHDPA,B010NK8VH0,Amazon_Fashion,1460989868000
AES7KKTN2JRDCH5T4H3O5HU7XZZQ,B076MYYDLZ,Amazon_Fashion,1523468769087
AF4XAUOI5XPGWHCPOTORKBIJSRDA,B07XL4F2CP,Amazon_Fashion,1580805350762
AF4XAUOI5XPGWHCPOTORKBIJSRDA,B073R6QW38,Amazon_Fashion,1516082017423
AFQYK6KHIOXLCBML22QP36NMPL4Q,B07JVJXWPQ,Amazon_Fashion,1544408509464
AGJXTLEOLLTIX5AAGFPBZ7CNNVOQ,B088C19PYW,Amazon_Fashion,1656192740695
AGJXTLEOLLTIX5AAGFPBZ7CNNVOQ,B09BSSLHQH,Amazon_Fashion,1656190080465
AGJXTLEOLLTIX5AAGFPBZ7CNNVOQ,B08438GZHW,Amazon_Fashion,1641429227455
AFZR3DMRF5KW3WM6LVZ6SGSBGQXQ,B000Q8772A,Amazon_Fashion,1248819028000
AGFWIDDE6JBJ5UPX7EZTSZELRCPQ,B01MUWDUR1,Amazon_Fashion,1528391150414
AHW7W34BLHHC4AYM4TPMLA2SWMMA,B01CFYU7FQ,Amazon_Fashion,1471959526000
AEZSZS7UV44CAJJR5FNEM4DZCWTQ,B07DGCXRHX,Amazon_Fashion,1619304837420
AEFLH72MFY4GRTNI3KZXNE4IUB2Q,B0167MDGWI,Amazon_Fashion,1427593874000
AEFLH72MFY4GRTNI3KZXNE4IUB2Q,B0167MDGWI,Amazon_Fashion,1427592854000
AGOWLR52GJKEQ6ARUX5V6TJP7QLA,B01HHFM76K,Amazon_Fashion,1633192562989
AGOWLR52GJKEQ6ARUX5V6TJP7QLA,B08ZN8XL4W,Amazon_Fashion,1631195491203
AGPBYMEVZKTYSCLNSN4YDADOIIKQ,B01IB4FZPQ,Amazon_Fashion,1497066977276
AH3P6JTB7K26CSMOMOL7OIIH5CRA,B07BLVN96H,Amazon_Fashion,1564099962423
AEVM64MVDOSEAVNMVLS7YIGL4YVA,B07HY3PZCY,Amazon_Fashion,1583038153507
AFXQDJLOL5GVFJRHGTU2LNMZHEMA,B07RFPH1LG,Amazon_Fashion,1580588363854
AGVVUU3QRQBHNASSGI5YQLPYOI2Q,B07RZVGFSV,Amazon_Fashion,1573345029169
AG2BJOE43JDTA64QMYS6WLUS37WA,B074DRXHB3,Amazon_Fashion,1573172004201
AEVQ3KP55X4XECXWMHN6DHIDBYFQ,B088H148PN,Amazon_Fashion,1595104844142
AHSDSJIJUZVBJXQJIKFJVCAOPGYA,B017FCX52K,Amazon_Fashion,1535906078501
AH4O5W3EM4CKQGHMBVTSPCJRYF7Q,B07Q4V4VMH,Amazon_Fashion,1604594456100
AH4O5W3EM4CKQGHMBVTSPCJRYF7Q,B01DXYP9Q4,Amazon_Fashion,1543155447261
AH4O5W3EM4CKQGHMBVTSPCJRYF7Q,B00PBUQP0S,Amazon_Fashion,1439552512000
AGFJAPF5SAJG4AGK3LXKAG7IT3PQ,B00TKHFAIG,Amazon_Fashion,1485182370000
AFPBVAEV3FCQOHKJJGAKQLZLTCZQ,B07YH8KXP2,Amazon_Fashion,1581276827970
AFFZVSTUS3U2ZD22A2NPZSKOCPGQ,B09YTRGBN1,Amazon_Fashion,1663544413917
AFFZVSTUS3U2ZD22A2NPZSKOCPGQ,B09XXGXGN7,Amazon_Fashion,1659830815883
AFFZVSTUS3U2ZD22A2NPZSKOCPGQ,B09C5TYLF1,Amazon_Fashion,1659655906600
AFFZVSTUS3U2ZD22A2NPZSKOCPGQ,B09C5W377G,Amazon_Fashion,1658342988991
AFFZVSTUS3U2ZD22A2NPZSKOCPGQ,B09V37SGZR,Amazon_Fashion,1657920493471
AFFZVSTUS3U2ZD22A2NPZSKOCPGQ,B08Y7GGWS9,Amazon_Fashion,1631332731562
AFFZVSTUS3U2ZD22A2NPZSKOCPGQ,B08NK7YF8G,Amazon_Fashion,1624044641310
AFFZVSTUS3U2ZD22A2NPZSKOCPGQ,B081JTYRHS,Amazon_Fashion,1603829648433
AFFZVSTUS3U2ZD22A2NPZSKOCPGQ,B089P1J9JW,Amazon_Fashion,1595651242265
AFFZVSTUS3U2ZD22A2NPZSKOCPGQ,B087BYD9D7,Amazon_Fashion,1595377232711
AFFZVSTUS3U2ZD22A2NPZSKOCPGQ,B082XSPTVV,Amazon_Fashion,1579556551498
AFFZVSTUS3U2ZD22A2NPZSKOCPGQ,B07WRDRVVJ,Amazon_Fashion,1574660224890
AFFZVSTUS3U2ZD22A2NPZSKOCPGQ,B07TG1XV95,Amazon_Fashion,1565402880348
AFO3G62P2JXCNMWZTAIB56KPG56A,B07VRBBX76,Amazon_Fashion,1569106779693
AHSAUHUTLVNKJ72GUIPGI5XZH6ZA,B089LYSN2B,Amazon_Fashion,1616865124815
AHSAUHUTLVNKJ72GUIPGI5XZH6ZA,B096LJKVFV,Amazon_Fashion,1546743748372
AHSAUHUTLVNKJ72GUIPGI5XZH6ZA,B0032C1WIC,Amazon_Fashion,1525746745119
AHT3NNPRGAN65K6ESCJNKI7TPWPA,B018GG94L0,Amazon_Fashion,1616141213683
AHATA6X6MYTC3VNBFJ3WIYVK257A,B09TSJCX4H,Amazon_Fashion,1657406045785
AHATA6X6MYTC3VNBFJ3WIYVK257A,B096KN8K63,Amazon_Fashion,1629175146150
AHATA6X6MYTC3VNBFJ3WIYVK257A,B07RCK1T7P,Amazon_Fashion,1628625443309
AHATA6X6MYTC3VNBFJ3WIYVK257A,B097S9264D,Amazon_Fashion,1627833493804
AHATA6X6MYTC3VNBFJ3WIYVK257A,B07ZJKMJMQ,Amazon_Fashion,1581550947848
AHATA6X6MYTC3VNBFJ3WIYVK257A,B07VQHJCNP,Amazon_Fashion,1576895241865
AHATA6X6MYTC3VNBFJ3WIYVK257A,B07S8S43J7,Amazon_Fashion,1567879366472
AHATA6X6MYTC3VNBFJ3WIYVK257A,B07MB551RP,Amazon_Fashion,1556391531448
AHATA6X6MYTC3VNBFJ3WIYVK257A,B07JQ632LL,Amazon_Fashion,1556232900010
AHATA6X6MYTC3VNBFJ3WIYVK257A,B07PF378X5,Amazon_Fashion,1555280261664
AHATA6X6MYTC3VNBFJ3WIYVK257A,B07HKVLTLT,Amazon_Fashion,1546549893662
AHATA6X6MYTC3VNBFJ3WIYVK257A,B07G4639N1,Amazon_Fashion,1541992612183
AHATA6X6MYTC3VNBFJ3WIYVK257A,B07GLW4RLN,Amazon_Fashion,1539698338504
AHATA6X6MYTC3VNBFJ3WIYVK257A,B0799L3D7P,Amazon_Fashion,1538923730011
AHATA6X6MYTC3VNBFJ3WIYVK257A,B07G5TK94Y,Amazon_Fashion,1538364500855
AHATA6X6MYTC3VNBFJ3WIYVK257A,B00KBAP9XW,Amazon_Fashion,1523626419324
AF5KFHNT3TQJ2GNSE3FCDFQOBICA,B07Z5ZL51W,Amazon_Fashion,1576026717283
AFTUR267URQRM65ZFY322SGQ7KJA,B01IGKVB12,Amazon_Fashion,1524663925910
AFA26DYXVLJYTYZ3KET77GE27N2A,B08R5CS6WD,Amazon_Fashion,1620445253969
AFA26DYXVLJYTYZ3KET77GE27N2A,B089QPXDGL,Amazon_Fashion,1611207578488
AFA26DYXVLJYTYZ3KET77GE27N2A,B07R3KF6FT,Amazon_Fashion,1595723191264
AFA26DYXVLJYTYZ3KET77GE27N2A,B072Q6GCPH,Amazon_Fashion,1537313399796
AFA26DYXVLJYTYZ3KET77GE27N2A,B07F3VB3QV,Amazon_Fashion,1533021222522
AFA26DYXVLJYTYZ3KET77GE27N2A,B01IW1OF7W,Amazon_Fashion,1516697221279
AFA26DYXVLJYTYZ3KET77GE27N2A,B0711Y2GJH,Amazon_Fashion,1511503436012
AFA26DYXVLJYTYZ3KET77GE27N2A,B06Y59TXS9,Amazon_Fashion,1511499556635
AFA26DYXVLJYTYZ3KET77GE27N2A,B07354232P,Amazon_Fashion,1510622259273
AFA26DYXVLJYTYZ3KET77GE27N2A,B014W1XAT0,Amazon_Fashion,1510617512185
AFA26DYXVLJYTYZ3KET77GE27N2A,B01A71XUE4,Amazon_Fashion,1483832757000
AFA26DYXVLJYTYZ3KET77GE27N2A,B01C6WY6BI,Amazon_Fashion,1476917287000
AHV6QCNBJNSGLATP56JAWJ3C4G2A,B09Y8QQ2B4,Amazon_Fashion,1655130016903
AHV6QCNBJNSGLATP56JAWJ3C4G2A,B09WHYZ7G5,Amazon_Fashion,1652214532271
AHV6QCNBJNSGLATP56JAWJ3C4G2A,B097HKHWL7,Amazon_Fashion,1648308860099
AHV6QCNBJNSGLATP56JAWJ3C4G2A,B09N8PP2GC,Amazon_Fashion,1645111438056
AHV6QCNBJNSGLATP56JAWJ3C4G2A,B09B25MTPX,Amazon_Fashion,1636771402033
AHV6QCNBJNSGLATP56JAWJ3C4G2A,B09DY37VMS,Amazon_Fashion,1636583196932
AHV6QCNBJNSGLATP56JAWJ3C4G2A,B09837YX93,Amazon_Fashion,1630257309541
AHV6QCNBJNSGLATP56JAWJ3C4G2A,B0989THWQF,Amazon_Fashion,1629896136781
AHV6QCNBJNSGLATP56JAWJ3C4G2A,B093Z64YPR,Amazon_Fashion,1625495571397
AHV6QCNBJNSGLATP56JAWJ3C4G2A,B091YND6VT,Amazon_Fashion,1624057465508
AHV6QCNBJNSGLATP56JAWJ3C4G2A,B08TW61TWK,Amazon_Fashion,1622552355108
AHV6QCNBJNSGLATP56JAWJ3C4G2A,B08XZLXJHX,Amazon_Fashion,1621892923172
AHV6QCNBJNSGLATP56JAWJ3C4G2A,B0922RGTHT,Amazon_Fashion,1621371945025
AHV6QCNBJNSGLATP56JAWJ3C4G2A,B08VRLY5HL,Amazon_Fashion,1620262176990
AHV6QCNBJNSGLATP56JAWJ3C4G2A,B08XZYLB66,Amazon_Fashion,1619554291690
AHV6QCNBJNSGLATP56JAWJ3C4G2A,B08TMBGRWT,Amazon_Fashion,1619216545249
AHV6QCNBJNSGLATP56JAWJ3C4G2A,B08MBBG99H,Amazon_Fashion,1617131470118
AHV6QCNBJNSGLATP56JAWJ3C4G2A,B08R68C5LF,Amazon_Fashion,1616971056064
AHV6QCNBJNSGLATP56JAWJ3C4G2A,B08Q7QMHB9,Amazon_Fashion,1613919323150
AHV6QCNBJNSGLATP56JAWJ3C4G2A,B08J7Y36VN,Amazon_Fashion,1613181369230
AHV6QCNBJNSGLATP56JAWJ3C4G2A,B08PBK3JMY,Amazon_Fashion,1610814261397
AHV6QCNBJNSGLATP56JAWJ3C4G2A,B08NDTC7TM,Amazon_Fashion,1610203629495
AHV6QCNBJNSGLATP56JAWJ3C4G2A,B08MTHZ186,Amazon_Fashion,1610133983557
AHV6QCNBJNSGLATP56JAWJ3C4G2A,B08J3RVZ6N,Amazon_Fashion,1608759676607
AHV6QCNBJNSGLATP56JAWJ3C4G2A,B082CGSJW3,Amazon_Fashion,1607743990910
AHV6QCNBJNSGLATP56JAWJ3C4G2A,B08JMD64XM,Amazon_Fashion,1605652672695
AHV6QCNBJNSGLATP56JAWJ3C4G2A,B08F5CN6GN,Amazon_Fashion,1605405999631
AHV6QCNBJNSGLATP56JAWJ3C4G2A,B08FF8B2RK,Amazon_Fashion,1604276453106
AHV6QCNBJNSGLATP56JAWJ3C4G2A,B08FYCDPGZ,Amazon_Fashion,1601946031312
AHV6QCNBJNSGLATP56JAWJ3C4G2A,B08CVSCWWS,Amazon_Fashion,1600198748480
AHV6QCNBJNSGLATP56JAWJ3C4G2A,B088LX7PDV,Amazon_Fashion,1594921472755
AHV6QCNBJNSGLATP56JAWJ3C4G2A,B082363DFL,Amazon_Fashion,1586729387710
AHV6QCNBJNSGLATP56JAWJ3C4G2A,B085MKV1T8,Amazon_Fashion,1586624253434
AHV6QCNBJNSGLATP56JAWJ3C4G2A,B07W8FK4CX,Amazon_Fashion,1583380431592
AHV6QCNBJNSGLATP56JAWJ3C4G2A,B07YN9BKRM,Amazon_Fashion,1583074432622
AHV6QCNBJNSGLATP56JAWJ3C4G2A,B07X3VWSY7,Amazon_Fashion,1582031705888
AHV6QCNBJNSGLATP56JAWJ3C4G2A,B0838YH62T,Amazon_Fashion,1581715306064
AHV6QCNBJNSGLATP56JAWJ3C4G2A,B07S6LDKNR,Amazon_Fashion,1579976415190
AHV6QCNBJNSGLATP56JAWJ3C4G2A,B0822NX58K,Amazon_Fashion,1579186314322
AHV6QCNBJNSGLATP56JAWJ3C4G2A,B07Y53TB54,Amazon_Fashion,1579105450563
AHV6QCNBJNSGLATP56JAWJ3C4G2A,B07YJNLGYP,Amazon_Fashion,1576974334535
AHV6QCNBJNSGLATP56JAWJ3C4G2A,B07Z93YLYP,Amazon_Fashion,1575908925513
AHV6QCNBJNSGLATP56JAWJ3C4G2A,B07RJWZWKL,Amazon_Fashion,1574374307190
AHV6QCNBJNSGLATP56JAWJ3C4G2A,B07Q9J8BRV,Amazon_Fashion,1571087614060
AHV6QCNBJNSGLATP56JAWJ3C4G2A,B07SG2WR16,Amazon_Fashion,1566510469023
AHV6QCNBJNSGLATP56JAWJ3C4G2A,B07S7T7M6Q,Amazon_Fashion,1565615698246
AHV6QCNBJNSGLATP56JAWJ3C4G2A,B09BFWLF3Z,Amazon_Fashion,1563587352483
AHV6QCNBJNSGLATP56JAWJ3C4G2A,B07QXB9SWH,Amazon_Fashion,1560884299398
AHV6QCNBJNSGLATP56JAWJ3C4G2A,B07P9THG5J,Amazon_Fashion,1559957857597
AHV6QCNBJNSGLATP56JAWJ3C4G2A,B07PMK7SK2,Amazon_Fashion,1557579356349
AHV6QCNBJNSGLATP56JAWJ3C4G2A,B09WL4GSH9,Amazon_Fashion,1557139253593
AHV6QCNBJNSGLATP56JAWJ3C4G2A,B07GB8XWYY,Amazon_Fashion,1550841096693
AHV6QCNBJNSGLATP56JAWJ3C4G2A,B07H5K8FW2,Amazon_Fashion,1546946136455
AHV6QCNBJNSGLATP56JAWJ3C4G2A,B07GYP6VGH,Amazon_Fashion,1544097093225
AHV6QCNBJNSGLATP56JAWJ3C4G2A,B07GPN24VD,Amazon_Fashion,1543887677630
AHV6QCNBJNSGLATP56JAWJ3C4G2A,B07FSG95BK,Amazon_Fashion,1541024429610
AHV6QCNBJNSGLATP56JAWJ3C4G2A,B086QL41ZX,Amazon_Fashion,1540156769850
AHV6QCNBJNSGLATP56JAWJ3C4G2A,B07GZBMVXJ,Amazon_Fashion,1539566057171
AHV6QCNBJNSGLATP56JAWJ3C4G2A,B07D4PM1XL,Amazon_Fashion,1534695921845
AHV6QCNBJNSGLATP56JAWJ3C4G2A,B01G57P27C,Amazon_Fashion,1473905898000
AHV6QCNBJNSGLATP56JAWJ3C4G2A,B01IX33TWG,Amazon_Fashion,1471184242000
AHV6QCNBJNSGLATP56JAWJ3C4G2A,B01IW668K4,Amazon_Fashion,1470310391000
AHV6QCNBJNSGLATP56JAWJ3C4G2A,B01HE07GH8,Amazon_Fashion,1467899210000
AHV6QCNBJNSGLATP56JAWJ3C4G2A,B01CZQ4JXU,Amazon_Fashion,1467207587000
AHV6QCNBJNSGLATP56JAWJ3C4G2A,B012O733N2,Amazon_Fashion,1466296983000
AHV6QCNBJNSGLATP56JAWJ3C4G2A,B0116GAWXG,Amazon_Fashion,1465249998000
AHV6QCNBJNSGLATP56JAWJ3C4G2A,B01B9IGEC4,Amazon_Fashion,1464523783000
AHV6QCNBJNSGLATP56JAWJ3C4G2A,B01C415KXY,Amazon_Fashion,1464522095000
AHV6QCNBJNSGLATP56JAWJ3C4G2A,B01BRVINCC,Amazon_Fashion,1464472418000
AHV6QCNBJNSGLATP56JAWJ3C4G2A,B01E4UPXVC,Amazon_Fashion,1463138189000
AHV6QCNBJNSGLATP56JAWJ3C4G2A,B01DY7H5OO,Amazon_Fashion,1462235572000
AHV6QCNBJNSGLATP56JAWJ3C4G2A,B017WVB27E,Amazon_Fashion,1461240725000
AHV6QCNBJNSGLATP56JAWJ3C4G2A,B00QH4IQ4A,Amazon_Fashion,1459203859000
AHV6QCNBJNSGLATP56JAWJ3C4G2A,B00U2NRNCS,Amazon_Fashion,1457478916000
AHV6QCNBJNSGLATP56JAWJ3C4G2A,B01B0EDHZ4,Amazon_Fashion,1456669530000
AHV6QCNBJNSGLATP56JAWJ3C4G2A,B014V3NUU8,Amazon_Fashion,1454971381000
AHV6QCNBJNSGLATP56JAWJ3C4G2A,B016ZF6OZ8,Amazon_Fashion,1451941049000
AHV6QCNBJNSGLATP56JAWJ3C4G2A,B0110BO9NG,Amazon_Fashion,1447294299000
AH5APOJ6RSZCRQOCQ24R7IUO6YIA,B07BC7X9XV,Amazon_Fashion,1575022356854
AH5APOJ6RSZCRQOCQ24R7IUO6YIA,B07H2VSMJG,Amazon_Fashion,1575022274871
AEITH2MBDGMCSAZSBNAYOEBOJXFA,B01N7KQXWF,Amazon_Fashion,1569174395567
AEITH2MBDGMCSAZSBNAYOEBOJXFA,B01FKYBRKM,Amazon_Fashion,1470277284000
AEITH2MBDGMCSAZSBNAYOEBOJXFA,B01CA1E4K8,Amazon_Fashion,1470277056000
AEITH2MBDGMCSAZSBNAYOEBOJXFA,B0067UACMI,Amazon_Fashion,1352754665000
AHYB7U5MR2OG5BJPAVS5K5AZQCSA,B07HFPBWYH,Amazon_Fashion,1562303886539
AHYB7U5MR2OG5BJPAVS5K5AZQCSA,B00UB56HMY,Amazon_Fashion,1435504023000
AEVLPO2NHUQOLLCLFH75UHGJPMLA,B08HN1XM6W,Amazon_Fashion,1610337893956
AFAMOLAPKR3M2NPTMB362T2Q5RBQ,B07FVXBLVH,Amazon_Fashion,1578754185922
AFAMOLAPKR3M2NPTMB362T2Q5RBQ,B01N4AVFA9,Amazon_Fashion,1568197355272
AFUDWIMEA2LWNVEGMVVEOXFDBZTA,B016WGK28U,Amazon_Fashion,1461259456000
AEMJ2EG5ODOCYUTI54NBXZHDJGSQ,B08BHN7RYW,Amazon_Fashion,1608397753506
AEMJ2EG5ODOCYUTI54NBXZHDJGSQ,B0861ZDWVH,Amazon_Fashion,1605449438028
AEPQUIWJI7FYDURUJIDWLMPBU2KA,B07FZVTNLG,Amazon_Fashion,1547230655481
AEPQUIWJI7FYDURUJIDWLMPBU2KA,B01FFU42X0,Amazon_Fashion,1475421363000
AG7WKTZINOFIXMZJYIPKIB7PV7NQ,B088K6Y2WG,Amazon_Fashion,1619158723601
AG7WKTZINOFIXMZJYIPKIB7PV7NQ,B013J30J46,Amazon_Fashion,1548901585781
AEHVSZ72XXI4SU6XUNXMJAXUYN6Q,B01MATMD0T,Amazon_Fashion,1486246076000
AEHVSZ72XXI4SU6XUNXMJAXUYN6Q,B00823QRNG,Amazon_Fashion,1434008102000
AEE4BXFE7TFTVFCF67SANXQOQBVA,B09QFJGKM5,Amazon_Fashion,1616296910845
AEE4BXFE7TFTVFCF67SANXQOQBVA,B07KLZ8JSB,Amazon_Fashion,1550451967617
AEE4BXFE7TFTVFCF67SANXQOQBVA,B01LYGWIHK,Amazon_Fashion,1478455308000
AER3KQQTR7T3N6ZIOUMB4VDALL2Q,B01BPUFAEY,Amazon_Fashion,1515864224862
AER3KQQTR7T3N6ZIOUMB4VDALL2Q,B014IML3HE,Amazon_Fashion,1514031875685
AER3KQQTR7T3N6ZIOUMB4VDALL2Q,B06XSR8R6S,Amazon_Fashion,1514029676265
AER3KQQTR7T3N6ZIOUMB4VDALL2Q,B013GOYODK,Amazon_Fashion,1478476041000
AG3XU5GJ7ATYTRQ3664DTIOF2BRA,B01MT2SMJD,Amazon_Fashion,1578490432425
AHNI7LY6NHWHIORTEVNZNBEK6KTQ,B00CQIFV12,Amazon_Fashion,1427611672000
AHNI7LY6NHWHIORTEVNZNBEK6KTQ,B00EVOQ84I,Amazon_Fashion,1406667210000
AGBO5SEPWTF5NLYD33PFPGGVRUJQ,B07RCZ3YZ9,Amazon_Fashion,1618936973906
AGBO5SEPWTF5NLYD33PFPGGVRUJQ,B089D2F17H,Amazon_Fashion,1597007266137
AEHWUHNTB5FX32HJ7UBOZ2WWUX3Q,B07WLM19BD,Amazon_Fashion,1600303974045
AGTPMXNQ5K32JUR6WXYSTCRBIVZA,B08CX4VXV7,Amazon_Fashion,1620404365822
AH67BI7JTOFR35HMZYFVOEHM4CPQ,B09LS6C31F,Amazon_Fashion,1635293095209
AGNYBNJTU624N33KWBRWHTLIVXRQ,B072LNCHD1,Amazon_Fashion,1513449142169
AFVP66AZENGK2SKTLADNPJGIYPTQ,B072S98R1S,Amazon_Fashion,1552640883331
AFH6JVL73CZOVTQ2LR3IG27HRNKQ,B07FQVCTD1,Amazon_Fashion,1605683070576
AG2UEDPK43QC5AU6HZTCBANPW2FQ,B076P7C6P4,Amazon_Fashion,1549533983419
AHQE5UGNEVWAJN6X7JN6RNQTIPWQ,B0B16Q1854,Amazon_Fashion,1620645157191
AHQE5UGNEVWAJN6X7JN6RNQTIPWQ,B01BYH3KFO,Amazon_Fashion,1548290945844
AHQE5UGNEVWAJN6X7JN6RNQTIPWQ,B078TMX67P,Amazon_Fashion,1530815768486
AHQE5UGNEVWAJN6X7JN6RNQTIPWQ,B01F87F3LU,Amazon_Fashion,1500504874007
AHQE5UGNEVWAJN6X7JN6RNQTIPWQ,B01IESXKVK,Amazon_Fashion,1489091985000
AGVFBOZNHUPLBZIGSFDXDUQUXXOA,B098B6L6H7,Amazon_Fashion,1632164630798
AG4RDNEXBUS7SKHLYCZHG2Z4FZ5Q,B091L5MNDP,Amazon_Fashion,1630140831905
AFB2YVTRAJW2GCUQMBBNHEPNXCGA,B07JQ1G3PJ,Amazon_Fashion,1596772784213
AFJBKPK5W56XWSNPQU2WW66ISWYQ,B0BV272LGJ,Amazon_Fashion,1678294362549
AFJBKPK5W56XWSNPQU2WW66ISWYQ,B0B4K33SXY,Amazon_Fashion,1664252774243
AFJBKPK5W56XWSNPQU2WW66ISWYQ,B0B8MHXHBW,Amazon_Fashion,1664251025926
AFJBKPK5W56XWSNPQU2WW66ISWYQ,B0B4ZXPR3N,Amazon_Fashion,1661653761886
AFJBKPK5W56XWSNPQU2WW66ISWYQ,B09KBSMRXB,Amazon_Fashion,1660951886853
AFJBKPK5W56XWSNPQU2WW66ISWYQ,B0B5Y67C7G,Amazon_Fashion,1660863821876
AFJBKPK5W56XWSNPQU2WW66ISWYQ,B0B2N3JTHZ,Amazon_Fashion,1658068958133
AFJBKPK5W56XWSNPQU2WW66ISWYQ,B09ZPZWNMW,Amazon_Fashion,1655841382810
AFJBKPK5W56XWSNPQU2WW66ISWYQ,B09NDW77JF,Amazon_Fashion,1651295552784
AFJBKPK5W56XWSNPQU2WW66ISWYQ,B09PN5PF76,Amazon_Fashion,1648920325438
AFJBKPK5W56XWSNPQU2WW66ISWYQ,B09P35LHS4,Amazon_Fashion,1647552220880
AFJBKPK5W56XWSNPQU2WW66ISWYQ,B09M2R8DWF,Amazon_Fashion,1647046759733
AFJBKPK5W56XWSNPQU2WW66ISWYQ,B09LYRKLNG,Amazon_Fashion,1646832747530
AFJBKPK5W56XWSNPQU2WW66ISWYQ,B0966HM7VY,Amazon_Fashion,1646832395790
AFJBKPK5W56XWSNPQU2WW66ISWYQ,B09Q87DY13,Amazon_Fashion,1646340893259
AFJBKPK5W56XWSNPQU2WW66ISWYQ,B09GYMGTB6,Amazon_Fashion,1642459207321
AFJBKPK5W56XWSNPQU2WW66ISWYQ,B09JYM5XG5,Amazon_Fashion,1640360167284
AFJBKPK5W56XWSNPQU2WW66ISWYQ,B098WNR3Z1,Amazon_Fashion,1638285459972
AFJBKPK5W56XWSNPQU2WW66ISWYQ,B09371L23P,Amazon_Fashion,1634615030146
AFJBKPK5W56XWSNPQU2WW66ISWYQ,B0931SMV3W,Amazon_Fashion,1630720303069
AFJBKPK5W56XWSNPQU2WW66ISWYQ,B09567CLR4,Amazon_Fashion,1628354898770
AFJBKPK5W56XWSNPQU2WW66ISWYQ,B093H2RLQT,Amazon_Fashion,1626014079876
AFJBKPK5W56XWSNPQU2WW66ISWYQ,B08Z6Z85RS,Amazon_Fashion,1623207864715
AFJBKPK5W56XWSNPQU2WW66ISWYQ,B08ZDRP74T,Amazon_Fashion,1622210006023
AFJBKPK5W56XWSNPQU2WW66ISWYQ,B08ZMJZ5MM,Amazon_Fashion,1621464383568
AFJBKPK5W56XWSNPQU2WW66ISWYQ,B08WWV4Z7G,Amazon_Fashion,1621461852595
AFJBKPK5W56XWSNPQU2WW66ISWYQ,B08ZH7VYCY,Amazon_Fashion,1621178727375
AFJBKPK5W56XWSNPQU2WW66ISWYQ,B08T78458D,Amazon_Fashion,1621020776696
AFJBKPK5W56XWSNPQU2WW66ISWYQ,B08Y8MBB27,Amazon_Fashion,1620498002675
AFJBKPK5W56XWSNPQU2WW66ISWYQ,B08XWZ37HH,Amazon_Fashion,1619194825357
AFJBKPK5W56XWSNPQU2WW66ISWYQ,B08R9CSJVL,Amazon_Fashion,1618721943738
AFJBKPK5W56XWSNPQU2WW66ISWYQ,B08PFNN322,Amazon_Fashion,1617913772077
AFJBKPK5W56XWSNPQU2WW66ISWYQ,B08T5ZDGSZ,Amazon_Fashion,1617294468644
AFJBKPK5W56XWSNPQU2WW66ISWYQ,B08VNP6PR5,Amazon_Fashion,1616020360509
AFJBKPK5W56XWSNPQU2WW66ISWYQ,B08S3PT2P9,Amazon_Fashion,1614911609602
AFJBKPK5W56XWSNPQU2WW66ISWYQ,B08NF7ZXHJ,Amazon_Fashion,1608511142160
AFJBKPK5W56XWSNPQU2WW66ISWYQ,B08FCGKF3G,Amazon_Fashion,1602003753732
AFJBKPK5W56XWSNPQU2WW66ISWYQ,B0BGTMXDL8,Amazon_Fashion,1602003591605
AFJBKPK5W56XWSNPQU2WW66ISWYQ,B08CJDC7F8,Amazon_Fashion,1601321207417
AFJBKPK5W56XWSNPQU2WW66ISWYQ,B07RB24X99,Amazon_Fashion,1600372215002
AFJBKPK5W56XWSNPQU2WW66ISWYQ,B08G4R826M,Amazon_Fashion,1600275974016
AFJBKPK5W56XWSNPQU2WW66ISWYQ,B08F2SDSM6,Amazon_Fashion,1599973641586
AFJBKPK5W56XWSNPQU2WW66ISWYQ,B08BFV75CR,Amazon_Fashion,1597207747099
AFJBKPK5W56XWSNPQU2WW66ISWYQ,B08BFVMFWQ,Amazon_Fashion,1597207669456
AFJBKPK5W56XWSNPQU2WW66ISWYQ,B082363DFL,Amazon_Fashion,1585431902648
AFJBKPK5W56XWSNPQU2WW66ISWYQ,B081VY69MJ,Amazon_Fashion,1585431810845
AFJBKPK5W56XWSNPQU2WW66ISWYQ,B07ZJQYVWK,Amazon_Fashion,1581566216033
AFJBKPK5W56XWSNPQU2WW66ISWYQ,B07XX15LNL,Amazon_Fashion,1579617793169
AFJBKPK5W56XWSNPQU2WW66ISWYQ,B0821ZM3S5,Amazon_Fashion,1578987763579
AFJBKPK5W56XWSNPQU2WW66ISWYQ,B0823PRRFC,Amazon_Fashion,1578763353781
AFJBKPK5W56XWSNPQU2WW66ISWYQ,B07ZRN8CB7,Amazon_Fashion,1575872629656
AFJBKPK5W56XWSNPQU2WW66ISWYQ,B07RHSQC93,Amazon_Fashion,1574295865341
AFJBKPK5W56XWSNPQU2WW66ISWYQ,B07QKVGZ6V,Amazon_Fashion,1564238607345
AFJBKPK5W56XWSNPQU2WW66ISWYQ,B07R6L27HG,Amazon_Fashion,1559677483808
AFJBKPK5W56XWSNPQU2WW66ISWYQ,B07Q6CQ2LL,Amazon_Fashion,1555631080688
AFJBKPK5W56XWSNPQU2WW66ISWYQ,B07JNQZ1CX,Amazon_Fashion,1554152687664
AFJBKPK5W56XWSNPQU2WW66ISWYQ,B07GPTHY4K,Amazon_Fashion,1543426229264
AFJBKPK5W56XWSNPQU2WW66ISWYQ,B07GSDC16Y,Amazon_Fashion,1543426087458
AFJBKPK5W56XWSNPQU2WW66ISWYQ,B07GYHPG37,Amazon_Fashion,1542413415143
AFJBKPK5W56XWSNPQU2WW66ISWYQ,B07GBGPHQJ,Amazon_Fashion,1536285326961
AFJBKPK5W56XWSNPQU2WW66ISWYQ,B07CWN734Y,Amazon_Fashion,1532814025381
AFB6OR5RIL4UP5HCNAYDCP24UQ4Q,B08QM77HZG,Amazon_Fashion,1617295702780
AGQKBA5POXDOUO4U43YF2LNEZPLA,B07BCB2KTX,Amazon_Fashion,1622833775878
AHV6WYWX6JIJW2MKRNGFIB54K7AA,B00IAQXHWE,Amazon_Fashion,1405717116000
AF4IKJMS4TPSLWTXBJHRJ542XQAA,B08FKY47B2,Amazon_Fashion,1634660578486
AF4IKJMS4TPSLWTXBJHRJ542XQAA,B07H9DGW72,Amazon_Fashion,1602818873339
AHJLO5VWFBKI3RWBCLC6OMXJQIXQ,B08MQHJ1M7,Amazon_Fashion,1619918958237
AH7WTN7TCK5JXMZ6G224FKEG65UQ,B07ZCSHQ7H,Amazon_Fashion,1583885319368
AH7WTN7TCK5JXMZ6G224FKEG65UQ,B082NJ9NJ7,Amazon_Fashion,1581380847532
AH7WTN7TCK5JXMZ6G224FKEG65UQ,B07GX1SHCL,Amazon_Fashion,1565164577288
AGGLOHDR6L7GZMIFCGXPPHS23OTQ,B09QFJGKM5,Amazon_Fashion,1578897983000
AEIMJ5XEUIE4TKJLGSZYNNKB2WDQ,B07H9TPQYD,Amazon_Fashion,1576302702096
AEIMJ5XEUIE4TKJLGSZYNNKB2WDQ,B07Q25B5GK,Amazon_Fashion,1570341751067
AEIMJ5XEUIE4TKJLGSZYNNKB2WDQ,B01F980LCO,Amazon_Fashion,1562203202744
AEIMJ5XEUIE4TKJLGSZYNNKB2WDQ,B07LGTPWZ7,Amazon_Fashion,1562202144565
AEIMJ5XEUIE4TKJLGSZYNNKB2WDQ,B07283XSDB,Amazon_Fashion,1546757263659
AEIMJ5XEUIE4TKJLGSZYNNKB2WDQ,B077HYT7C8,Amazon_Fashion,1535998770934
AEIMJ5XEUIE4TKJLGSZYNNKB2WDQ,B010S7S0DS,Amazon_Fashion,1535998750965
AEIMJ5XEUIE4TKJLGSZYNNKB2WDQ,B0795PF8H7,Amazon_Fashion,1535430500993
AEIMJ5XEUIE4TKJLGSZYNNKB2WDQ,B01M9GNSNP,Amazon_Fashion,1489445642000
AEIMJ5XEUIE4TKJLGSZYNNKB2WDQ,B00W6UYIS2,Amazon_Fashion,1489444358000
AHH4EDVBK4H6ZWPSCSNQHX3BRKZA,B09JWH7FQQ,Amazon_Fashion,1650838193809
AGWMXUNLBBX7IGNFTYR2MV2LLLJQ,B07CB8J178,Amazon_Fashion,1576881379497
AFWK5HW3FB4HNVYJUHU5ZW7NPCYA,B082V1KTLQ,Amazon_Fashion,1657133554502
AFWK5HW3FB4HNVYJUHU5ZW7NPCYA,B08RZ54YSW,Amazon_Fashion,1626754239406
AEFLZ7L6TGJDCP4D4KYZSOXLSWVA,B07KKB5FD6,Amazon_Fashion,1552763617100
AEFLZ7L6TGJDCP4D4KYZSOXLSWVA,B00LP1FYZE,Amazon_Fashion,1468808346000
AFDMZ4TRX3HXQQUGWAHJQTIF65BQ,B085T9QS34,Amazon_Fashion,1643580366210
AFDMZ4TRX3HXQQUGWAHJQTIF65BQ,B08HPGJXZM,Amazon_Fashion,1633892310217
AFDMZ4TRX3HXQQUGWAHJQTIF65BQ,B084Q9RJ8N,Amazon_Fashion,1628360529917
AFDMZ4TRX3HXQQUGWAHJQTIF65BQ,B084Q94HDR,Amazon_Fashion,1625604693735
AFDMZ4TRX3HXQQUGWAHJQTIF65BQ,B0789591RC,Amazon_Fashion,1619123974289
AFDMZ4TRX3HXQQUGWAHJQTIF65BQ,B01DV8BVWS,Amazon_Fashion,1618687359068
AFDMZ4TRX3HXQQUGWAHJQTIF65BQ,B07FMWRBWQ,Amazon_Fashion,1618610113593
AFDMZ4TRX3HXQQUGWAHJQTIF65BQ,B01CHGHFJS,Amazon_Fashion,1618608990980
AFDMZ4TRX3HXQQUGWAHJQTIF65BQ,B015XCF450,Amazon_Fashion,1612124197141
AFDMZ4TRX3HXQQUGWAHJQTIF65BQ,B00H4DL9II,Amazon_Fashion,1610318595827
AF7J5A2ME55LSCRVQWXB3BKE7CHQ,B08B4GDVKV,Amazon_Fashion,1602338943412
AFEJKJ56OD6H2XH55DGHJI2526MA,B01G9WOI8M,Amazon_Fashion,1471379177000
AFZK2BA7HVTZTYYVBQ6YYL5XPWLA,B071D1R7R4,Amazon_Fashion,1537880760596
AETE7Y3DZT6BLMWA6U27ADJDZ4LA,B07H5VS318,Amazon_Fashion,1577843399402
AETE7Y3DZT6BLMWA6U27ADJDZ4LA,B07XSKZ21Q,Amazon_Fashion,1576042567368
AETE7Y3DZT6BLMWA6U27ADJDZ4LA,B015WXZSZ6,Amazon_Fashion,1517382954312
AETE7Y3DZT6BLMWA6U27ADJDZ4LA,B076MXXFQM,Amazon_Fashion,1516166548527
AETE7Y3DZT6BLMWA6U27ADJDZ4LA,B07CQ84KLT,Amazon_Fashion,1495452801000
AFLKLHWWA6JE5LBMJ7E7XMRVN7UA,B01N9HB7GB,Amazon_Fashion,1597269908671
AFLKLHWWA6JE5LBMJ7E7XMRVN7UA,B07WNKGD17,Amazon_Fashion,1597268748843
AESTJ7FX2ZR44NVS25DTXH27YAHA,B082XS2YMV,Amazon_Fashion,1582038212627
AESTJ7FX2ZR44NVS25DTXH27YAHA,B07WZNXN3L,Amazon_Fashion,1577390506814
AEINWALDRYT4NTF3M5NC2WZ5YQNA,B07KRSH421,Amazon_Fashion,1587062942047
AEINWALDRYT4NTF3M5NC2WZ5YQNA,B07KRSLKZH,Amazon_Fashion,1587062844934
AEINWALDRYT4NTF3M5NC2WZ5YQNA,B07JMRYL2V,Amazon_Fashion,1587060913040
AF4VEZGRGAT75ZVAOR4KRNDMZIBQ,B06XWK1RCB,Amazon_Fashion,1418602676000
AFUMP7GO4PZ3S6DLUBFPX6OK544A,B08JQD5KSJ,Amazon_Fashion,1612827552389
AEOQGP4XYSEKPXXBWAN4GWAPUO4Q,B07FL6Z6XX,Amazon_Fashion,1607454911336
AE3U73QGVDLZUA2DSACCVDCYAY6Q,B093SQLL7R,Amazon_Fashion,1627155994591
AE57MRF2R2ALCC6H5WQLFKT7KSSA,B08L38FKGJ,Amazon_Fashion,1626979861414
AFDIUCNEDNFPWKTJ63N4VQNZIFHQ,B07G4YN9LH,Amazon_Fashion,1580606632296
AHSLAQOLEXQBMXVHJ7Y2QF3W36CA,B0132NANCG,Amazon_Fashion,1486662784000
AFVTVAR5V6XKWMVHARHZXRCOSHIQ,B072FGSDMT,Amazon_Fashion,1549754303897
AGQSSZPF5DTU56OIYEZVVKTMKJIQ,B09WTYY773,Amazon_Fashion,1636137449235
AGHL76CO24LBO7VPVFCWQCECAOJQ,B01L5CGQNQ,Amazon_Fashion,1504816155781
AGDTHJ7R5N2HOHYK4AACLB53BULA,B017U1FDM6,Amazon_Fashion,1472924930000
AHOVCOQ2ERWQKYUHW5FK53UOVWQA,B07SGXZN9Z,Amazon_Fashion,1584904263794
AGR7FIKIZCHIZRR4LD5BR6ROV2TQ,B07RSR5518,Amazon_Fashion,1560453200217
AEZHVVKEZAY6MAP5WA62MAYTMHWQ,B07VDX9T2Y,Amazon_Fashion,1577809045186
AEZHVVKEZAY6MAP5WA62MAYTMHWQ,B07MNYXJLZ,Amazon_Fashion,1569104228448
AEZHVVKEZAY6MAP5WA62MAYTMHWQ,B00UK87K8M,Amazon_Fashion,1534031822030
AHRQPBQJJ2PJET5WBJIKNLAFHHSA,B08TTJVPGR,Amazon_Fashion,1630200905535
AHRQPBQJJ2PJET5WBJIKNLAFHHSA,B07CJS8JNH,Amazon_Fashion,1528451413298
AHRQPBQJJ2PJET5WBJIKNLAFHHSA,B01N2XVWPR,Amazon_Fashion,1492897970000
AHRQPBQJJ2PJET5WBJIKNLAFHHSA,B01K0FU3VA,Amazon_Fashion,1480727037000
AGS5QOB3WT6YOOW7INDT77LPVG2A,B06Y41284N,Amazon_Fashion,1513277514490
AEEJBFZKUBEEMBZUZJV4UHFVEEBQ,B086C9RNQH,Amazon_Fashion,1609110320678
AHJQPUQLSQZE6LMIUMY7WNRXCQQQ,B097XXYN53,Amazon_Fashion,1648067340963
AHJQPUQLSQZE6LMIUMY7WNRXCQQQ,B09KQQFSLG,Amazon_Fashion,1642024698191
AHJQPUQLSQZE6LMIUMY7WNRXCQQQ,B08Q7M3YPS,Amazon_Fashion,1631520538775
AHJQPUQLSQZE6LMIUMY7WNRXCQQQ,B08WWPRNTB,Amazon_Fashion,1621754997589
AHJQPUQLSQZE6LMIUMY7WNRXCQQQ,B08WPPBGY5,Amazon_Fashion,1621753953213
AHJQPUQLSQZE6LMIUMY7WNRXCQQQ,B08KCW8TWD,Amazon_Fashion,1610155629867
AHJQPUQLSQZE6LMIUMY7WNRXCQQQ,B082F6F48Z,Amazon_Fashion,1579979202370
AHJQPUQLSQZE6LMIUMY7WNRXCQQQ,B07YJGTPNZ,Amazon_Fashion,1579368425217
AHJQPUQLSQZE6LMIUMY7WNRXCQQQ,B07Y317LZY,Amazon_Fashion,1575705528647
AHJQPUQLSQZE6LMIUMY7WNRXCQQQ,B07TJ452ZT,Amazon_Fashion,1574769644788
AHJQPUQLSQZE6LMIUMY7WNRXCQQQ,B07X53WHWS,Amazon_Fashion,1570960584304
AHJQPUQLSQZE6LMIUMY7WNRXCQQQ,B07V1L9FC7,Amazon_Fashion,1567588319745
AHJQPUQLSQZE6LMIUMY7WNRXCQQQ,B07VCX9G2D,Amazon_Fashion,1567162038874
AHJQPUQLSQZE6LMIUMY7WNRXCQQQ,B07SKFSQZL,Amazon_Fashion,1566870242237
AHJQPUQLSQZE6LMIUMY7WNRXCQQQ,B07SBMTVJ5,Amazon_Fashion,1566122736592
AHJQPUQLSQZE6LMIUMY7WNRXCQQQ,B07T3C8K3K,Amazon_Fashion,1564600845538
AHJQPUQLSQZE6LMIUMY7WNRXCQQQ,B07TCWXQD4,Amazon_Fashion,1564478549479
AHJQPUQLSQZE6LMIUMY7WNRXCQQQ,B07RDF8X4B,Amazon_Fashion,1561806507857
AHJQPUQLSQZE6LMIUMY7WNRXCQQQ,B07S5KLXRB,Amazon_Fashion,1560596461535
AHJQPUQLSQZE6LMIUMY7WNRXCQQQ,B07RG8ZXX5,Amazon_Fashion,1560298609351
AHJQPUQLSQZE6LMIUMY7WNRXCQQQ,B07PY6Z6WK,Amazon_Fashion,1558895854186
AHJQPUQLSQZE6LMIUMY7WNRXCQQQ,B07PT81PQ5,Amazon_Fashion,1558297337196
AHJQPUQLSQZE6LMIUMY7WNRXCQQQ,B07QBPR64B,Amazon_Fashion,1557240747638
AHJQPUQLSQZE6LMIUMY7WNRXCQQQ,B07PW6TG2L,Amazon_Fashion,1557131090307
AHJQPUQLSQZE6LMIUMY7WNRXCQQQ,B07Q8F4SQX,Amazon_Fashion,1556885969990
AHJQPUQLSQZE6LMIUMY7WNRXCQQQ,B07QH5RHS4,Amazon_Fashion,1556621014118
AHJQPUQLSQZE6LMIUMY7WNRXCQQQ,B07JQ6CN3H,Amazon_Fashion,1553390392116
AHJQPUQLSQZE6LMIUMY7WNRXCQQQ,B07J4Y1K48,Amazon_Fashion,1552304186924
AHJQPUQLSQZE6LMIUMY7WNRXCQQQ,B07MXHRR7S,Amazon_Fashion,1551775878171
AHJQPUQLSQZE6LMIUMY7WNRXCQQQ,B07MQ4RHVT,Amazon_Fashion,1550384085852
AHJQPUQLSQZE6LMIUMY7WNRXCQQQ,B07KWN72L2,Amazon_Fashion,1546781799636
AHJQPUQLSQZE6LMIUMY7WNRXCQQQ,B07HP5N9MB,Amazon_Fashion,1546426138848
AHJQPUQLSQZE6LMIUMY7WNRXCQQQ,B07HSWTSPT,Amazon_Fashion,1546412448199
AHJQPUQLSQZE6LMIUMY7WNRXCQQQ,B07GF32399,Amazon_Fashion,1538125393818
AHJQPUQLSQZE6LMIUMY7WNRXCQQQ,B07CWN734Y,Amazon_Fashion,1533462666570
AHJQPUQLSQZE6LMIUMY7WNRXCQQQ,B07C2GZSPX,Amazon_Fashion,1531881946320
AHJQPUQLSQZE6LMIUMY7WNRXCQQQ,B078JKGXKW,Amazon_Fashion,1529092302781
AGKHLEW2SOWHNMFQIJGBECAF7INQ,B01N0TQ0OH,Appliances,1519317108692
AHWWLSPCJMALVHDDVSUGICL6RUCA,B07DD37QPZ,Appliances,1664746863446
AHZIJGKEWRTAEOZ673G5B3SNXEGQ,B082W3Z9YK,Appliances,1607225435363
AFGUPTDFAWOHHL4LZDV27ERDNOYQ,B078W2BJY8,Appliances,1534104184306
AELFJFAXQERUSMTXJQ6SYFFRDWMA,B08C9LPCQV,Appliances,1620176603754
AEUH4EH6XHROLT7UZPUYU2YKTYMA,B099ZKQJHK,Appliances,1663078878875
AHCV2CNCOCG6WECDROOUYPDZIFEQ,B001TH7H0O,Appliances,1610219023865
AH6PLOGWYIVIWLJTY756BHNFD4YA,B00AF7WZTM,Appliances,1480334300000
AGCIVNDDRX3PXIUINEG4NCRGWCRA,B001H05AXY,Appliances,1427130850000
AFUOYIZBU3MTBOLYKOJE5Z35MBDA,B085C6C7WH,Appliances,1630449561325
AHPUT3ITXCHQJO7OMF74LEMYHIVA,B09CBF2XCF,Appliances,1616015341916
AHGAOIZVODNHYMNCBV4DECZH42UQ,B09W5PMK5X,Appliances,1650153667807
AHGAOIZVODNHYMNCBV4DECZH42UQ,B07BFGZQ65,Appliances,1530566292904
AHGAOIZVODNHYMNCBV4DECZH42UQ,B01HIT0VMW,Appliances,1527489958389
AHGAOIZVODNHYMNCBV4DECZH42UQ,B072JXR3MW,Appliances,1524952320094
AHGAOIZVODNHYMNCBV4DECZH42UQ,B08FDB6W59,Appliances,1513557334944
AHGAOIZVODNHYMNCBV4DECZH42UQ,B00EORXEUS,Appliances,1500767609568
AHGAOIZVODNHYMNCBV4DECZH42UQ,B07VN6QRQL,Appliances,1500090152427
AGUMKAETPKF5G37FKT6CXLBRPOAA,B016TZKU54,Appliances,1507405449870
AE7Y5RLYIKHOZB5NKKOEKYG2SPSQ,B08X9GYJLM,Appliances,1630194496004
AEYS7TG2WOZAB7NLRVGTM5XZIG3Q,B08XP29S76,Appliances,1564784470633
AH2B7RFJ3JIFZX5A52WKNH2MVTYA,B072JL5W21,Appliances,1605156920645
AHX4XWVVQUKT3FCNWCVASDF4Q56Q,B0745N964K,Appliances,1533571605114
AHZ6XMOLEWA67S3TX7IWEXXGWSOA,B003AXVADA,Appliances,1487642105000
AHZ6XMOLEWA67S3TX7IWEXXGWSOA,B001TJ5380,Appliances,1406384531000
AFZUK3MTBIBEDQOPAK3OATUOUKLA,B082DQDDBV,Appliances,1675891583448
AFZUK3MTBIBEDQOPAK3OATUOUKLA,B077WCTV57,Appliances,1664130434178
AFZUK3MTBIBEDQOPAK3OATUOUKLA,B0BTV3G59T,Appliances,1650565586703
AFZUK3MTBIBEDQOPAK3OATUOUKLA,B084L49119,Appliances,1650565343395
AFZUK3MTBIBEDQOPAK3OATUOUKLA,B07VSFPBW5,Appliances,1578078911722
AFZUK3MTBIBEDQOPAK3OATUOUKLA,B09DD2LZBY,Appliances,1574479466566
AFZUK3MTBIBEDQOPAK3OATUOUKLA,B07DMRF3QL,Appliances,1570663077184
AFZUK3MTBIBEDQOPAK3OATUOUKLA,B07VFQ438P,Appliances,1558494650745
AFZUK3MTBIBEDQOPAK3OATUOUKLA,B0BZGQJ3W7,Appliances,1558494549414
AFZUK3MTBIBEDQOPAK3OATUOUKLA,B09CBF2XCF,Appliances,1484098742000
AFZUK3MTBIBEDQOPAK3OATUOUKLA,B07P3Y8JWY,Appliances,1432332748000
AFZUK3MTBIBEDQOPAK3OATUOUKLA,B092T5Y46X,Appliances,1432330500000
AE2TA5GQH4JI5RQ4W5H5PQOVYBGA,B00ECV6EEO,Appliances,1590351039354
AE2TA5GQH4JI5RQ4W5H5PQOVYBGA,B001TH7H0O,Appliances,1588985784582
AE2TA5GQH4JI5RQ4W5H5PQOVYBGA,B0792KP2G3,Appliances,1588985725992
AFSNGBROR4NUCU6UQCJBB4VEJOPA,B078RR85BS,Appliances,1590946309031
AFANVB6MPHJTCTFOVIEBKLWZ2GVA,B01KIG21AW,Appliances,1494043546000
AGF42GID7QWDCNFTJRCTMKAITJJA,B07D7HGRBW,Appliances,1607530587865
AE5DIA2HDWBPNGBO2FXN2PF4NQJA,B000FKHLLQ,Appliances,1607656882135
AECABX3OO3GK7FCPZLFM3LT2E6UA,B08L5NZXV2,Appliances,1614373303367
AECABX3OO3GK7FCPZLFM3LT2E6UA,B07SPHXL9Z,Appliances,1609868469108
AECABX3OO3GK7FCPZLFM3LT2E6UA,B07PT45ZFW,Appliances,1577484830128
AH3OG6QD6EDJGZRVCFKV4B66VWNQ,B000UW2DTE,Appliances,1354594501000
AFIFCPYKA56DJ26GZ6TKSN5KR6BQ,B078PSS6SR,Appliances,1640978312857
AHFZUNQFXSVVT6Z6BYKE5CLBX3KQ,B07SM1PGJW,Appliances,1667593686772
AFSCQMP2EPYLGJN7OBTMEXCBE2OQ,B085VWQ5MD,Appliances,1670988387109
AGYDZXXV32IH5YIDK5XSEC5UFIEQ,B07935N99S,Appliances,1578262171522
AHEQRHKGEACLR3RSXRQ7TUIXZGSQ,B07TRKGW9G,Appliances,1603917257643
AEH66QD7CSPM7ZVH7D7LRSA5HSNQ,B01JEFZVOG,Appliances,1516189739820
AELIV6UHVC6Z6VA4MIZ464WUHDPA,B083DY49J6,Appliances,1508259627586
AGLQDDJTHRGIY4KWEXLA3YBD47PQ,B07YF9SGBW,Appliances,1586713659732
AGJXTLEOLLTIX5AAGFPBZ7CNNVOQ,B08QTQW9VQ,Appliances,1656192568327
AGJXTLEOLLTIX5AAGFPBZ7CNNVOQ,B0C57WMPJQ,Appliances,1654878140651
AHORTSSMI6ZZFUFWMPT4UFR2ISUQ,B07PJTSTWV,Appliances,1557547458308
AHACLF2COQQE2V33ZFXQ7THZOJ2Q,B0C2Z4QHXG,Appliances,1668511235734
AFZR3DMRF5KW3WM6LVZ6SGSBGQXQ,B07RNJY499,Appliances,1517960655155
AEQLRIQLBPN4UUHV3L5FDRZOAL2A,B07RNJY499,Appliances,1670895973886
AFAIJYOUO3NAWLBDIKTQSC3DASWA,B0BG5J27Q7,Appliances,1655517395045
AFPBVAEV3FCQOHKJJGAKQLZLTCZQ,B083JNDZNV,Appliances,1643740794157
AFPBVAEV3FCQOHKJJGAKQLZLTCZQ,B08TMXPD3H,Appliances,1618604596177
AHY55PORR7VYL72JBUYNSO6KCA5A,B07JHBPYKZ,Appliances,1540479756674
AFFZVSTUS3U2ZD22A2NPZSKOCPGQ,B09TZQ7CLG,Appliances,1658864761504
AFW2PDT3AMT4X3PYQG7FJZH5FXFA,B076QPN519,Appliances,1526675567280
AHSAUHUTLVNKJ72GUIPGI5XZH6ZA,B09DVH6MN7,Appliances,1646354764108
AE4L2LH55JNFCLHFXFC7YOEQSBIA,B002R8JAWC,Appliances,1503873922552
AHT3NNPRGAN65K6ESCJNKI7TPWPA,B082FBV7XY,Appliances,1641810628185
AHATA6X6MYTC3VNBFJ3WIYVK257A,B07LG8QYFW,Appliances,1628043179921
AHATA6X6MYTC3VNBFJ3WIYVK257A,B0BGCHX9VP,Appliances,1618415393325
AHATA6X6MYTC3VNBFJ3WIYVK257A,B00JGM7Z5Q,Appliances,1406596746000
AGWJ2MHDJSHU6GBGGHQU3BBNCZLQ,B01M28A97G,Appliances,1580081747771
AHV6QCNBJNSGLATP56JAWJ3C4G2A,B0BYJ8JYL3,Appliances,1671284245196
AHV6QCNBJNSGLATP56JAWJ3C4G2A,B09Q5QP6JP,Appliances,1658441140130
AHV6QCNBJNSGLATP56JAWJ3C4G2A,B0B2LF85KR,Appliances,1657569378399
AHV6QCNBJNSGLATP56JAWJ3C4G2A,B08SNMGB8X,Appliances,1631544264500
AHV6QCNBJNSGLATP56JAWJ3C4G2A,B08R58Z27X,Appliances,1620830253561
AHV6QCNBJNSGLATP56JAWJ3C4G2A,B08CXQLP21,Appliances,1607744645528
AHV6QCNBJNSGLATP56JAWJ3C4G2A,B08JNS4F9Z,Appliances,1605049666937
AHV6QCNBJNSGLATP56JAWJ3C4G2A,B08BT6427P,Appliances,1598042806409
AHV6QCNBJNSGLATP56JAWJ3C4G2A,B07JMNYK7X,Appliances,1550680341487
AHV6QCNBJNSGLATP56JAWJ3C4G2A,B07SHKBXP5,Appliances,1491225630000
AEQPUFAW5OWSGOHVW53WT3STY5SQ,B07YF9SGBW,Appliances,1634523575155
AFAMOLAPKR3M2NPTMB362T2Q5RBQ,B07G1NZTDJ,Appliances,1647181015072
AFAMOLAPKR3M2NPTMB362T2Q5RBQ,B004MDLZKU,Appliances,1568395428627
AFAMOLAPKR3M2NPTMB362T2Q5RBQ,B001PIAPP6,Appliances,1355690603000
AGYEAZK4OEYF2MSSTGJ5WNJDVZKA,B0C2HMPZRB,Appliances,1569278696891
AGYEAZK4OEYF2MSSTGJ5WNJDVZKA,B0BWBF4MN1,Appliances,1563070884871
AGYEAZK4OEYF2MSSTGJ5WNJDVZKA,B07SPH7B85,Appliances,1360478695000
AG7WKTZINOFIXMZJYIPKIB7PV7NQ,B001RCM6KW,Appliances,1465772796000
AFV2BXTNV6XJ4BSUQ3SO7KU2DV3A,B07CZCTFJ8,Appliances,1562980660481
AGWL3SAUWG5YLVWHHSG57DKTGGDA,B0BZW5SSVK,Appliances,1657480451551
AER3KQQTR7T3N6ZIOUMB4VDALL2Q,B01KGL9AQC,Appliances,1564780542521
AHFVMT6EHIYXHWTCAY5A2OBVF3HQ,B01G4W95WG,Appliances,1541456444882
AEHWUHNTB5FX32HJ7UBOZ2WWUX3Q,B07QC7JRDP,Appliances,1652793036100
AG2UEDPK43QC5AU6HZTCBANPW2FQ,B09BVKDQMB,Appliances,1659665799381
AHXBG7SNVYNFMOXYX322UZ22GDPQ,B08L8RDNP7,Appliances,1581547167452
AGTHQ6ANUEV7VOOVAEFWVMFIILUA,B09FZR2LC5,Appliances,1497482983916
AH6OTMPCD63WHCVIVJ66RJAIXR2Q,B00LGU91RG,Appliances,1547998721442
AHEYMNN5MR4HMXCEIGLEPLNJLNPA,B07Z2RX4MR,Appliances,1597437219778
AFVEM2QGPMZT5SAJGWW4WOEFX4BQ,B073BLHCND,Appliances,1605214223698
AEZ26WGWJ3EOQ4KWSHG77HJAG4EA,B00S1PW58Q,Appliances,1676757881936
AFUB7CHTXRPD447QVQCHBZVN2IPQ,B07ZFNM7GV,Appliances,1582434274486
AGWGMDSRIXUSGG3AVYX65RVPWCLQ,B0B57GSDMD,Appliances,1391193504000
AEW7KGZFQFB6P2YRTN6JGVR3YRLA,B09S36KB72,Appliances,1668265967357
AGHMLD6PADUUKHJ7LF437PFNDL7Q,B00Y1X6EPC,Appliances,1480888385000
AER6WLSJPBPNOZIQWVHQBVOKTNCA,B07QQ8ZMCC,Appliances,1591842870308
AER6WLSJPBPNOZIQWVHQBVOKTNCA,B009UW4LS6,Appliances,1487005443000
AH25FFNH7SC26PTT4WGJKBY4XYRA,B0B5KZNRH5,Appliances,1668463498436
AG6DIQWOKFZFS3LM65IG5NU4UZYA,B07WX34LZH,Appliances,1590252760192
AG6DIQWOKFZFS3LM65IG5NU4UZYA,B01BLEGKOS,Appliances,1472347740000
AGJY4LG74YJEJBVWIPIMIZ464ELA,B07854PBL9,Appliances,1527601776212
AHH4EDVBK4H6ZWPSCSNQHX3BRKZA,B072YT9L7B,Appliances,1627760158028
AFNMEWWTIZR25B3MIGSPBONLACRA,B07WTXWC32,Appliances,1637147888162
AHEDNX6O6ROABU44WTGKLNZZD7VQ,B00LHCCR92,Appliances,1509310831225
AFDMZ4TRX3HXQQUGWAHJQTIF65BQ,B003660VPE,Appliances,1617569000752
AFDMZ4TRX3HXQQUGWAHJQTIF65BQ,B00EZACO8M,Appliances,1617568883512
AFZK2BA7HVTZTYYVBQ6YYL5XPWLA,B08JVQTQ11,Appliances,1615177899180
AFUMP7GO4PZ3S6DLUBFPX6OK544A,B00AYBKUAA,Appliances,1562731102967
AEOQGP4XYSEKPXXBWAN4GWAPUO4Q,B00MOCLC7C,Appliances,1611736168591
AEOQGP4XYSEKPXXBWAN4GWAPUO4Q,B00MOCLCHW,Appliances,1611736149367
AE3U73QGVDLZUA2DSACCVDCYAY6Q,B0C7ZFZ7W7,Appliances,1635429618188
AELUAIPM6U33VDQ4MVQYGTBQT6VA,B002ZHVU78,Appliances,1580249380132
AELUAIPM6U33VDQ4MVQYGTBQT6VA,B003CZ6FWM,Appliances,1580249161741
AELUAIPM6U33VDQ4MVQYGTBQT6VA,B00OMR0RJQ,Appliances,1537395707816
AFDIUCNEDNFPWKTJ63N4VQNZIFHQ,B01ENXS1C8,Appliances,1654018494272
AFDIUCNEDNFPWKTJ63N4VQNZIFHQ,B07WLZLXXQ,Appliances,1578279592653
AHHKNZRXSHRMSGS4WZU4G2XUFF6A,B0857554XT,Appliances,1591809525401
AHGCCTL7DBBD7FK4RFYAJS53BGOA,B06WRN6KXF,Appliances,1502760013104
AHYKFYB4M26KSRJY6DSZMV6UFYOA,B0BJPY1F7S,Appliances,1647391253852
AHYKFYB4M26KSRJY6DSZMV6UFYOA,B06Y6R5RXN,Appliances,1612486168520
AHYKFYB4M26KSRJY6DSZMV6UFYOA,B0BWCL9WCH,Appliances,1583800393455
AGR7FIKIZCHIZRR4LD5BR6ROV2TQ,B01I0GF0LY,Appliances,1484947973000
AFHGQ26ZOJJT6SN4K2M2NXCW37WQ,B07CJ962MB,Appliances,1584383381239
AHRQPBQJJ2PJET5WBJIKNLAFHHSA,B0C6KFX9DC,Appliances,1627695161046
AGMUU2ZAK7Z4L6HLCQ3YAKDBAJJQ,B0BVFV4JD7,Appliances,1631689907860
AGMUU2ZAK7Z4L6HLCQ3YAKDBAJJQ,B0BVFQY9HH,Appliances,1631689640587
AGMGNTI5Y7GXQCGZYA2PJQRWI3SA,B07SM1PGJW,Appliances,1646178800473
AGMGNTI5Y7GXQCGZYA2PJQRWI3SA,B09JK3TG4V,Appliances,1641740638111
AHJQPUQLSQZE6LMIUMY7WNRXCQQQ,B09XL4P2HK,Appliances,1654808215766
AHJQPUQLSQZE6LMIUMY7WNRXCQQQ,B0C4KDX5LZ,Appliances,1644425123946
AHJQPUQLSQZE6LMIUMY7WNRXCQQQ,B09LM3ZW5N,Appliances,1643062262792
AHJQPUQLSQZE6LMIUMY7WNRXCQQQ,B07TS53DYQ,Appliances,1575092966862
AFQDX4KZ5DHWGB2US6IBC7VMBK3Q,B06Y24QGGB,Appliances,1591720600679
AEH4B54G3TFPWUKGG3NWFIGBR4YQ,B08KW5RX8N,Appliances,1633633721573
AHGZURRCBNA3F2POO2N5E3D33SUQ,B09GPXGW3M,Appliances,1553341201248
AHGZURRCBNA3F2POO2N5E3D33SUQ,B00CX8YSEQ,Appliances,1524915782597
AFXOCOWM2PQ754R7QUC3EMGIOADQ,B00DM8K72S,Appliances,1445730785000
AE6DFDMIJAVW57EVMRJH2M2X6ACA,B092LLM7H3,Appliances,1638397360165
AHOEABHRAFWXIT4JZ5MKJ3FMASGA,B09NR62M32,Appliances,1596214853450
AGUWL2R2JFLC3K65HLD6AHJV3KBA,B0882ZJ48W,Appliances,1639713939756
AHCXORATWB3GJZS2HPMTPAIEHP2A,B0B1CYSYQ1,Appliances,1541966096460
AHCXORATWB3GJZS2HPMTPAIEHP2A,B07D44J9SW,Appliances,1484318289000
AEYGPUCRKH7G4VM22FM3VAKSQ23Q,B0000TN7NS,Appliances,1383787374000
AHCZKT34YZL3CVXYVH2CNKQDCYBA,B077S7K2SN,Appliances,1559535425565
AHCZKT34YZL3CVXYVH2CNKQDCYBA,B0B57GSDMD,Appliances,1534436675533
AGHBRJ2WBPTZMU6R2ZZNPPE2T7RQ,B002QG0QPA,Appliances,1481787783000
AHGPF6KEWVFUFGEGCOXO3JMSANHQ,B07VG6MYSW,Appliances,1566501240824
AFEJ2MZWR7O64X2S3ZI2J7BFKTYA,B09CD84QP5,Appliances,1482031477000
AHM6STYNCECC3D7DPFBLNDR243FQ,B00VRRHQ7K,Appliances,1601223758053
AEU5VGZYHYK4ND5A7CHD4RBQX5OQ,B09G76121T,Appliances,1636062956345
AEU5VGZYHYK4ND5A7CHD4RBQX5OQ,B06XR8WZX6,Appliances,1571882008471
AEU5VGZYHYK4ND5A7CHD4RBQX5OQ,B00L1JT4YM,Appliances,1477791878000
AEU5VGZYHYK4ND5A7CHD4RBQX5OQ,B08YBGCNHP,Appliances,1442065033000
AF3I5VHFNDTD3CUFMEPULGWMAMKA,B07QFPKG9V,Appliances,1570235609012
AFKKLSEAK6P26VECMU7HGZPEQNOA,B01N98C33F,Appliances,1487558075000
AFGIT2Y7X5GIN7FIGZPHWVZO3PTQ,B0B96NWZ9J,Appliances,1585344697356
AFGIT2Y7X5GIN7FIGZPHWVZO3PTQ,B00MHI69A8,Appliances,1495161329000
AHUPTBY3F3UN2S5H7K5JLP6MAV5Q,B08FDD8GZN,Appliances,1640810538428
AHBZRDFYB2FWUAO63DCSF2VSTJ2Q,B09CHDQLJ4,Appliances,1643151434891
AHBZRDFYB2FWUAO63DCSF2VSTJ2Q,B07B9T2TWZ,Appliances,1611270798039
AHBZRDFYB2FWUAO63DCSF2VSTJ2Q,B07RWW41P7,Appliances,1611270783107
AHBZRDFYB2FWUAO63DCSF2VSTJ2Q,B07PGMGSK5,Appliances,1611270762805
AHBZRDFYB2FWUAO63DCSF2VSTJ2Q,B0BKSHWS1W,Appliances,1577464918490
AHBZRDFYB2FWUAO63DCSF2VSTJ2Q,B09CHDQLJ4,Appliances,1576355627870
AFXF3EGQTQDXMRLDWFU7UBFQZB7Q,B08F9VXZBM,Appliances,1624554564327
AFXF3EGQTQDXMRLDWFU7UBFQZB7Q,B0045LLC7K,Appliances,1502064979247
AHHFW36BP4VMQWC6V2NTKIXFAA2A,B06ZXZ5SFQ,Appliances,1665263620742
AHHFW36BP4VMQWC6V2NTKIXFAA2A,B078RR85BS,Appliances,1619687574821
AHHFW36BP4VMQWC6V2NTKIXFAA2A,B07RZV1F7B,Appliances,1603535058330
AEDTZCI4QCLKRFL5DA53JL47Z5UQ,B07RGLKHNY,Appliances,1505697493681
AGZT7ZU75PHSV22C2QMPHLJNFK5A,B0BKYCRTZK,Appliances,1678556459261
AGZT7ZU75PHSV22C2QMPHLJNFK5A,B07TX49L1X,Appliances,1573083180921
AFOGWJCZMC626A5IBK32HEHZB4VA,B09B1JFMQQ,Appliances,1666720099263
AFOGWJCZMC626A5IBK32HEHZB4VA,B0C1SD4213,Appliances,1628132964799
AFOGWJCZMC626A5IBK32HEHZB4VA,B07RR33LJ1,Appliances,1614043620941
AEIPJBAN7A55Q5DFFPZSR2UV3OKA,B09W3YPC6N,Appliances,1661158891125
AHPQ4CPYDRMHILUHA4WJOQ7ANKQQ,B002JAKRAM,Appliances,1334006021000
AHWAIBCVNSK4HAJFE5DNRP636L2A,B07Z67CQN6,Appliances,1624618691632
AGBODH3OWST6Z3EEQKAGR5T64XZQ,B0BTNK2DDM,Appliances,1651870777834
AHBNOPRQZEGQ4RT6FAWS4E4KZKZQ,B078Y4PB6R,Appliances,1615252085647
AE6Z44KMO6NKWNHG5K4VKOGESRNA,B00E0CVL48,Appliances,1392506078000
AE6Z44KMO6NKWNHG5K4VKOGESRNA,B0042U16YI,Appliances,1392505930000
AHPFHP43AXWRYZZ4HPNCW7I7J3ZQ,B09PYR3CHR,Appliances,1628344707713
AHPFHP43AXWRYZZ4HPNCW7I7J3ZQ,B08H6D6HJ4,Appliances,1587837937909
AHPFHP43AXWRYZZ4HPNCW7I7J3ZQ,B0C6XG2JSG,Appliances,1553696822242
AHPFHP43AXWRYZZ4HPNCW7I7J3ZQ,B0047PF5MM,Appliances,1327922620000
AELHB5QYXVSXZM263JIARJBWPOSA,B00SPYDSFC,Appliances,1447266150000
AFBTXCSLSSICK734GIDYSHVZVSFA,B01C9BPVCO,Appliances,1548296672942
AGHXVVTYB746KOUEYN7DT65QSDRA,B000DZFTC6,Appliances,1575903025018
AGHXVVTYB746KOUEYN7DT65QSDRA,B07T7KK8JH,Appliances,1571428279109
AEU2V36H3G45EFVLASUPD56B7ATQ,B094YWPF68,Appliances,1630353053564
AEQTSEQMFEKBFREINNW3YK4GLQDA,B01M1APM7N,Appliances,1531074898853
AEUQBHXM4A2DF5EWD3OUBUTCWXOA,B077F4YFNJ,Appliances,1639850642093
AGMRVMOQ4QIQZ7LUGKIRMNRUGJLQ,B0BCRFDBG7,Appliances,1592437960319
AGTFULIOVJK6RHUYWETEGSE5ITCQ,B0B9J4TVR8,Appliances,1674510434866
AEICZD35OTDYVWA2KPYWN4PDZ2SA,B08YR8KB69,Appliances,1644274462894
AEUAIBUJWZCYNZ2HH47OS4FJUNOA,B077Y7T7MX,Appliances,1637362939254
AHI6KSEBLTLT2BWU4VXQ5UIO6XXQ,B0BTQ6TY68,Appliances,1607551462815
AHI6KSEBLTLT2BWU4VXQ5UIO6XXQ,B07DCR8YFF,Appliances,1560969277097
AE6ZACCQOGZIDDWM4TZPAEKUJRHA,B07VHK3XQH,Appliances,1607573342422
AER5A2LR25ZV3SYFCYUWBRGRKBBA,B0749FRSFG,Appliances,1542073170452
AER5A2LR25ZV3SYFCYUWBRGRKBBA,B00AVYYBDM,Appliances,1380853726000
AHU63DJFTJKHHGHUYHVN2SFI2MSQ,B00ANGL55U,Appliances,1604608299555
AFPTBX44SVSUWJX6A72C32SJJKOQ,B07Q34QCTJ,Appliances,1612613992803
AGLQQCIS5V6EGUCS5SSNHWZHQM6Q,B07V4CW74Q,Appliances,1565752088325
AF4Y2O5Z4P7JZPXUQSR62VAP2I3Q,B07NBKGNJ2,Appliances,1584672000352
AGBOGNMAG3UCA6B4Z6VT62DVNOIA,B07P4MVBVS,Appliances,1492083434000
AGBOGNMAG3UCA6B4Z6VT62DVNOIA,B01GIN3612,Appliances,1484405910000
AGBOGNMAG3UCA6B4Z6VT62DVNOIA,B00B0ZMNOU,Appliances,1382736244000
AHU2PE2WIJCBES3AKNLJNPZEH52A,B07HVSR8RF,Appliances,1582828432074
AEU3Z35XX377RHMNJXVSLAXZRR7Q,B0C6SGRVBX,Appliances,1665062545201
AGLHRXHXPXK6M7LUU4NZXE3GQFMA,B005B9D0LG,Appliances,1619466765369
AG5YNREZVJP6XATLCKEM4NTGLICA,B09YP7FVC6,Appliances,1473132480000
AEGSJMUN6YF5UUOFDDMPNC5Q5BOQ,B07JHBPYKZ,Appliances,1641247055559
AFQQQ5LGNSQUEBGDCYBAZZE5T3DA,B08887Z8LP,Appliances,1594920278331
AFJ66GJGJ5FS2C2I77YVR7JMSAGQ,B08FBD164C,Appliances,1606671380079
AE3TASYGLHHRHUJUDFTKFDMWFIYA,B0B3DB5HTC,Appliances,1590644281038
AGYAGV4P7GDMEGQN3L4TGX4FGQQQ,B004H3XW1A,Appliances,1594011729998
AFRZ3YEUSNVS6THSGMGSWWCMPJ5A,B075TBB334,Appliances,1517790525347
AFUL3FLW6IDSNCAJQPCOPMBCIIPA,B07VK4JNVR,Appliances,1652035714544
AFQFQ5HIJW7UOFDBJG7FKL2QJDYQ,B08HJH2NN5,Appliances,1654528074302
AHC5L6ZXZXLJGTYK2FVORKUCZTAA,B0C6FBKY17,Appliances,1659304019636
AGBH3WI2WKLQX3CMET5EBONWYCPA,B01J6YNIBI,Appliances,1670808894709
AGBH3WI2WKLQX3CMET5EBONWYCPA,B00LQDA384,Appliances,1670808837102
AGBH3WI2WKLQX3CMET5EBONWYCPA,B00DM8K1NS,Appliances,1417673260000
AGBH3WI2WKLQX3CMET5EBONWYCPA,B0050KJREA,Appliances,1417671113000
AFSJGCYOYHJGG2VBYGB7WLKHQ37A,B00UXG4WR8,Appliances,1524143598309
AG4IBL6TDT3RZJRIJMOFL2TGXJGQ,B003BIGDLS,Appliances,1599089126111
AG4IBL6TDT3RZJRIJMOFL2TGXJGQ,B072YQNJCR,Appliances,1598740355412
AFLX66DKF6R3H6OEOC3TIVAYXZIQ,B0C57WMPJQ,Appliances,1628588894140
AFQ7WYW4KSH4VI5OVXCP2GV6PBRA,B0C9MRH82R,Appliances,1648929126845
AETGCWXC47MSMK6B2TLZ44KCFJZQ,B0C86NF3DH,Appliances,1677789685346
AETGCWXC47MSMK6B2TLZ44KCFJZQ,B013WHR5NW,Appliances,1567302561218
AETGCWXC47MSMK6B2TLZ44KCFJZQ,B0BX3BTN3B,Appliances,1551560529283
AETGCWXC47MSMK6B2TLZ44KCFJZQ,B07WTXWC32,Appliances,1539010880984
AETGCWXC47MSMK6B2TLZ44KCFJZQ,B01M5IUM5Q,Appliances,1535643613001
AETGCWXC47MSMK6B2TLZ44KCFJZQ,B014LOFZTQ,Appliances,1478793170000
AETGCWXC47MSMK6B2TLZ44KCFJZQ,B000I5SETG,Appliances,1314542559000
AG2MBUI55GM2K4JSJFBTC26FXDMA,B09HYVQ6WG,Appliances,1631393196767
AE6YLEEPJ47WLVVHEJ4CSBONBVBA,B07SPLBDKY,Appliances,1621613853809
AG4NGAKZAF2MCT6ASIF2OWC5BENQ,B0BTV3G59T,Appliances,1592245817538
AHKEN2TXDAX7B4E5T43PAM5UV33A,B07MN3MK34,Appliances,1585339903442
AGSQVK4UUU72VERV2ML7JOKRRI2A,B07P3Y8JWY,Appliances,1453730074000
AFWRW32IAVMIN5I4GFUSDRLBZZGA,B08YN6C21T,Appliances,1676420844541
AFWRW32IAVMIN5I4GFUSDRLBZZGA,B00MOCOVLG,Appliances,1673127864530
AFWRW32IAVMIN5I4GFUSDRLBZZGA,B086SLJ3GY,Appliances,1653337275196
AHI7SBHYECQUIS63BKXBHY325VVQ,B00GPXASXK,Appliances,1644278050244
AH7JREEFQLI6NGLWZB4WAPFQP5XA,B01E85LYNO,Appliances,1591712625619
AHVOLBWSTIHEM6VGNYMEQGVWR2YA,B08JQRPWPP,Appliances,1609902395739
AHVOLBWSTIHEM6VGNYMEQGVWR2YA,B00OI6V5AG,Appliances,1550696838747
AH2UPXRCHEBBCDGHYEULULXBK7HA,B0BTV3G59T,Appliances,1655934751024
AH5IVY6YXDLCXR6DNKPYORKVXYYA,B0000CF3HB,Appliances,1582769554412
AFL4KZPWO3RQ32N6R5QYDZFHFWNQ,B08Z63YDT7,Appliances,1611965252792
AGWSEISP3NKF47Q2CG45DBOYURYA,B07V3NJBPM,Appliances,1561482824318
AGWSEISP3NKF47Q2CG45DBOYURYA,B0BCRFWRW8,Appliances,1551675088827
AGWDA3EUN5GY7GIBS3FDBZQ77OJA,B00DM8KDBS,Appliances,1405888880000
AHNJWDEEEUK5R3EFVDPOYZ7MIZ2Q,B07VPJ1NTR,Appliances,1620924025783
AHNJWDEEEUK5R3EFVDPOYZ7MIZ2Q,B01BREIZCW,Appliances,1620238785423
AHIHLTRL533TRQOUUKD6Y4ZH5JUQ,B0BLZ1BHTW,Appliances,1658677945774
AEJZJMFBXDIENCTTDF3B3EBAIUSA,B0C69HCVRM,Appliances,1623475890301
AGBOXXYLFMQX3ULZBVEALTFERGMA,B00E84Q15C,Appliances,1425911028000
AE5KMBYQASBZID6LHGS76DVDFYPA,B0100A3H54,Appliances,1675377029055
AE5KMBYQASBZID6LHGS76DVDFYPA,B0C3WMC4K2,Appliances,1642748931130
AE5KMBYQASBZID6LHGS76DVDFYPA,B0BRLTHLLG,Appliances,1593539565106
AFX5GCBHJZRWAIDMOJQPLQYQIT4A,B016R2U4WI,Appliances,1626931643361
AHFAJWA2MDSLJ747IQEF3PHELF4A,B08PNT3BLH,Appliances,1643732714311
AEUAL3EJKUSTNB4YY6STLYGTJALA,B07LG49NMB,Appliances,1603771231039
AHXUFSC7TEVSYGCPJIZTL6J2DW4Q,B08F6ZLCLY,Appliances,1614893047534
AGYWFC2VG5Q4W53QRRMAGBR3VWCA,B003EAJSY2,Appliances,1515192259820
AGDHXFCOVPYLY26TQKIFU6FHQHWQ,B081K4Q6KQ,Appliances,1615512423722
AGDHXFCOVPYLY26TQKIFU6FHQHWQ,B06XXPGQQV,Appliances,1614889744545
AHP2KP53ADVEVBG75JDYKVBHM35Q,B088CP7HFJ,Appliances,1601870592207
AGH6VRI7RAU7SOLNXFVN5VWRW6QQ,B0C7LQXQN7,Appliances,1500650311582
AFICQHAE6YOEIGE5TYZG5TN7OTRQ,B000NO136S,Appliances,1504975077164
AHA37JAG3YQHAN3ISJJ2WPU6Q2HQ,B09CBF2XCF,Appliances,1515727499679
AE3PCPB24YTHGIIIWZOWBZ6VZIVA,B071KTC7G5,Appliances,1626127147833
AF4WLLHTQLRPEZ33OJDYG23MFLKQ,B0B1ZLCCL3,Appliances,1653192878354
AF4WLLHTQLRPEZ33OJDYG23MFLKQ,B07Z1GBH8J,Appliances,1653192307292
AF4WLLHTQLRPEZ33OJDYG23MFLKQ,B01J1E5LWM,Appliances,1649469480473
AF4WLLHTQLRPEZ33OJDYG23MFLKQ,B07VL3D7MY,Appliances,1645050065061
AF4WLLHTQLRPEZ33OJDYG23MFLKQ,B07VQPCGP8,Appliances,1616001318305
AF4WLLHTQLRPEZ33OJDYG23MFLKQ,B07F7QMHQN,Appliances,1604719474631
AGXFB2KKVUFFURDZDWAZJAV35OHQ,B09QPY591F,Appliances,1453481281000
AGXFB2KKVUFFURDZDWAZJAV35OHQ,B0B6Y2D91L,Appliances,1452525233000
AGXFB2KKVUFFURDZDWAZJAV35OHQ,B0BHVB8BF4,Appliances,1425054729000
AFE454TBPJXVP55M6STLR6R5664A,B00SVGP1XG,Appliances,1455470419000
AFE454TBPJXVP55M6STLR6R5664A,B000P0PWBW,Appliances,1359919483000
AFV22L7AEKI2LW6HMLRLUKNYVBGQ,B0BD3K2XTR,Appliances,1674656287250
AFV22L7AEKI2LW6HMLRLUKNYVBGQ,B016PYUW3E,Appliances,1615737502449
AEPRQP77VF2CEG2GISP567CWNEPA,B001ICQSH8,Appliances,1390949163000
AEPQSFDPLHZQ6Y5XB7IUBW4DY5YA,B01BIDPHYQ,Appliances,1514833982840
AFMUNFAUUTVGG4EIFXVKGYPC5EJA,B07854PBL9,Appliances,1582776126137
AFMUNFAUUTVGG4EIFXVKGYPC5EJA,B00U1S3UHQ,Appliances,1562848175432
AGQPZ56TGZCGHKB36HWDNWQGS6RQ,B01JZNCROY,Appliances,1593473430277
AEYDSV7C6RUHQBFTVHR6NPMKOAZQ,B01KJ2FVFW,Appliances,1511298993629
AHUGMYP7DKW6TWQFBFNTX3G72WFQ,B00U2YWPUM,Appliances,1562773329156
AGMAAAXJUHX6OPJWI56TFZD3D3MQ,B018T2TTL6,Appliances,1487164367000
AGL4ONTBDK25CMT2FVCZAUGLWNHQ,B0C7KTD41L,Appliances,1672704760870
AFS3ALASZEKJFDKJ7YBJQWP5O4GA,B00JR947EU,Appliances,1454164957000
AEN6TFIVX635GNHMXJNMJOA56JWA,B09YQ1CT3G,Appliances,1540481668113
AEN6TFIVX635GNHMXJNMJOA56JWA,B09YQ1CT3G,Appliances,1459971758000
AHWZ6P4V5KKGMHNW5MDBI34FSWVA,B07BFGZQ65,Appliances,1623894762012
AE75B5FZXGAK52RQY5XKLQTTK4HA,B00AQ6VTIK,Appliances,1531522140831
AHDCJCKC5ECOHFMIOJOUG6NRHO6A,B00LGUGJWQ,Appliances,1477686358000
AFKZDUEVDYUJV2PYLIMFKWIW2CZQ,B09FZR2LC5,Appliances,1503668578113
AHQW66DMLWVAY3KSMWFELOUAMD3A,B002ZNNE12,Appliances,1410740578000
AEQF24SNIMWRGBIG5EBCKDLMTFAA,B08LMFGRGY,Appliances,1654694773789
AEQF24SNIMWRGBIG5EBCKDLMTFAA,B07TT21PJ4,Appliances,1654694110233
AEQF24SNIMWRGBIG5EBCKDLMTFAA,B07J1XG1XD,Appliances,1596716694007
AGTR4A6CYH6AGEIYCAPYPQZERZLQ,B001TH7GZU,Appliances,1473043145000
AGTR4A6CYH6AGEIYCAPYPQZERZLQ,B00IB4BMDQ,Appliances,1458522871000
AED5VKZVSF7PC3TOET3PKBA5J2JA,B0BCFC29MD,Appliances,1677618786494
AED5VKZVSF7PC3TOET3PKBA5J2JA,B00AYBM0F8,Appliances,1534036259804
AGTTE3T4URI4FV5HDIJREAVRBQ6Q,B00BFIH0PE,Appliances,1401085223000
AHBSL5FBY72KB63INTSP3SNGMFBQ,B083Y6FJD6,Appliances,1660952267972
AHCWFGEJ6V3UR54B6W6ELGRKNUXA,B07854PBL9,Appliances,1643412897091
AGUO64P7C4QQ3NVBLJAHCGLLUCQA,B00AJ0VXPC,Appliances,1538420655139
AGUO64P7C4QQ3NVBLJAHCGLLUCQA,B000AST3AK,Appliances,1416248495000
AGAM2CCKV52HI4YZU7ASZTSXA7YQ,B0B5DHGWDV,Appliances,1664933314560
AGAM2CCKV52HI4YZU7ASZTSXA7YQ,B08888J5W1,Appliances,1595109049365
AHF5OLUZ6VKGFAJ7J5CIPI57O7GQ,B000NCTOUM,Appliances,1453348565000
AHF5OLUZ6VKGFAJ7J5CIPI57O7GQ,B004XLDE5A,Appliances,1453348482000
AGAHANLSS7DG4ZHNPP5S56W4SKHA,B077F4YFNJ,Appliances,1565492419602
AEIVH65KEDKZYV3X7DYNMLV3JMWQ,B0C85M2F4G,Appliances,1660152292088
AEIVH65KEDKZYV3X7DYNMLV3JMWQ,B0C7GLWSJN,Appliances,1659980722312
AEIVH65KEDKZYV3X7DYNMLV3JMWQ,B07D792QLR,Appliances,1579095850646
AETXMYPV6KHWTNVRXNXFYQN2TZNA,B0BHVBRK6H,Appliances,1672080636528
AGP77N3JWBG4QCXQV3IFI3FS6AEA,B0BWBF4MN1,Appliances,1663174885880
AGP77N3JWBG4QCXQV3IFI3FS6AEA,B09W5PMK5X,Appliances,1633967930497
AGP77N3JWBG4QCXQV3IFI3FS6AEA,B0CC6LCQHF,Appliances,1633967301123
AGMZO7NPGHYPLCOCLMQEDGKNCHVA,B000KI3O1O,Appliances,1346204822000
AEM54G6GVSBCFVMEWUKELLDH6CEQ,B00UXG4WR8,Appliances,1629153535964
AEM54G6GVSBCFVMEWUKELLDH6CEQ,B081FLRG3H,Appliances,1581365667346
AGPHO64AEPAVURFUJ2DCM7ZUUNAA,B0BVR77MZJ,Appliances,1563716198250
AGV2C4KYP77OQFD764SX5PRKOHZA,B0198ZXHEI,Appliances,1483071240000
AHTU4O4QDYDGUXW5ZO7OOYCTSXRA,B00VBP8QPO,Appliances,1625641334437
AHTU4O4QDYDGUXW5ZO7OOYCTSXRA,B09LM1H5N9,Appliances,1613369498638
AGM3KLRQOZDLAK5CZXUCH36ODCPQ,B07F4K3HXJ,Appliances,1461463147000
AFHWXNXC6ESEVULAEURH2C35FYEQ,B09YC8YCV6,Appliances,1585351944338
AEXTSZOMHUDQZ46764RKBNZ2WANA,B0748M7247,Appliances,1580942156720
AEFM3KYFZEOELC7JFFSFOWKXQQRA,B08CSX2RVQ,Appliances,1608403375783
AHQYTDHNXKU2OEJSVWVGBOJIQT4Q,B00N4YJJYC,Appliances,1506827184485
AGWX2VRM6GYPGQM3XNL2NEYY7JAQ,B00U7XGH52,Appliances,1562503801821
AGWX2VRM6GYPGQM3XNL2NEYY7JAQ,B019RGRYVU,Appliances,1554383782342
AGWX2VRM6GYPGQM3XNL2NEYY7JAQ,B00PI74MMM,Appliances,1554383639632
AEBEVCYY3HASVJ2Z5Q2Q36TENT2A,B00545AV9Q,Appliances,1519478265456
AFTMEJZVNY32NOSXQU3LB6HZD7IQ,B0BHVB8BF4,Appliances,1433384876000
AGJXHIPXCK4WKVEZ442E55WLA4NA,B07B2ZF4GH,Appliances,1594319855656
AGJXHIPXCK4WKVEZ442E55WLA4NA,B082S9JRRX,Appliances,1480945278000
AGJXHIPXCK4WKVEZ442E55WLA4NA,B0136ZB1KI,Appliances,1446767473000
AGJXHIPXCK4WKVEZ442E55WLA4NA,B002YPIM40,Appliances,1445025021000
AGJXHIPXCK4WKVEZ442E55WLA4NA,B09YP7FVC6,Appliances,1403398879000
AHZLHIUGLP67LYFOQP55SDLKDHAQ,B079J4WV5G,Appliances,1553593354996
AFQ3U5W7QT3XNGKJR7KEE7K2H27A,B07H3B3278,Appliances,1618705941281
AHTBPU7ASQDCHJ7ZTWH3HOMBHZ5Q,B0061JQBVG,Appliances,1417704119000
AHGW66AAYSLECZ72ROLIDILZW4XA,B07N854V1Z,Appliances,1614719356961
AFYBNKQHMQTDAJ73HFVFK7TWJXZA,B0BW9RFG33,Appliances,1551900024101
AFYBNKQHMQTDAJ73HFVFK7TWJXZA,B01ACKOGAC,Appliances,1474464389000
AHAK64IK5EQO5GNQ2PKAKZJQA4XA,B07G3DLP2M,Appliances,1673013084314
AHAK64IK5EQO5GNQ2PKAKZJQA4XA,B07G6726LN,Appliances,1549671218278
AHAK64IK5EQO5GNQ2PKAKZJQA4XA,B0009H7CAU,Appliances,1495680483000
AHAK64IK5EQO5GNQ2PKAKZJQA4XA,B004EBT7YQ,Appliances,1364472242000
AHAK64IK5EQO5GNQ2PKAKZJQA4XA,B004XLDVO4,Appliances,1364472144000
AHAK64IK5EQO5GNQ2PKAKZJQA4XA,B002ZNG752,Appliances,1364471841000
AFQ4Q2BBQ47WX4EJLQNWYFKWUKEQ,B000HZVBVU,Appliances,1408603962000
AGUT4PQSIW77BHDY5JHF5RCAHHOA,B07B4H3VN5,Appliances,1608403780602
AHPL7K4ZVYMR3KLWIPEYJL6L3UNQ,B0BCW97VD9,Appliances,1586270825361
AFQ46YF2OCPT3WEE7TMZ5CXMVHJA,B00LNG9YO8,Appliances,1475858021000
AHOSFHKHEGDAA53TE5RBW3K24RUA,B000RHWJYG,Appliances,1367981724000
AFLEUJNQJQOYOYDUJ2PSZ4O2TUJA,B0BHNSLKNZ,Appliances,1446868448000
AFLEUJNQJQOYOYDUJ2PSZ4O2TUJA,B0C7ZFZ7W7,Appliances,1446868314000
AFLEUJNQJQOYOYDUJ2PSZ4O2TUJA,B00DZU8OW8,Appliances,1446867806000
AGSR3D5M7TO2VX4RBJ3UWVB3LBZQ,B01N5B4LD8,Appliances,1526184018969
AGB6QNKZNHE5CAPD32FXGOZGD46Q,B00MGMXWR8,Appliances,1467079953000
AFEUJGH6HN52IP6H7ZD26KYZGEWQ,B004XLE3DC,Appliances,1548597283211
AFEUJGH6HN52IP6H7ZD26KYZGEWQ,B00EAMCW96,Appliances,1423506484000
AFEUJGH6HN52IP6H7ZD26KYZGEWQ,B004XS13B0,Appliances,1417371160000
AFTIM4OKTMFNKK4BRL4GNDHMPFSA,B08BNNH5PW,Appliances,1659632495734
AF4FU6F2U6MALWLDKKTRJLGQ7QXQ,B01L80JUJ2,Appliances,1544730305408
AECU5G5N7OSZDTE2ETVULZINKHHA,B000FNR9U6,Appliances,1619638282216
AE2KTZVOMXO3XBRSERKGSBX4Q4IA,B08XP29S76,Appliances,1628984664300
AE2KTZVOMXO3XBRSERKGSBX4Q4IA,B01KKUFW34,Appliances,1618511331019
AEMHQZM2SC3ME3O7DQS7ZP66WQLQ,B07QC7JRDP,Appliances,1604195665569
AFM7HUKTSQAG4AW3WX7WVVHACQSQ,B07SHKBXP5,Appliances,1614953588446
AENLRNTFD4RJR4WG6B5W6VVECBPQ,B074WCLFPV,Appliances,1523098547406
AHPMAKD46HQKR2NI4UD4NJMH6VZQ,B0C7CC35KH,Appliances,1628161139831
AEOLV4GPE4ZPLTKBRF2O3DCCJGFA,B07YNMD8RJ,Appliances,1581602737825
AH7MITPLIWNAYK3RFYK5EHWJHLAA,B07ZV2NPWL,Appliances,1637248922745
AEIY2WXJWZJSCUMR7S4F3AALGPEQ,B00ZDP8F2M,Appliances,1498046332180
AEIY2WXJWZJSCUMR7S4F3AALGPEQ,B001DEEU1C,Appliances,1421069891000
AFMDW5BQ6DP457UYMDBYD77P4FEQ,B06XR8WZX6,Appliances,1502682275327
AE73SQJO4UU5DT7JN6KY2LDG4MUQ,B07D8GWS4J,Appliances,1591457859270
AEIGYISHUVYNO26IKKNXZXFQB5EA,B0C9MGFHWY,Appliances,1626392571831
AECIBNSEFCIDJ5TLCTF6EABM55PQ,B07Q49KFFC,Appliances,1625792165114
AECIBNSEFCIDJ5TLCTF6EABM55PQ,B07CMT7WW9,Appliances,1518489918658
AH7P2ZJ7NDT2NNVS7ZEGNEPT2J2Q,B0C23YLYRD,Appliances,1560971361747
AFQKWXGOZ6N33TEWPESQEA7NQWIA,B07NJ6J39Y,Appliances,1640143957883
AFQKWXGOZ6N33TEWPESQEA7NQWIA,B01NBI9JKR,Appliances,1601578216193
AFQKWXGOZ6N33TEWPESQEA7NQWIA,B075J8P21L,Appliances,1561239129644
AHAMLMJSK2W7YGCK6DJIP7QNSWVA,B0BXWBPVYS,Appliances,1661886721544
AHAMLMJSK2W7YGCK6DJIP7QNSWVA,B0BXRM5JFJ,Appliances,1580502812073
AEVJIRIDAUSPMQQ764YTZ4JGQJVQ,B07JHBPYKZ,Appliances,1590316836883
AEVJIRIDAUSPMQQ764YTZ4JGQJVQ,B000VBLBUG,Appliances,1512232494766
AHJSGZG5LSL3AZXJR3OTZE7URPDA,B0C2Z9G8FZ,Appliances,1617673691820
AEPXXPTX2P5RECWXHDAYPAJQW3ZQ,B09LM1H5N9,Appliances,1621541500223
AHKMQQJ4WQ42244ELUBC3DGX4WFQ,B07D5N8XV3,Appliances,1535381212143
AFJGJG44OD2RSWGNRJTUMYWYFCEQ,B0BS8SRQF1,Appliances,1677177758896
AEMZX2FHIAL2R6YPCIXUSWFRB33Q,B09LM1H5N9,Appliances,1596652634761
AE6LQC6BXTLVFJ2MTWAOPIDOSY6Q,B00E84Q15C,Appliances,1426729226000
AHM2MM7EVW2A2MMLPQYA7VVKX46A,B01KJ2FVFW,Appliances,1632340300202
AHM2MM7EVW2A2MMLPQYA7VVKX46A,B082S9JRRX,Appliances,1597877923962
AHM2MM7EVW2A2MMLPQYA7VVKX46A,B008DJPLZY,Appliances,1517829573450
AFXDZW5H5LXQAZU7TM57Q25V5LQA,B000BTDNEK,Appliances,1396137753000
AE2ODQD5CBSZKNZLJCDKZFYKOTEQ,B07NL9T1GL,Appliances,1618353653928
AE5PZITMWZJBPVKL7XXYUFBTITQA,B00VBP8QPO,Appliances,1651172311387
AE5PZITMWZJBPVKL7XXYUFBTITQA,B07QHWWYR9,Appliances,1587766864662
AE5PZITMWZJBPVKL7XXYUFBTITQA,B01MRUOEVP,Appliances,1572999617727
AE5PZITMWZJBPVKL7XXYUFBTITQA,B003082MKU,Appliances,1418605772000
AE5PZITMWZJBPVKL7XXYUFBTITQA,B0053FA098,Appliances,1375732550000
AE5PZITMWZJBPVKL7XXYUFBTITQA,B07D7FSX5C,Appliances,1362696422000
AF6FIROQ4AQHOPDP47MB5B57PBBQ,B08888J5W1,Appliances,1667308514534
AF7SMYF7IQO4D5ZLYS5DKXADR4AQ,B07SM1PGJW,Appliances,1607228807225
AERBGR3GPGZ4IJMR3C2SYO64PVLQ,B00V3U2IUG,Appliances,1442916121000
AERBGR3GPGZ4IJMR3C2SYO64PVLQ,B012YQL5IS,Appliances,1434510109000
AHLKMDOCHILC5FEIGIM36E6WNQUA,B01DJ4BYWQ,Appliances,1484164995000
AFBZB7EUY7SMOT2VWH6ZINDKXS5A,B000IJUX4G,Appliances,1466822665000
AFBZB7EUY7SMOT2VWH6ZINDKXS5A,B008YDSFR0,Appliances,1401393103000
AG4H4WHLCUIJMCIRGXUZWNVIOODA,B08527L62M,Appliances,1609436717770
AG4H4WHLCUIJMCIRGXUZWNVIOODA,B00Y5DDMNK,Appliances,1526602695347
AG7GVIVA5QL62KVURGM4YUBWE6QQ,B0C7CKLVXW,Appliances,1667874346175
AE2EUSV2YAM6MV62P4JCC3XBKWTQ,B08YR8KB69,Appliances,1667346629994
AE2EUSV2YAM6MV62P4JCC3XBKWTQ,B0C85M2F4G,Appliances,1640273844028
AE2EUSV2YAM6MV62P4JCC3XBKWTQ,B004Q3XO7I,Appliances,1414461429000
AFIILFLTBWOTZ5Y7FAHBU3IQDCMQ,B07NDQVTX8,Appliances,1504094359756
AFIILFLTBWOTZ5Y7FAHBU3IQDCMQ,B0081N3YW4,Appliances,1454692236000
AFIILFLTBWOTZ5Y7FAHBU3IQDCMQ,B09YP7FVC6,Appliances,1439771591000
AF3LJ24EOLXZXYW6TDYZMXXOWDNA,B00LNG9YO8,Appliances,1628553992431
AF3LJ24EOLXZXYW6TDYZMXXOWDNA,B01KKUFW34,Appliances,1628553936685
AG2BU3TJUGVR2Y4XCX2O5WEBG23A,B012IPS4OS,Appliances,1540828102122
AFGNK6IBETT72HOGGHE7GMBDWPQA,B07QLCL94B,Appliances,1571506184167
AG4DEQCBVNCJPRHXC3S255BBJALQ,B00BA0CK16,Appliances,1582904650551
AE5GHFQZ6IXM4QNYTLTYJO24KQZQ,B0B7XGWT5Q,Appliances,1677419958178
AE5GHFQZ6IXM4QNYTLTYJO24KQZQ,B08FDB6W59,Appliances,1676604360151
AE5GHFQZ6IXM4QNYTLTYJO24KQZQ,B00Q4X2GDQ,Appliances,1587732251875
AE5GHFQZ6IXM4QNYTLTYJO24KQZQ,B00Q4X2FSM,Appliances,1587505574285
AFPIRNSJ6DI4QWTFO4SCB3RRPCLA,B0BTSQRXNZ,Appliances,1576111465187
AHO6NKSLKTMVGTODSOXMIHE5NHMA,B0042ACZU2,Appliances,1411797621000
AET6LNHYJSP2YV7AYAKLCZYIQYZA,B00L03WH7A,Appliances,1431356268000
AEZTSZFWI6C6GOUJ2LIH47YFC4AA,B07RZ4MGXR,Appliances,1582136829793
AG2YZAV4ZFEDPO3RTCLL57DOIHNA,B07CYNWTXK,Appliances,1558567717005
AGQJNKMSO6GLDEMFBKFK7OPIZP7Q,B0799Q45TT,Appliances,1597897155870
AFWKMTS6HGPLGCF7XA7PCPM76ITQ,B07CP1KY9M,Appliances,1477060687000
AHOPQNKQOSYCDOOL7J7P2CROHSFA,B0B21BBZRF,Appliances,1663425775886
AEWBQMOHOUFV6TMO4VUT2PZ7URZQ,B07C97Q8LG,Appliances,1566045393050
AEWBQMOHOUFV6TMO4VUT2PZ7URZQ,B07JMDQSYC,Appliances,1566045159756
AFX7YG24VHVGD2T5Y3YZZL7XZEJA,B0C7GLWSJN,Appliances,1639521991209
AFX7YG24VHVGD2T5Y3YZZL7XZEJA,B008KFGD80,Appliances,1574032972725
AFX7YG24VHVGD2T5Y3YZZL7XZEJA,B0C85M2F4G,Appliances,1541270029377
AEQ3LN5N2CVKDJYM5AM5KUKUWS5Q,B00F5VMM2I,Appliances,1589638924575
AEQ3LN5N2CVKDJYM5AM5KUKUWS5Q,B01FO567M0,Appliances,1589638882290
AEZI46LNQNWUSPGUSZQRAGS5QTQQ,B01G44XXMC,Appliances,1506896558980
AFMHO73ZLBHUMB36EHB4GUFLM3SA,B0BHSNBGWY,Appliances,1675936087422
AFMHO73ZLBHUMB36EHB4GUFLM3SA,B08FDD8GZN,Appliances,1652338823802
AFMHO73ZLBHUMB36EHB4GUFLM3SA,B00MOCL222,Appliances,1610502238336
AFMHO73ZLBHUMB36EHB4GUFLM3SA,B01BREK1OC,Appliances,1610500603469
AFMHO73ZLBHUMB36EHB4GUFLM3SA,B075FD1RHQ,Appliances,1577392384734
AFMHO73ZLBHUMB36EHB4GUFLM3SA,B0B9H5NZRD,Appliances,1550648852758
AFMHO73ZLBHUMB36EHB4GUFLM3SA,B09GHK3F4Y,Appliances,1548978786560
AFMHO73ZLBHUMB36EHB4GUFLM3SA,B0081E9HRY,Appliances,1507766576670
AFMHO73ZLBHUMB36EHB4GUFLM3SA,B00DZU7LGS,Appliances,1506564969126
AFMHO73ZLBHUMB36EHB4GUFLM3SA,B017MHZH9C,Appliances,1478501111000
AFMHO73ZLBHUMB36EHB4GUFLM3SA,B01GFNANJS,Appliances,1478501018000
AFMHO73ZLBHUMB36EHB4GUFLM3SA,B00H4DCGDA,Appliances,1445745273000
AETOPBLLOVEAMSUYLIVTIKRWTGZA,B08WXFP2LV,Appliances,1631194766200
AF5RVRTRQF5AGSLBEKXTZOOKHEUQ,B00ECV2W4K,Appliances,1427050206000
AF5UYBKAI373BZMFTLUQIYNXX4PA,B00BJ9T214,Appliances,1552159242764
AHQKIZLDNQ6CWF3QH5W4RU2BWS2A,B089P2NL4X,Appliances,1657911950248
AHQKIZLDNQ6CWF3QH5W4RU2BWS2A,B08SWD9RGJ,Appliances,1641323274679
AHKIUZ2HG4WAFYXOPDQHDORY4GRQ,B0BLSHMSSS,Appliances,1670253774014
AHVOQ4CBGSXUQKOR2A3BPCV53YMA,B008YDSH6E,Appliances,1539443906008
AE3RWZZCMUE5WJ7X57LT4EWXFXZA,B004H3XSYG,Appliances,1442492100000
AE3RWZZCMUE5WJ7X57LT4EWXFXZA,B009EGOQHE,Appliances,1363230552000
AE3RWZZCMUE5WJ7X57LT4EWXFXZA,B000DLB2FI,Appliances,1363192523000
AE3RWZZCMUE5WJ7X57LT4EWXFXZA,B002YPC2NM,Appliances,1341157344000
AGHWYYIDFNU6QHVTQNO4NBCUH3VA,B000FNKVKG,Appliances,1611251327621
AHN2JWI4P3YOBVJYPAFS3BDVZ77Q,B01CBWDY0C,Appliances,1619107042405
AGXVBIUFLFGMVLATYXHJYL4A5Q7Q,B0BV88374L,Automotive,1513092936205
AFE337D2J37YRU5U6MVTVKNDKWDA,B0B2WGS5ND,Automotive,1659124303053
AEVWAM3YWN5URJVJIZZ6XPD2MKIA,B00A0GV20Q,Automotive,1388666735000
AHITBJSS7KYUBVZPX7M2WJCOIVKQ,B08C27WWVG,Automotive,1651801619265
AHITBJSS7KYUBVZPX7M2WJCOIVKQ,B0719J5ZNY,Automotive,1574097084236
AHITBJSS7KYUBVZPX7M2WJCOIVKQ,B0C2Z1WDGW,Automotive,1560014006319
AHITBJSS7KYUBVZPX7M2WJCOIVKQ,B00496GUC8,Automotive,1438268118000
AHITBJSS7KYUBVZPX7M2WJCOIVKQ,B01960CIB8,Automotive,1438049657000
AERGOXGAFZ2J3ZMHXVLZQGTW36RA,B07XF3R82L,Automotive,1618857584664
AFVNEEPDEIH5SPUN5BWC6NKL3WNQ,B00VMVWAW2,Automotive,1580484465419
AFEIN7QWSQ6EFW45LKD7ZOCSMLGQ,B00CNZF3X4,Automotive,1560371039064
AHSPLDNW5OOUK2PLH7GXLACFBZNQ,B07HNHC828,Automotive,1568739981884
AHSPLDNW5OOUK2PLH7GXLACFBZNQ,B01MT9ZMAI,Automotive,1508276564172
AHWWLSPCJMALVHDDVSUGICL6RUCA,B00LD1F3UW,Automotive,1664747107780
AHWWLSPCJMALVHDDVSUGICL6RUCA,B00LD1F410,Automotive,1664747094922
AHWWLSPCJMALVHDDVSUGICL6RUCA,B092QX3F49,Automotive,1664746954617
AEFKF6R2GUSK2AWPSWRR4ZO36JVQ,B07YJRHG9B,Automotive,1609828360606
AEFKF6R2GUSK2AWPSWRR4ZO36JVQ,B07ZT49LX7,Automotive,1609827930751
AF4BOHAQZZBMDYP7B6IWIKQNHTCA,B008Y84LF0,Automotive,1643769472122
AF4BOHAQZZBMDYP7B6IWIKQNHTCA,B079HSTWZF,Automotive,1537748671123
AF4BOHAQZZBMDYP7B6IWIKQNHTCA,B075J84HRB,Automotive,1537748608602
AH4MB6HER73XDOV6I4ICPNT24YQQ,B0023VIFQ0,Automotive,1430067654000
AFWHJ6O3PV4JC7PVOJH6CPULO2KQ,B01FS6527G,Automotive,1504898878663
AHCPZDDPHJE3G7M6ST5WGRPLXHOA,B097SWTNR5,Automotive,1646224097585
AEWJXW46LKSW22FWTGRYTLNE7TGA,B00KXPE1AC,Automotive,1509441190662
AH6PDU5N7P7TLLVFHCY64IFV7HIQ,B07953BPQD,Automotive,1624640273272
AHDZ3PFHIGTE7EOQBUMVRBFRMWJQ,B00Z7N0DHA,Automotive,1647205966235
AGCS6HSZBL6OPU4V4LD5H6GMBC4Q,B004GDZ1R4,Automotive,1490649598000
AHXBL3QDWZGJYH7A5CMPFNUPMF7Q,B07KQ97LC3,Automotive,1593224825687
AG6BAEKWLCWH2TW3KKLVK773YF6A,B08HJQ9MKB,Automotive,1615313666010
AEQAYV7RXZEBXMQIQPL6KCT2CFWQ,B092MHMJ3Q,Automotive,1642724203901
AEQAYV7RXZEBXMQIQPL6KCT2CFWQ,B003ZBCIHY,Automotive,1642724141160
AEQAYV7RXZEBXMQIQPL6KCT2CFWQ,B09B71RKM4,Automotive,1642723907030
AEQAYV7RXZEBXMQIQPL6KCT2CFWQ,B08NRV5FGJ,Automotive,1642722155270
AEQAYV7RXZEBXMQIQPL6KCT2CFWQ,B00U9V0DPW,Automotive,1642721812255
AEQAYV7RXZEBXMQIQPL6KCT2CFWQ,B00I8IP7FO,Automotive,1630752881248
AEQAYV7RXZEBXMQIQPL6KCT2CFWQ,B0186P1MUW,Automotive,1621534555923
AEQAYV7RXZEBXMQIQPL6KCT2CFWQ,B07MG4LQ1W,Automotive,1595100887428
AEQAYV7RXZEBXMQIQPL6KCT2CFWQ,B07FFBQZH6,Automotive,1588678271295
AEQAYV7RXZEBXMQIQPL6KCT2CFWQ,B00F0VK67Q,Automotive,1582477017005
AEQAYV7RXZEBXMQIQPL6KCT2CFWQ,B07H4T2YZ3,Automotive,1571352125313
AEQAYV7RXZEBXMQIQPL6KCT2CFWQ,B07DC3SWLD,Automotive,1565309759478
AEQAYV7RXZEBXMQIQPL6KCT2CFWQ,B009DK7MIG,Automotive,1565309718697
AEQAYV7RXZEBXMQIQPL6KCT2CFWQ,B01KJ9W69E,Automotive,1565309689034
AEQAYV7RXZEBXMQIQPL6KCT2CFWQ,B008YDDRFA,Automotive,1565309653796
AEQAYV7RXZEBXMQIQPL6KCT2CFWQ,B00TOUWVC2,Automotive,1565309613575
AEQAYV7RXZEBXMQIQPL6KCT2CFWQ,B000JZCYWI,Automotive,1565309415803
AEQAYV7RXZEBXMQIQPL6KCT2CFWQ,B01H825MV4,Automotive,1565309372312
AEQAYV7RXZEBXMQIQPL6KCT2CFWQ,B00HLAFFWK,Automotive,1565309330319
AEQAYV7RXZEBXMQIQPL6KCT2CFWQ,B0786CN95L,Automotive,1565309297639
AHUVQ4UNB2JGV6MY4ZT75SZLPUBQ,B0BHLHGV2F,Automotive,1627989829884
AF232QQ7UDHGQOVR6LZ3X7ZVQ3ZA,B0837D6B9M,Automotive,1595686474497
AF232QQ7UDHGQOVR6LZ3X7ZVQ3ZA,B00BYH6C1E,Automotive,1504973086974
AEVPPTMG43C6GWSR7I2UGRQN7WFQ,B0BR66YW92,Automotive,1651459790734
AEVPPTMG43C6GWSR7I2UGRQN7WFQ,B0C49T4N1D,Automotive,1649908616419
AEVPPTMG43C6GWSR7I2UGRQN7WFQ,B0BXLS3ZPZ,Automotive,1645827942907
AEVPPTMG43C6GWSR7I2UGRQN7WFQ,B07FV6KHBK,Automotive,1620231243977
AEVPPTMG43C6GWSR7I2UGRQN7WFQ,B08CR2VKN5,Automotive,1619229273980
AEVPPTMG43C6GWSR7I2UGRQN7WFQ,B08X9LQL3F,Automotive,1619229224067
AEVPPTMG43C6GWSR7I2UGRQN7WFQ,B08P497MTX,Automotive,1619228614055
AEVPPTMG43C6GWSR7I2UGRQN7WFQ,B0C4CPPMSJ,Automotive,1619227538564
AEVPPTMG43C6GWSR7I2UGRQN7WFQ,B09YMNRM8R,Automotive,1613256115160
AEVPPTMG43C6GWSR7I2UGRQN7WFQ,B08MKZ7KLT,Automotive,1612903520957
AEVPPTMG43C6GWSR7I2UGRQN7WFQ,B0C5J3KLKB,Automotive,1612903389898
AHREXOGQPZDA6354MHH4ETSF3MCQ,B087R4J9B1,Automotive,1678370864905
AHREXOGQPZDA6354MHH4ETSF3MCQ,B097BJDMSC,Automotive,1678370208958
AH6CATODIVPVUOJEWHRSRCSKAOHA,B001TLSQ5A,Automotive,1588937925732
AEO4M665ZOCBF7HEFRMTUDHLSB5Q,B00LI6JIK8,Automotive,1483739226000
AFSKPY37N3C43SOI5IEXEK5JSIYA,B082WSJX8P,Automotive,1581076352453
AFSKPY37N3C43SOI5IEXEK5JSIYA,B07Q748WXB,Automotive,1565173209696
AFSKPY37N3C43SOI5IEXEK5JSIYA,B07TKKTMCQ,Automotive,1549452127386
AGCPAPUHXYA3EEIL2KGSQTGO5HRA,B0871VDNFD,Automotive,1599678253551
AFGNIWCBLQT2QIXXKIW7Q6VREZRQ,B07MXPD5JD,Automotive,1585548145825
AG35BKPUEUMX7LV5YLOQ5YCQ3GOA,B091JL6NJY,Automotive,1480389814000
AGKFRCDY4WBW4RH6GFYFJ3T3XBSA,B00DSK0L9O,Automotive,1597781282762
AHGAOIZVODNHYMNCBV4DECZH42UQ,B07BDH9T24,Automotive,1517520685673
AGUMKAETPKF5G37FKT6CXLBRPOAA,B002RN6QY2,Automotive,1548089982364
AEEPQNBGOQFIIR36NAUCIFL5F3MQ,B07WXM4QNM,Automotive,1672191865693
AFGEM6BXCYHUILEOA3P2ZYBEF2TA,B0B1J8WVLK,Automotive,1678291143515
AFGEM6BXCYHUILEOA3P2ZYBEF2TA,B000Q0S9K2,Automotive,1658348897632
AFGEM6BXCYHUILEOA3P2ZYBEF2TA,B094VSXGP5,Automotive,1658348820399
AFGEM6BXCYHUILEOA3P2ZYBEF2TA,B09LR87Y2T,Automotive,1645745757371
AHHBXLYVZCDODBPA2NTPSACJD6CA,B0C7CD15HG,Automotive,1634778900711
AEOKAIB6OJVB5FRZGLEB3YAK5UBQ,B0182IAVEG,Automotive,1560818106533
AEOKAIB6OJVB5FRZGLEB3YAK5UBQ,B01G7QTQC8,Automotive,1555891248471
AEOKAIB6OJVB5FRZGLEB3YAK5UBQ,B01G7QTQLO,Automotive,1527350965761
AEMO4BFY2UXCQE4XOFORK5EFFCDA,B093789H5T,Automotive,1638253581013
AEMO4BFY2UXCQE4XOFORK5EFFCDA,B000C71J2O,Automotive,1616173850656
AEMO4BFY2UXCQE4XOFORK5EFFCDA,B0BFQX62CZ,Automotive,1593959485582
AEMO4BFY2UXCQE4XOFORK5EFFCDA,B07FQVRQNQ,Automotive,1590035804790
AEMO4BFY2UXCQE4XOFORK5EFFCDA,B07GN5HHXJ,Automotive,1575644253509
AHX4XWVVQUKT3FCNWCVASDF4Q56Q,B09HCF4V28,Automotive,1668624270031
AHX4XWVVQUKT3FCNWCVASDF4Q56Q,B095V63SSN,Automotive,1665687045074
AHX4XWVVQUKT3FCNWCVASDF4Q56Q,B0C2YXN878,Automotive,1646003994590
AHX4XWVVQUKT3FCNWCVASDF4Q56Q,B09KP92X1Q,Automotive,1623475060836
AHX4XWVVQUKT3FCNWCVASDF4Q56Q,B08D6HLFMS,Automotive,1606861358887
AHX4XWVVQUKT3FCNWCVASDF4Q56Q,B001GH6CGM,Automotive,1591770033607
AHY7ZJB523OPTIKXRI63PS2V6FSQ,B08VWSJRJG,Automotive,1615065838668
AHY7ZJB523OPTIKXRI63PS2V6FSQ,B00WY3VY10,Automotive,1592090308036
AHY7ZJB523OPTIKXRI63PS2V6FSQ,B0C48BP812,Automotive,1550503157922
AEYEP6B5W5QBNMM4OBQBQJDJ63SA,B07D291SR6,Automotive,1567015009325
AHZ6XMOLEWA67S3TX7IWEXXGWSOA,B015NK6DDO,Automotive,1646701681528
AHZ6XMOLEWA67S3TX7IWEXXGWSOA,B000NWPHE4,Automotive,1635633781623
AHZ6XMOLEWA67S3TX7IWEXXGWSOA,B08HKS28ZP,Automotive,1633667303393
AHZ6XMOLEWA67S3TX7IWEXXGWSOA,B09PR9ST93,Automotive,1629317116840
AHZ6XMOLEWA67S3TX7IWEXXGWSOA,B0C3B73K6Z,Automotive,1611881936385
AHZ6XMOLEWA67S3TX7IWEXXGWSOA,B01BEPWWTG,Automotive,1611880584423
AHZ6XMOLEWA67S3TX7IWEXXGWSOA,B0009XG9JY,Automotive,1611880430403
AHZ6XMOLEWA67S3TX7IWEXXGWSOA,B083SMHYX2,Automotive,1611880364293
AHZ6XMOLEWA67S3TX7IWEXXGWSOA,B00J65IPBQ,Automotive,1611880216013
AHZ6XMOLEWA67S3TX7IWEXXGWSOA,B07HMH6TD4,Automotive,1611879534139
AHZ6XMOLEWA67S3TX7IWEXXGWSOA,B09PR9ST93,Automotive,1543895038034
AHZ6XMOLEWA67S3TX7IWEXXGWSOA,B0009IR056,Automotive,1524422802634
AHZ6XMOLEWA67S3TX7IWEXXGWSOA,B0009IQYF8,Automotive,1524422469618
AHZ6XMOLEWA67S3TX7IWEXXGWSOA,B004GCQVJW,Automotive,1513823172561
AHZ6XMOLEWA67S3TX7IWEXXGWSOA,B00T9LR5TU,Automotive,1437795350000
AHZ6XMOLEWA67S3TX7IWEXXGWSOA,B0006302MM,Automotive,1436670551000
AHZ6XMOLEWA67S3TX7IWEXXGWSOA,B0016HPX4O,Automotive,1433803721000
AHZ6XMOLEWA67S3TX7IWEXXGWSOA,B004XJ0EF0,Automotive,1417949589000
AHZ6XMOLEWA67S3TX7IWEXXGWSOA,B004WLNZZA,Automotive,1417949519000
AHZ6XMOLEWA67S3TX7IWEXXGWSOA,B000PCZZ6C,Automotive,1406382634000
AHZ6XMOLEWA67S3TX7IWEXXGWSOA,B077SW1X6L,Automotive,1406382557000
AHZ6XMOLEWA67S3TX7IWEXXGWSOA,B002V3LRCE,Automotive,1406382511000
AFZUK3MTBIBEDQOPAK3OATUOUKLA,B094MWJXMH,Automotive,1672531065887
AFZUK3MTBIBEDQOPAK3OATUOUKLA,B07H7Y916X,Automotive,1671847763241
AFZUK3MTBIBEDQOPAK3OATUOUKLA,B0B21D7L6J,Automotive,1665684265283
AFZUK3MTBIBEDQOPAK3OATUOUKLA,B07L7VSHN1,Automotive,1664665680343
AFZUK3MTBIBEDQOPAK3OATUOUKLA,B08BL3JLSL,Automotive,1664301635829
AFZUK3MTBIBEDQOPAK3OATUOUKLA,B07TDNNNJP,Automotive,1660701784332
AFZUK3MTBIBEDQOPAK3OATUOUKLA,B0B14YWWTR,Automotive,1655755454587
AFZUK3MTBIBEDQOPAK3OATUOUKLA,B01BD8AHCI,Automotive,1654055950335
AFZUK3MTBIBEDQOPAK3OATUOUKLA,B0B6DK8S7B,Automotive,1644193794735
AFZUK3MTBIBEDQOPAK3OATUOUKLA,B0007ZHTTS,Automotive,1630364148503
AFZUK3MTBIBEDQOPAK3OATUOUKLA,B00MI59W90,Automotive,1628184444113
AFZUK3MTBIBEDQOPAK3OATUOUKLA,B01KDW2MLY,Automotive,1627187898071
AFZUK3MTBIBEDQOPAK3OATUOUKLA,B08PPRD48J,Automotive,1627187494360
AFZUK3MTBIBEDQOPAK3OATUOUKLA,B01MZXMXJ6,Automotive,1624908145406
AFZUK3MTBIBEDQOPAK3OATUOUKLA,B088Q6LY5T,Automotive,1624907841394
AFZUK3MTBIBEDQOPAK3OATUOUKLA,B0BRZTJSDP,Automotive,1620347543424
AFZUK3MTBIBEDQOPAK3OATUOUKLA,B07XG483WV,Automotive,1615137606367
AFZUK3MTBIBEDQOPAK3OATUOUKLA,B07Z9YKLLL,Automotive,1615137514969
AFZUK3MTBIBEDQOPAK3OATUOUKLA,B086NJM5FD,Automotive,1611813767698
AFZUK3MTBIBEDQOPAK3OATUOUKLA,B0BT53YTTZ,Automotive,1590901358102
AFZUK3MTBIBEDQOPAK3OATUOUKLA,B0BZJ6PFBB,Automotive,1590215175314
AFZUK3MTBIBEDQOPAK3OATUOUKLA,B08X1F42NG,Automotive,1590212444932
AFZUK3MTBIBEDQOPAK3OATUOUKLA,B07Q3HTGC7,Automotive,1589395842176
AFZUK3MTBIBEDQOPAK3OATUOUKLA,B01KP4X3UO,Automotive,1575402993972
AFZUK3MTBIBEDQOPAK3OATUOUKLA,B09BF693L6,Automotive,1547316703224
AFZUK3MTBIBEDQOPAK3OATUOUKLA,B00E5WNWFO,Automotive,1537897661331
AFZUK3MTBIBEDQOPAK3OATUOUKLA,B072HVDB4K,Automotive,1533691589868
AFZUK3MTBIBEDQOPAK3OATUOUKLA,B00J5GJ34Y,Automotive,1533662914436
AFZUK3MTBIBEDQOPAK3OATUOUKLA,B0C5YP212S,Automotive,1516161430603
AFZUK3MTBIBEDQOPAK3OATUOUKLA,B0BX4KJ19W,Automotive,1515613124526
AFZUK3MTBIBEDQOPAK3OATUOUKLA,B000OCH8FO,Automotive,1509635604764
AFZUK3MTBIBEDQOPAK3OATUOUKLA,B001JT1DI4,Automotive,1509121624422
AFZUK3MTBIBEDQOPAK3OATUOUKLA,B00GYDBPL0,Automotive,1508173841424
AFZUK3MTBIBEDQOPAK3OATUOUKLA,B06XFXPZV8,Automotive,1507748388364
AFZUK3MTBIBEDQOPAK3OATUOUKLA,B005R63HOI,Automotive,1507325730659
AFZUK3MTBIBEDQOPAK3OATUOUKLA,B00CHD3MS0,Automotive,1502753212388
AFZUK3MTBIBEDQOPAK3OATUOUKLA,B009I6GNEE,Automotive,1502753128285
AFZUK3MTBIBEDQOPAK3OATUOUKLA,B007SLDDHQ,Automotive,1502212870451
AFZUK3MTBIBEDQOPAK3OATUOUKLA,B0BYKJ9JGL,Automotive,1473533270000
AFZUK3MTBIBEDQOPAK3OATUOUKLA,B00J7XSOLS,Automotive,1473468045000
AFZUK3MTBIBEDQOPAK3OATUOUKLA,B075VBW3W7,Automotive,1473467875000
AFZUK3MTBIBEDQOPAK3OATUOUKLA,B088KDZXJ8,Automotive,1473364570000
AFZUK3MTBIBEDQOPAK3OATUOUKLA,B0BXFRKRJ1,Automotive,1470875284000
AFZUK3MTBIBEDQOPAK3OATUOUKLA,B00S8A0932,Automotive,1470875128000
AFZUK3MTBIBEDQOPAK3OATUOUKLA,B00J4XMJ7Q,Automotive,1466560955000
AFZUK3MTBIBEDQOPAK3OATUOUKLA,B013GXL5OC,Automotive,1449083109000
AFZUK3MTBIBEDQOPAK3OATUOUKLA,B000LQ78YY,Automotive,1438015686000
AFZUK3MTBIBEDQOPAK3OATUOUKLA,B000XWQKVS,Automotive,1428122474000
AFZUK3MTBIBEDQOPAK3OATUOUKLA,B0CDCNRSGQ,Automotive,1396297181000
AFZUK3MTBIBEDQOPAK3OATUOUKLA,B000E7WLJW,Automotive,1365269478000
AEDRFOIY6IFY7DWSPRRNGEFIFE2Q,B0777SJ3ST,Automotive,1649347714446
AEDRFOIY6IFY7DWSPRRNGEFIFE2Q,B07X1Z6ZYG,Automotive,1642285762305
AEDRFOIY6IFY7DWSPRRNGEFIFE2Q,B078M73D6G,Automotive,1642285581197
AEDRFOIY6IFY7DWSPRRNGEFIFE2Q,B00E4XWNY0,Automotive,1631918497556
AEDRFOIY6IFY7DWSPRRNGEFIFE2Q,B01HB1KM08,Automotive,1509555041805
AEDRFOIY6IFY7DWSPRRNGEFIFE2Q,B01MT7ZO0S,Automotive,1460724281000
AEDRFOIY6IFY7DWSPRRNGEFIFE2Q,B005TU62DU,Automotive,1460724253000
AEDRFOIY6IFY7DWSPRRNGEFIFE2Q,B0049EH05Q,Automotive,1460723782000
AEDRFOIY6IFY7DWSPRRNGEFIFE2Q,B002M9W7RQ,Automotive,1421930089000
AE2TA5GQH4JI5RQ4W5H5PQOVYBGA,B011VJLEFI,Automotive,1610813067558
AHFURURV4H35BXUUTXYMJYA36CTQ,B00ARUPXTQ,Automotive,1580948255602
AHFURURV4H35BXUUTXYMJYA36CTQ,B0B21GD1QL,Automotive,1579280894113
AHFURURV4H35BXUUTXYMJYA36CTQ,B07HLXMHG7,Automotive,1563638649356
AHFURURV4H35BXUUTXYMJYA36CTQ,B06XSTBBS4,Automotive,1555609089982
AHFURURV4H35BXUUTXYMJYA36CTQ,B0067F3R3O,Automotive,1511628289300
AHFURURV4H35BXUUTXYMJYA36CTQ,B00030BFQA,Automotive,1483045370000
AHFURURV4H35BXUUTXYMJYA36CTQ,B004GCBZMU,Automotive,1483045342000
AHFURURV4H35BXUUTXYMJYA36CTQ,B004GCAKYE,Automotive,1483045330000
AHFURURV4H35BXUUTXYMJYA36CTQ,B000C9GYOA,Automotive,1470853460000
AFSNGBROR4NUCU6UQCJBB4VEJOPA,B01HJA07NI,Automotive,1641132117982
AFSNGBROR4NUCU6UQCJBB4VEJOPA,B000C6MMDK,Automotive,1639402467655
AFSNGBROR4NUCU6UQCJBB4VEJOPA,B07799DSKV,Automotive,1586038808998
AFETVW7S5M4LVJ7GTWPCKT7S3YBQ,B0C8V52BLR,Automotive,1673194796030
AFETVW7S5M4LVJ7GTWPCKT7S3YBQ,B08XB77JG3,Automotive,1639897958791
AFETVW7S5M4LVJ7GTWPCKT7S3YBQ,B005M26N16,Automotive,1537147742948
AFKSYG2XHOCLCVDDKEZMWQTFFG7A,B0037ZAV40,Automotive,1409150314000
AFANVB6MPHJTCTFOVIEBKLWZ2GVA,B09LLRCLC1,Automotive,1583996887732
AFANVB6MPHJTCTFOVIEBKLWZ2GVA,B0C7CCR7PL,Automotive,1577972465805
AFANVB6MPHJTCTFOVIEBKLWZ2GVA,B07J12B252,Automotive,1577971550763
AH4VGTN3VWRIESJMI4VGQHSQ4KRA,B098DGRZGV,Automotive,1635720696481
AGF42GID7QWDCNFTJRCTMKAITJJA,B0BDKRG52L,Automotive,1641661263713
AFPIWRC7U5TIT7ZTT67WUPX37HTQ,B0CD1C7ZMD,Automotive,1582417463986
AGD53FZJLNU4UOJE43EZTFFDJYTA,B0183FFQRK,Automotive,1498431776592
AGD53FZJLNU4UOJE43EZTFFDJYTA,B01IA93BJ4,Automotive,1497204802629
AGD53FZJLNU4UOJE43EZTFFDJYTA,B01M4JZZ50,Automotive,1493499480000
AGA3VBG56LW5VBDMWXE23N4PG2IA,B08GZDVN4F,Automotive,1603060466503
AH23K7IAT3VTGWZJQFPHVIT4HLSQ,B0BMVCS4JB,Automotive,1639328228768
AH23K7IAT3VTGWZJQFPHVIT4HLSQ,B0956JM8VQ,Automotive,1630015099959
AH23K7IAT3VTGWZJQFPHVIT4HLSQ,B0874X62N6,Automotive,1583928637791
AH23K7IAT3VTGWZJQFPHVIT4HLSQ,B07N48HH3S,Automotive,1582402085249
AH23K7IAT3VTGWZJQFPHVIT4HLSQ,B071JQ6D69,Automotive,1578878639303
AH23K7IAT3VTGWZJQFPHVIT4HLSQ,B0112V50FU,Automotive,1572840354978
AH23K7IAT3VTGWZJQFPHVIT4HLSQ,B0107FGC1I,Automotive,1551737480626
AH23K7IAT3VTGWZJQFPHVIT4HLSQ,B0091XUAY8,Automotive,1551737454820
AH23K7IAT3VTGWZJQFPHVIT4HLSQ,B07BTCZNMM,Automotive,1538837350426
AH23K7IAT3VTGWZJQFPHVIT4HLSQ,B00KEZ2O6Y,Automotive,1510438634428
AH23K7IAT3VTGWZJQFPHVIT4HLSQ,B01FADHE9Q,Automotive,1510438578873
AETYVC5S7SOJMIM3HICSMEY4N67A,B00B2Q0YV6,Automotive,1475027493000
AFXDYTFXJLX4YG3UD7W23W7Z5Y4A,B083KB893P,Automotive,1665877524405
AFXDYTFXJLX4YG3UD7W23W7Z5Y4A,B07HNHC828,Automotive,1643207499488
AFXDYTFXJLX4YG3UD7W23W7Z5Y4A,B019ZYXHUQ,Automotive,1508977262967
AF2FTNKCY6XY67BKBUO4BNJRZ4XQ,B072YW7JJ1,Automotive,1562626988357
AH3OG6QD6EDJGZRVCFKV4B66VWNQ,B0968M1SYZ,Automotive,1639256737263
AH3OG6QD6EDJGZRVCFKV4B66VWNQ,B01DWKTS66,Automotive,1638851817626
AH3OG6QD6EDJGZRVCFKV4B66VWNQ,B073VG15NM,Automotive,1619675329005
AH3OG6QD6EDJGZRVCFKV4B66VWNQ,B00GP4PEE2,Automotive,1609001843867
AH3OG6QD6EDJGZRVCFKV4B66VWNQ,B01NGYTBDE,Automotive,1589941757725
AH3OG6QD6EDJGZRVCFKV4B66VWNQ,B07BQX24BY,Automotive,1576201274933
AH3OG6QD6EDJGZRVCFKV4B66VWNQ,B073W65W52,Automotive,1530155475826
AH3OG6QD6EDJGZRVCFKV4B66VWNQ,B07JL8PLMS,Automotive,1526082574001
AH3OG6QD6EDJGZRVCFKV4B66VWNQ,B004RION6S,Automotive,1414189319000
AH3OG6QD6EDJGZRVCFKV4B66VWNQ,B0094A6UUQ,Automotive,1397252153000
AH3OG6QD6EDJGZRVCFKV4B66VWNQ,B00EQ7CRN6,Automotive,1395878667000
AH3OG6QD6EDJGZRVCFKV4B66VWNQ,B004ZSU4A4,Automotive,1394343433000
AGEP2CC2QIJU5IHQZXCC7BE5JSDQ,B07W6B987F,Automotive,1662686934887
AGEP2CC2QIJU5IHQZXCC7BE5JSDQ,B07CQG2DHN,Automotive,1619655687089
AGEP2CC2QIJU5IHQZXCC7BE5JSDQ,B01G31X5H4,Automotive,1514944431014
AGEP2CC2QIJU5IHQZXCC7BE5JSDQ,B00IPMAAXW,Automotive,1454712341000
AGEP2CC2QIJU5IHQZXCC7BE5JSDQ,B00W313JOS,Automotive,1449781782000
AGEP2CC2QIJU5IHQZXCC7BE5JSDQ,B010TG6RTM,Automotive,1447548325000
AEMYDA6DVBKCCE7ZO2ARRFGKG3LQ,B000KEE4J4,Automotive,1301770545000
AG3PLBKYS3Z2IJHOBNCEOM4SXAYQ,B0BX4KJ19W,Automotive,1606798918561
AGYTEAXMUXEFHXUSVVTKONKBFTVQ,B07BVZVCWF,Automotive,1586040281697
AG7TKHLDUM5NKS5IW3XWS6RWHILQ,B00388NUPI,Automotive,1600283556907
AG7TKHLDUM5NKS5IW3XWS6RWHILQ,B00XQ1O8US,Automotive,1600283518045
AG7TKHLDUM5NKS5IW3XWS6RWHILQ,B07GXLLRLW,Automotive,1600283447486
AG7TKHLDUM5NKS5IW3XWS6RWHILQ,B01K9NIXP6,Automotive,1600283392190
AG7TKHLDUM5NKS5IW3XWS6RWHILQ,B089CRS1HX,Automotive,1600283139820
AG7TKHLDUM5NKS5IW3XWS6RWHILQ,B07TY46JPP,Automotive,1600283058349
AF4KGFYH26KERCGL7IO2KQKJM2SQ,B073RG2318,Automotive,1549632119062
AF4KGFYH26KERCGL7IO2KQKJM2SQ,B07HSMS28R,Automotive,1549632009718
AF4KGFYH26KERCGL7IO2KQKJM2SQ,B0915489GV,Automotive,1546444818833
AF4KGFYH26KERCGL7IO2KQKJM2SQ,B08JZ7SM6P,Automotive,1532978359977
AG5Y7PRM4OD7TC23Q6S7KMNL2XNQ,B07GZ98HF8,Automotive,1578770536487
AFSCQMP2EPYLGJN7OBTMEXCBE2OQ,B0BXWTQ1SV,Automotive,1665521131592
AEBV7EWLGRTRRJCHN73RYFM6EOBA,B075F9L4LY,Automotive,1619561598091
AGAFWZBZFPXKTQLIQUYVDVJK2FZQ,B0756QHND4,Automotive,1590030880546
AGAFWZBZFPXKTQLIQUYVDVJK2FZQ,B017RX7GWW,Automotive,1504912919927
AEGFGSYN3POFMUCGBXGA37WYWW3Q,B002V8YRY4,Automotive,1404488873000
AEGFGSYN3POFMUCGBXGA37WYWW3Q,B00UVR9EWW,Automotive,1404488772000
AH4JLQFF2GKTZMKPUG62VIPWELEA,B0923NYF4Q,Automotive,1650427343515
AFONEWN6ZE6PEAO6W45A3A2KK5TQ,B07BTKRG5Z,Automotive,1593064809030
AELIV6UHVC6Z6VA4MIZ464WUHDPA,B07SHRQ4VY,Automotive,1626786782010
AELIV6UHVC6Z6VA4MIZ464WUHDPA,B0779FMB68,Automotive,1576792515867
AELIV6UHVC6Z6VA4MIZ464WUHDPA,B01MYH12JL,Automotive,1536355288493
AELIV6UHVC6Z6VA4MIZ464WUHDPA,B01D1VU5OK,Automotive,1485921249000
AELIV6UHVC6Z6VA4MIZ464WUHDPA,B0052QD93C,Automotive,1483589962000
AELIV6UHVC6Z6VA4MIZ464WUHDPA,B00KC33Y1W,Automotive,1430238957000
AF4XAUOI5XPGWHCPOTORKBIJSRDA,B077J4YVDM,Automotive,1539467919093
AF4XAUOI5XPGWHCPOTORKBIJSRDA,B0772N16DZ,Automotive,1539467439276
AF4XAUOI5XPGWHCPOTORKBIJSRDA,B0748DZVZR,Automotive,1511466678602
AF4XAUOI5XPGWHCPOTORKBIJSRDA,B01JYBCP2Q,Automotive,1504035605383
AF4XAUOI5XPGWHCPOTORKBIJSRDA,B09JXSBFXK,Automotive,1482877745000
AF4XAUOI5XPGWHCPOTORKBIJSRDA,B09JXSBFXK,Automotive,1482877625000
AGA77XVPYPRDNC3AJAIC557RGSLA,B09BNMB3HQ,Automotive,1667091296624
AH2IW7MZIXM53IRDZ2XYU7ALGFIQ,B0C7CZXBBT,Automotive,1604276310508
AH2IW7MZIXM53IRDZ2XYU7ALGFIQ,B0007SWQZM,Automotive,1589273364096
AH2IW7MZIXM53IRDZ2XYU7ALGFIQ,B0168WIUNC,Automotive,1589273170950
AF3HNAQK2URNEBAZQCRZGSPBU5FQ,B015TKUPIC,Automotive,1625686544265
AF3HNAQK2URNEBAZQCRZGSPBU5FQ,B088Q17NWJ,Automotive,1490399520000
AEVNDAFXEWRC47FAVNUTMEZJBD6A,B07S7TVSQB,Automotive,1591536057545
AHACLF2COQQE2V33ZFXQ7THZOJ2Q,B0C3B356T3,Automotive,1674399685152
AHACLF2COQQE2V33ZFXQ7THZOJ2Q,B0BGHX92V1,Automotive,1668511142007
AHACLF2COQQE2V33ZFXQ7THZOJ2Q,B0BYDVKK22,Automotive,1666217276497
AHACLF2COQQE2V33ZFXQ7THZOJ2Q,B0B4CR3XT5,Automotive,1666217162785
AHACLF2COQQE2V33ZFXQ7THZOJ2Q,B0B9711XJD,Automotive,1665490817316
AHACLF2COQQE2V33ZFXQ7THZOJ2Q,B07D2GHZ6V,Automotive,1662294117323
AHACLF2COQQE2V33ZFXQ7THZOJ2Q,B071KT2GGT,Automotive,1656291756609
AHACLF2COQQE2V33ZFXQ7THZOJ2Q,B09LNRRRWS,Automotive,1653766291983
AHACLF2COQQE2V33ZFXQ7THZOJ2Q,B0BSFBMX1Q,Automotive,1652815272954
AHACLF2COQQE2V33ZFXQ7THZOJ2Q,B0BWQ113W1,Automotive,1652268652264
AHACLF2COQQE2V33ZFXQ7THZOJ2Q,B0823JT2FR,Automotive,1650976318302
AHACLF2COQQE2V33ZFXQ7THZOJ2Q,B003YLHAGE,Automotive,1647438697725
AHACLF2COQQE2V33ZFXQ7THZOJ2Q,B001CA9DTQ,Automotive,1647438594760
AHACLF2COQQE2V33ZFXQ7THZOJ2Q,B08F33RHRJ,Automotive,1644930221264
AHACLF2COQQE2V33ZFXQ7THZOJ2Q,B0118FUOR4,Automotive,1640093251679
AHACLF2COQQE2V33ZFXQ7THZOJ2Q,B000C9KRH0,Automotive,1640093160615
AHACLF2COQQE2V33ZFXQ7THZOJ2Q,B013TOIGCM,Automotive,1640092920874
AHACLF2COQQE2V33ZFXQ7THZOJ2Q,B07CLPYKLB,Automotive,1636460642733
AHACLF2COQQE2V33ZFXQ7THZOJ2Q,B0C7CZXBBT,Automotive,1629808378448
AHACLF2COQQE2V33ZFXQ7THZOJ2Q,B01IT9R0KQ,Automotive,1628854752690
AHACLF2COQQE2V33ZFXQ7THZOJ2Q,B00FPL00FY,Automotive,1621775736586
AHACLF2COQQE2V33ZFXQ7THZOJ2Q,B0009YJM92,Automotive,1620133199276
AHACLF2COQQE2V33ZFXQ7THZOJ2Q,B00EQ0W3IW,Automotive,1620133092376
AHACLF2COQQE2V33ZFXQ7THZOJ2Q,B00HFLH5LE,Automotive,1618592097279
AHACLF2COQQE2V33ZFXQ7THZOJ2Q,B00GHTDNTI,Automotive,1617799770377
AHACLF2COQQE2V33ZFXQ7THZOJ2Q,B0BXRKYJ1P,Automotive,1615468613923
AHACLF2COQQE2V33ZFXQ7THZOJ2Q,B000C5I2YO,Automotive,1615468203722
AHACLF2COQQE2V33ZFXQ7THZOJ2Q,B01HSEIJD0,Automotive,1613737107033
AHACLF2COQQE2V33ZFXQ7THZOJ2Q,B000C55SV4,Automotive,1586622777257
AHACLF2COQQE2V33ZFXQ7THZOJ2Q,B000GQA8DC,Automotive,1576459439851
AHACLF2COQQE2V33ZFXQ7THZOJ2Q,B0002MBPD2,Automotive,1560445376783
AHACLF2COQQE2V33ZFXQ7THZOJ2Q,B01MXXNA2D,Automotive,1552784989755
AHACLF2COQQE2V33ZFXQ7THZOJ2Q,B01MZYL81I,Automotive,1552784715083
AHACLF2COQQE2V33ZFXQ7THZOJ2Q,B075TTSP8B,Automotive,1532469453720
AHACLF2COQQE2V33ZFXQ7THZOJ2Q,B00XIF0T4Q,Automotive,1532100635238
AHACLF2COQQE2V33ZFXQ7THZOJ2Q,B00Y5O2NJS,Automotive,1527769674057
AHACLF2COQQE2V33ZFXQ7THZOJ2Q,B015D5YBA6,Automotive,1517491193119
AHACLF2COQQE2V33ZFXQ7THZOJ2Q,B01N40XNUX,Automotive,1510946500223
AHACLF2COQQE2V33ZFXQ7THZOJ2Q,B00ARJOKWS,Automotive,1493942297000
AHACLF2COQQE2V33ZFXQ7THZOJ2Q,B00ARJOLAO,Automotive,1493942290000
AHACLF2COQQE2V33ZFXQ7THZOJ2Q,B01DPBBWE8,Automotive,1493942197000
AHACLF2COQQE2V33ZFXQ7THZOJ2Q,B00ED46XHS,Automotive,1490051194000
AHACLF2COQQE2V33ZFXQ7THZOJ2Q,B00GBRG4TC,Automotive,1444394732000
AHACLF2COQQE2V33ZFXQ7THZOJ2Q,B000IY6S36,Automotive,1426120539000
AF26DD2NW2ZPTOXHDCQTSWOVLFDQ,B078X2FCYY,Automotive,1621737255856
AF26DD2NW2ZPTOXHDCQTSWOVLFDQ,B0991VSF1L,Automotive,1616894826357
AF26DD2NW2ZPTOXHDCQTSWOVLFDQ,B086MD8NL2,Automotive,1616894725706
AEAU4B3HGL46SP3ARQZZ3B7PDA4Q,B0102GRWRU,Automotive,1627950013646
AEAU4B3HGL46SP3ARQZZ3B7PDA4Q,B0C1M5M97W,Automotive,1554825987697
AEAU4B3HGL46SP3ARQZZ3B7PDA4Q,B09ZK3HKYY,Automotive,1554825752924
AEAU4B3HGL46SP3ARQZZ3B7PDA4Q,B06WWM6G1X,Automotive,1554825701360
AEAU4B3HGL46SP3ARQZZ3B7PDA4Q,B07N1DXSH5,Automotive,1554825616574
AEAU4B3HGL46SP3ARQZZ3B7PDA4Q,B0C26CF2PQ,Automotive,1554825556402
AFZR3DMRF5KW3WM6LVZ6SGSBGQXQ,B013FLXV06,Automotive,1527447214274
AHDR7KO7FLNO7MQUS27D3P72KUMQ,B010G6HXO8,Automotive,1674190822504
AHDR7KO7FLNO7MQUS27D3P72KUMQ,B01BTU5H2U,Automotive,1628836381501
AHNAOQRKXEQI7U7FBGHAWLZGHECQ,B0B4NJZDM6,Automotive,1678687363383
AHNAOQRKXEQI7U7FBGHAWLZGHECQ,B0BM54ZJ8M,Automotive,1555985587984
AEIXGM25ZUYR34ZF7MZHFM4X235A,B01KLGJFTY,Automotive,1586739209125
AFH6OSJPK3XE65N46DAFT6WUTPXA,B08PDRFW3F,Automotive,1615927323779
AFH6OSJPK3XE65N46DAFT6WUTPXA,B08CRK7LQV,Automotive,1538673338835
AEQLRIQLBPN4UUHV3L5FDRZOAL2A,B08HPQPRX5,Automotive,1660678943462
AEZSZS7UV44CAJJR5FNEM4DZCWTQ,B0C6L3W7KQ,Automotive,1591677676680
AEDWRRZADBQDUTW7HBIWH4QSMUPQ,B07BN3KLF1,Automotive,1597670074019
AHPZ23SD4LA5VRHKGP6UKQKEQ2JQ,B07BBXJW9R,Automotive,1677189722761
AHPZ23SD4LA5VRHKGP6UKQKEQ2JQ,B007Y87VTE,Automotive,1598074701151
AHPZ23SD4LA5VRHKGP6UKQKEQ2JQ,B075HJB86P,Automotive,1590863015050
AHPZ23SD4LA5VRHKGP6UKQKEQ2JQ,B019ZB9F32,Automotive,1578724820029
AHPZ23SD4LA5VRHKGP6UKQKEQ2JQ,B07CNPC39X,Automotive,1578724774771
AHPZ23SD4LA5VRHKGP6UKQKEQ2JQ,B07PZTQ2XJ,Automotive,1578724704182
AHPZ23SD4LA5VRHKGP6UKQKEQ2JQ,B07CKDFFMK,Automotive,1578463343229
AHPZ23SD4LA5VRHKGP6UKQKEQ2JQ,B01N4C9D7U,Automotive,1559310901705
AHPZ23SD4LA5VRHKGP6UKQKEQ2JQ,B09R56YVX1,Automotive,1557031527087
AHPZ23SD4LA5VRHKGP6UKQKEQ2JQ,B0B1TKL1QY,Automotive,1557031479200
AHPZ23SD4LA5VRHKGP6UKQKEQ2JQ,B000CB54U8,Automotive,1557031435763
AHPZ23SD4LA5VRHKGP6UKQKEQ2JQ,B0786TK38N,Automotive,1554001369755
AHPZ23SD4LA5VRHKGP6UKQKEQ2JQ,B072WC6VC4,Automotive,1554001023324
AHPZ23SD4LA5VRHKGP6UKQKEQ2JQ,B007P71ZHS,Automotive,1540790069840
AHPZ23SD4LA5VRHKGP6UKQKEQ2JQ,B00GHR1UAE,Automotive,1540628279842
AHPZ23SD4LA5VRHKGP6UKQKEQ2JQ,B007TYLXBA,Automotive,1539225600141
AHPZ23SD4LA5VRHKGP6UKQKEQ2JQ,B011Q18D14,Automotive,1539224365406
AHPZ23SD4LA5VRHKGP6UKQKEQ2JQ,B00IM39A6M,Automotive,1539224322604
AHPZ23SD4LA5VRHKGP6UKQKEQ2JQ,B0841PGVYX,Automotive,1539224280559
AHPZ23SD4LA5VRHKGP6UKQKEQ2JQ,B07DBZ53TB,Automotive,1539224206240
AHPZ23SD4LA5VRHKGP6UKQKEQ2JQ,B01MY2V56Z,Automotive,1539224151132
AHPZ23SD4LA5VRHKGP6UKQKEQ2JQ,B077JDD7MJ,Automotive,1538169865097
AHPZ23SD4LA5VRHKGP6UKQKEQ2JQ,B0723BQMTV,Automotive,1538169815067
AHPZ23SD4LA5VRHKGP6UKQKEQ2JQ,B01FADH5EK,Automotive,1536124248527
AHPZ23SD4LA5VRHKGP6UKQKEQ2JQ,B01I9J7YB6,Automotive,1530923871836
AHPZ23SD4LA5VRHKGP6UKQKEQ2JQ,B004GCPO9A,Automotive,1530923763413
AHPZ23SD4LA5VRHKGP6UKQKEQ2JQ,B00THR39SC,Automotive,1520383546172
AHPZ23SD4LA5VRHKGP6UKQKEQ2JQ,B009DJQ76K,Automotive,1520383497020
AGOWLR52GJKEQ6ARUX5V6TJP7QLA,B08MWQN2M9,Automotive,1674073590515
AFU77WPOVDJWJ5TT55AV7GUOQ2AQ,B088PS87ZW,Automotive,1572547796171
AFRQODQXI2ELG5TWTT5SSFR4WBRQ,B009S94R26,Automotive,1372882433000
AFSJRGJT55NS24HBKME3IGNZ4PGA,B0081OSS2Y,Automotive,1673548113481
AFSJRGJT55NS24HBKME3IGNZ4PGA,B08TBQRT6Z,Automotive,1653252216667
AFSJRGJT55NS24HBKME3IGNZ4PGA,B0BZ5VSVLW,Automotive,1620099053555
AFSJRGJT55NS24HBKME3IGNZ4PGA,B07QDZHJLC,Automotive,1620098423747
AFSJRGJT55NS24HBKME3IGNZ4PGA,B074PTBP82,Automotive,1604778402898
AFSJRGJT55NS24HBKME3IGNZ4PGA,B07ZPR92SL,Automotive,1604777475475
AFSJRGJT55NS24HBKME3IGNZ4PGA,B07KSLJY7S,Automotive,1604586148815
AFSJRGJT55NS24HBKME3IGNZ4PGA,B0BLM1MR6X,Automotive,1579835664827
AFSJRGJT55NS24HBKME3IGNZ4PGA,B087Z7P76M,Automotive,1578518306942
AF37HETXCNPLIXJRMMYWVDLI4QBQ,B07WSWQ4DZ,Automotive,1647708369022
AF37HETXCNPLIXJRMMYWVDLI4QBQ,B004SHYZ8E,Automotive,1646258741295
AF37HETXCNPLIXJRMMYWVDLI4QBQ,B0CF5VXFP5,Automotive,1646257606675
AF37HETXCNPLIXJRMMYWVDLI4QBQ,B010DO5OLC,Automotive,1639376113425
AGVVUU3QRQBHNASSGI5YQLPYOI2Q,B08L3PFDDG,Automotive,1638541968432
AGVVUU3QRQBHNASSGI5YQLPYOI2Q,B08JYCP32S,Automotive,1613922047702
AGVVUU3QRQBHNASSGI5YQLPYOI2Q,B085WYD3GX,Automotive,1605720810306
AGVVUU3QRQBHNASSGI5YQLPYOI2Q,B07VZF3GB8,Automotive,1581622158054
AGVVUU3QRQBHNASSGI5YQLPYOI2Q,B072LXRXRB,Automotive,1567028568879
AGVVUU3QRQBHNASSGI5YQLPYOI2Q,B07V4Q2SP3,Automotive,1567028276343
AGVVUU3QRQBHNASSGI5YQLPYOI2Q,B0BSS8QN77,Automotive,1413214856000
AGVVUU3QRQBHNASSGI5YQLPYOI2Q,B0009IQZFM,Automotive,1413214847000
AEYZSTV3DHQEGC3WSCUDBLDSC22Q,B0BYDVKK22,Automotive,1669874083013
AFAIJYOUO3NAWLBDIKTQSC3DASWA,B08375KJKD,Automotive,1663546148736
AFAIJYOUO3NAWLBDIKTQSC3DASWA,B07GSDX955,Automotive,1558481936116
AFAIJYOUO3NAWLBDIKTQSC3DASWA,B00MB0CYZG,Automotive,1413142489000
AFAIJYOUO3NAWLBDIKTQSC3DASWA,B08V2GHF6V,Automotive,1356658700000
AFPBVAEV3FCQOHKJJGAKQLZLTCZQ,B005VMO1NY,Automotive,1615838875796
AFPBVAEV3FCQOHKJJGAKQLZLTCZQ,B07P1YJZDW,Automotive,1615838782643
AFPBVAEV3FCQOHKJJGAKQLZLTCZQ,B07MQNCHCK,Automotive,1611866953039
AFJHM4DEMY7IU6ZCUBCETLREE43Q,B07HFXVSRY,Automotive,1643224631628
AGL3ZIRVGBCALLXKL3KH33D47Y5Q,B09HRPZTGF,Automotive,1616353656168
AFFZVSTUS3U2ZD22A2NPZSKOCPGQ,B0BHN8ZHSK,Automotive,1678830857192
AFFZVSTUS3U2ZD22A2NPZSKOCPGQ,B0BPRF1C13,Automotive,1678829883485
AFFZVSTUS3U2ZD22A2NPZSKOCPGQ,B0C6T3NHF4,Automotive,1678827058709
AFFZVSTUS3U2ZD22A2NPZSKOCPGQ,B0B1PZCZG3,Automotive,1673203741760
AFFZVSTUS3U2ZD22A2NPZSKOCPGQ,B0B61Y1SPB,Automotive,1673121255790
AFFZVSTUS3U2ZD22A2NPZSKOCPGQ,B0B8ZBXX9K,Automotive,1672786755280
AFFZVSTUS3U2ZD22A2NPZSKOCPGQ,B0B74DRLPR,Automotive,1670003236244
AFFZVSTUS3U2ZD22A2NPZSKOCPGQ,B0BJDR1X3G,Automotive,1667189634108
AFFZVSTUS3U2ZD22A2NPZSKOCPGQ,B0BNKQY78F,Automotive,1667189590991
AFFZVSTUS3U2ZD22A2NPZSKOCPGQ,B08VSH93BW,Automotive,1652315432887
AFFZVSTUS3U2ZD22A2NPZSKOCPGQ,B09L5N1V13,Automotive,1645990470508
AFFZVSTUS3U2ZD22A2NPZSKOCPGQ,B09BTX5VN8,Automotive,1643857785816
AFFZVSTUS3U2ZD22A2NPZSKOCPGQ,B095XVJJWR,Automotive,1639079350535
AFFZVSTUS3U2ZD22A2NPZSKOCPGQ,B09GXLB1K9,Automotive,1637371534651
AFFZVSTUS3U2ZD22A2NPZSKOCPGQ,B08RZ9KMPN,Automotive,1637371171145
AFFZVSTUS3U2ZD22A2NPZSKOCPGQ,B093DYTBXK,Automotive,1637370804377
AFFZVSTUS3U2ZD22A2NPZSKOCPGQ,B08T79X4GQ,Automotive,1635712833879
AFFZVSTUS3U2ZD22A2NPZSKOCPGQ,B099K1LGBJ,Automotive,1635712787429
AFFZVSTUS3U2ZD22A2NPZSKOCPGQ,B094FY1RP6,Automotive,1635712710564
AFFZVSTUS3U2ZD22A2NPZSKOCPGQ,B095935R73,Automotive,1635712463051
AFFZVSTUS3U2ZD22A2NPZSKOCPGQ,B0BKSRV1L3,Automotive,1635712384627
AFFZVSTUS3U2ZD22A2NPZSKOCPGQ,B07WPYT21B,Automotive,1635712176466
AFFZVSTUS3U2ZD22A2NPZSKOCPGQ,B08SW7G61B,Automotive,1635711189907
AFFZVSTUS3U2ZD22A2NPZSKOCPGQ,B09B72P7DF,Automotive,1634762507036
AFFZVSTUS3U2ZD22A2NPZSKOCPGQ,B08Z7SBXVY,Automotive,1634509138883
AFFZVSTUS3U2ZD22A2NPZSKOCPGQ,B092VPZQND,Automotive,1634508192420
AFFZVSTUS3U2ZD22A2NPZSKOCPGQ,B09299VV7Q,Automotive,1634507603228
AFFZVSTUS3U2ZD22A2NPZSKOCPGQ,B095S62HS9,Automotive,1634507527277
AFFZVSTUS3U2ZD22A2NPZSKOCPGQ,B09Q316726,Automotive,1634507404380
AFFZVSTUS3U2ZD22A2NPZSKOCPGQ,B09CDYJ1JS,Automotive,1634505842140
AFFZVSTUS3U2ZD22A2NPZSKOCPGQ,B09T9WRJXZ,Automotive,1634505759675
AFFZVSTUS3U2ZD22A2NPZSKOCPGQ,B08T81B98J,Automotive,1634505652983
AFFZVSTUS3U2ZD22A2NPZSKOCPGQ,B092VPHS2T,Automotive,1631332283131
AFFZVSTUS3U2ZD22A2NPZSKOCPGQ,B088Q6JG5B,Automotive,1631332154379
AFFZVSTUS3U2ZD22A2NPZSKOCPGQ,B0BJ6V9VSF,Automotive,1631332019760
AFFZVSTUS3U2ZD22A2NPZSKOCPGQ,B08Z3H2SW5,Automotive,1631331488581
AFFZVSTUS3U2ZD22A2NPZSKOCPGQ,B0B96FY87Z,Automotive,1629439440104
AFFZVSTUS3U2ZD22A2NPZSKOCPGQ,B08RYW4C7W,Automotive,1617405334932
AFFZVSTUS3U2ZD22A2NPZSKOCPGQ,B088WXMN93,Automotive,1617405114160
AFFZVSTUS3U2ZD22A2NPZSKOCPGQ,B08NYMC69C,Automotive,1616453564844
AFFZVSTUS3U2ZD22A2NPZSKOCPGQ,B08LDFXLXP,Automotive,1616453443572
AFFZVSTUS3U2ZD22A2NPZSKOCPGQ,B0BKSSSL6Y,Automotive,1616453363455
AFFZVSTUS3U2ZD22A2NPZSKOCPGQ,B0BK8Q3L4H,Automotive,1616453242525
AFFZVSTUS3U2ZD22A2NPZSKOCPGQ,B07PQGZV1G,Automotive,1614277870857
AFFZVSTUS3U2ZD22A2NPZSKOCPGQ,B07V62Z3GM,Automotive,1607724470566
AFFZVSTUS3U2ZD22A2NPZSKOCPGQ,B09N475ZQX,Automotive,1579201622080
AFFZVSTUS3U2ZD22A2NPZSKOCPGQ,B07TXD47T8,Automotive,1576907739461
AFFZVSTUS3U2ZD22A2NPZSKOCPGQ,B07H7FWP24,Automotive,1568936187565
AFFZVSTUS3U2ZD22A2NPZSKOCPGQ,B007Y85XMG,Automotive,1477621103000
AHLQJVWRY6DXKJNTAP4UFXK5WLAQ,B0051UGQ1G,Automotive,1459781670000
AEWWDRHCN6DGQNJBGLFAMQIQ5WHQ,B0BBRHPKKG,Automotive,1669947739159
AHSAUHUTLVNKJ72GUIPGI5XZH6ZA,B0C7XNZM5T,Automotive,1678156966242
AHSAUHUTLVNKJ72GUIPGI5XZH6ZA,B0BYKHJX4L,Automotive,1678156828656
AHSAUHUTLVNKJ72GUIPGI5XZH6ZA,B09FSV4SL8,Automotive,1655401333317
AHSAUHUTLVNKJ72GUIPGI5XZH6ZA,B092MHMJ3Q,Automotive,1651796089263
AHSAUHUTLVNKJ72GUIPGI5XZH6ZA,B0BH7YXR2W,Automotive,1651632690358
AHSAUHUTLVNKJ72GUIPGI5XZH6ZA,B081J354ZD,Automotive,1651013214728
AHSAUHUTLVNKJ72GUIPGI5XZH6ZA,B08GC1H8L3,Automotive,1651013144300
AHSAUHUTLVNKJ72GUIPGI5XZH6ZA,B07PJF4PFG,Automotive,1651012927963
AHSAUHUTLVNKJ72GUIPGI5XZH6ZA,B09RQ91C48,Automotive,1651012682094
AHSAUHUTLVNKJ72GUIPGI5XZH6ZA,B08B6VXPG4,Automotive,1647987617267
AHSAUHUTLVNKJ72GUIPGI5XZH6ZA,B09HZ3W89W,Automotive,1647987094555
AHSAUHUTLVNKJ72GUIPGI5XZH6ZA,B01C63T8BA,Automotive,1646525645072
AHSAUHUTLVNKJ72GUIPGI5XZH6ZA,B09KRN8B4Q,Automotive,1646356004809
AHSAUHUTLVNKJ72GUIPGI5XZH6ZA,B0BKG7S86L,Automotive,1646355504280
AHSAUHUTLVNKJ72GUIPGI5XZH6ZA,B09B56ZH2F,Automotive,1635373110837
AHSAUHUTLVNKJ72GUIPGI5XZH6ZA,B002OEVNBK,Automotive,1633350630754
AHSAUHUTLVNKJ72GUIPGI5XZH6ZA,B0BYSS69VT,Automotive,1633350407297
AHSAUHUTLVNKJ72GUIPGI5XZH6ZA,B07Y2DBGKZ,Automotive,1631487917402
AHSAUHUTLVNKJ72GUIPGI5XZH6ZA,B0916KFFZR,Automotive,1630499212402
AHSAUHUTLVNKJ72GUIPGI5XZH6ZA,B08MBGLYX3,Automotive,1629495180682
AHSAUHUTLVNKJ72GUIPGI5XZH6ZA,B081TRB2S1,Automotive,1629494822217
AHSAUHUTLVNKJ72GUIPGI5XZH6ZA,B073GGH1GZ,Automotive,1628621127505
AHSAUHUTLVNKJ72GUIPGI5XZH6ZA,B072HHT8NF,Automotive,1627600672435
AHSAUHUTLVNKJ72GUIPGI5XZH6ZA,B087J5G7V7,Automotive,1627235890850
AHSAUHUTLVNKJ72GUIPGI5XZH6ZA,B07ZYL6P6Z,Automotive,1620647504415
AHSAUHUTLVNKJ72GUIPGI5XZH6ZA,B0012S39EI,Automotive,1595286154200
AHSAUHUTLVNKJ72GUIPGI5XZH6ZA,B07MSDVVB2,Automotive,1594317487711
AHSAUHUTLVNKJ72GUIPGI5XZH6ZA,B083FL1FZB,Automotive,1594317398829
AHSAUHUTLVNKJ72GUIPGI5XZH6ZA,B0BR7HR69K,Automotive,1584120024903
AHSAUHUTLVNKJ72GUIPGI5XZH6ZA,B07BCBLKLP,Automotive,1584119777031
AHSAUHUTLVNKJ72GUIPGI5XZH6ZA,B07T6J47FD,Automotive,1583792640096
AHSAUHUTLVNKJ72GUIPGI5XZH6ZA,B0C2GTD4RB,Automotive,1578427881498
AHSAUHUTLVNKJ72GUIPGI5XZH6ZA,B0BW46RJGP,Automotive,1568216974263
AHSAUHUTLVNKJ72GUIPGI5XZH6ZA,B07B2LPLBQ,Automotive,1568215571906
AHSAUHUTLVNKJ72GUIPGI5XZH6ZA,B07NY51787,Automotive,1566002204733
AHSAUHUTLVNKJ72GUIPGI5XZH6ZA,B003YDJSXK,Automotive,1566002099853
AHSAUHUTLVNKJ72GUIPGI5XZH6ZA,B07T48771H,Automotive,1565468982487
AHSAUHUTLVNKJ72GUIPGI5XZH6ZA,B0199VU4Q0,Automotive,1563450174783
AHSAUHUTLVNKJ72GUIPGI5XZH6ZA,B07NJDTMQ5,Automotive,1562619565569
AFKZENTNBQ7A7V7UXW5JJI6UGRYQ,B00Z03RC80,Beauty_and_Personal_Care,1616743454733
AFKZENTNBQ7A7V7UXW5JJI6UGRYQ,B085PRT2MP,Beauty_and_Personal_Care,1614915977684
AFKZENTNBQ7A7V7UXW5JJI6UGRYQ,B08G81QQ9L,Beauty_and_Personal_Care,1612052493701
AFKZENTNBQ7A7V7UXW5JJI6UGRYQ,B07YYG76X1,Beauty_and_Personal_Care,1609700981786
AFKZENTNBQ7A7V7UXW5JJI6UGRYQ,B07X4FKLNK,Beauty_and_Personal_Care,1581313195358
AGGZ357AO26RQZVRLGU4D4N52DZQ,B010TWN80W,Beauty_and_Personal_Care,1449017348000
AGGZ357AO26RQZVRLGU4D4N52DZQ,B00D3L0MEM,Beauty_and_Personal_Care,1354389166000
AGKASBHYZPGTEPO6LWZPVJWB2BVA,B00YAZBWZI,Beauty_and_Personal_Care,1458095420000
AGKASBHYZPGTEPO6LWZPVJWB2BVA,B007Z2R15I,Beauty_and_Personal_Care,1458094710000
AGKASBHYZPGTEPO6LWZPVJWB2BVA,B00JIIUJ5Q,Beauty_and_Personal_Care,1454675735000
AGKASBHYZPGTEPO6LWZPVJWB2BVA,B00PA7VMD2,Beauty_and_Personal_Care,1452648690000
AGKASBHYZPGTEPO6LWZPVJWB2BVA,B00V6R3R3S,Beauty_and_Personal_Care,1452647102000
AG2L7H23R5LLKDKLBEF2Q3L2MVDA,B014PVXY5W,Beauty_and_Personal_Care,1672787634561
AG2L7H23R5LLKDKLBEF2Q3L2MVDA,B00C5AHTAC,Beauty_and_Personal_Care,1671844437231
AG2L7H23R5LLKDKLBEF2Q3L2MVDA,B000XE8XO8,Beauty_and_Personal_Care,1593933889664
AGCI7FAH4GL5FI65HYLKWTMFZ2CQ,B0871SN6V5,Beauty_and_Personal_Care,1637522137428
AGCI7FAH4GL5FI65HYLKWTMFZ2CQ,B010TWN80W,Beauty_and_Personal_Care,1456772214000
AGCI7FAH4GL5FI65HYLKWTMFZ2CQ,B000VT54QA,Beauty_and_Personal_Care,1408993548000
AGCI7FAH4GL5FI65HYLKWTMFZ2CQ,B0C43HKQMM,Beauty_and_Personal_Care,1384912580000
AGCI7FAH4GL5FI65HYLKWTMFZ2CQ,B00D5ZL83U,Beauty_and_Personal_Care,1384912377000
AGXVBIUFLFGMVLATYXHJYL4A5Q7Q,B083BSDV9F,Beauty_and_Personal_Care,1504010693432
AGXVBIUFLFGMVLATYXHJYL4A5Q7Q,B00YQJHRA2,Beauty_and_Personal_Care,1485870262000
AGXVBIUFLFGMVLATYXHJYL4A5Q7Q,B00A2F06Z2,Beauty_and_Personal_Care,1445968681000
AGKHLEW2SOWHNMFQIJGBECAF7INQ,B0B77ZL2YP,Beauty_and_Personal_Care,1588687504456
AGKHLEW2SOWHNMFQIJGBECAF7INQ,B0BHP2ZS4G,Beauty_and_Personal_Care,1588615673460
AGKHLEW2SOWHNMFQIJGBECAF7INQ,B076QM1F18,Beauty_and_Personal_Care,1558395642698
AGKHLEW2SOWHNMFQIJGBECAF7INQ,B09GWDFV6V,Beauty_and_Personal_Care,1486320563000
AFE337D2J37YRU5U6MVTVKNDKWDA,B084T71BJ5,Beauty_and_Personal_Care,1659124668528
AGBFYI2DDIKXC5Y4FARTYDTQBMFQ,B084R18M8L,Beauty_and_Personal_Care,1597804385775
AGBFYI2DDIKXC5Y4FARTYDTQBMFQ,B091GPF7YS,Beauty_and_Personal_Care,1549383515613
AGBFYI2DDIKXC5Y4FARTYDTQBMFQ,B00TQEZAHO,Beauty_and_Personal_Care,1481817706000
AGBFYI2DDIKXC5Y4FARTYDTQBMFQ,B00BLPXAO6,Beauty_and_Personal_Care,1481817544000
AGBFYI2DDIKXC5Y4FARTYDTQBMFQ,B003V11QJO,Beauty_and_Personal_Care,1361240829000
AGBFYI2DDIKXC5Y4FARTYDTQBMFQ,B0019MT7SY,Beauty_and_Personal_Care,1361240647000
AEVWAM3YWN5URJVJIZZ6XPD2MKIA,B0BXD66QQS,Beauty_and_Personal_Care,1630262037083
AEWUBEVXD7CKWOQ46K56K7BIQPBQ,B09GKGLFX6,Beauty_and_Personal_Care,1606582039895
AEAUZK2OLWXD75AWJOCCGGCL3H2A,B07K8WS2BN,Beauty_and_Personal_Care,1565562562808
AEAUZK2OLWXD75AWJOCCGGCL3H2A,B0BJLPRXZ6,Beauty_and_Personal_Care,1563732209627
AFQLNQNQYFWQZPJQZS6V3NZU4QBQ,B09YM8SCVJ,Beauty_and_Personal_Care,1662231155722
AFQLNQNQYFWQZPJQZS6V3NZU4QBQ,B096XGN8DF,Beauty_and_Personal_Care,1643393583945
AFQLNQNQYFWQZPJQZS6V3NZU4QBQ,B093JXTTH7,Beauty_and_Personal_Care,1617128618900
AFQLNQNQYFWQZPJQZS6V3NZU4QBQ,B08GKV5J6C,Beauty_and_Personal_Care,1609322541792
AFQLNQNQYFWQZPJQZS6V3NZU4QBQ,B08CB76JGP,Beauty_and_Personal_Care,1609322424771
AFQLNQNQYFWQZPJQZS6V3NZU4QBQ,B085PTJJS6,Beauty_and_Personal_Care,1609322394420
AFQLNQNQYFWQZPJQZS6V3NZU4QBQ,B081RW1PLY,Beauty_and_Personal_Care,1608426146024
AFQLNQNQYFWQZPJQZS6V3NZU4QBQ,B0B8BVFJ6D,Beauty_and_Personal_Care,1606084291571
AHITBJSS7KYUBVZPX7M2WJCOIVKQ,B07SPY1GJG,Beauty_and_Personal_Care,1630165281860
AHITBJSS7KYUBVZPX7M2WJCOIVKQ,B0BGNLBF8W,Beauty_and_Personal_Care,1630165089593
AHITBJSS7KYUBVZPX7M2WJCOIVKQ,B0C7RZF6MR,Beauty_and_Personal_Care,1630164951239
AHITBJSS7KYUBVZPX7M2WJCOIVKQ,B07MG7X771,Beauty_and_Personal_Care,1603299479129
AHITBJSS7KYUBVZPX7M2WJCOIVKQ,B09JN3S1X9,Beauty_and_Personal_Care,1560014237021
AHITBJSS7KYUBVZPX7M2WJCOIVKQ,B0BXGSVGFY,Beauty_and_Personal_Care,1560013888506
AHITBJSS7KYUBVZPX7M2WJCOIVKQ,B0BT6L1M7N,Beauty_and_Personal_Care,1560013606036
AHITBJSS7KYUBVZPX7M2WJCOIVKQ,B07HFKYDT5,Beauty_and_Personal_Care,1560013407595
AHITBJSS7KYUBVZPX7M2WJCOIVKQ,B00GH4ZDRI,Beauty_and_Personal_Care,1432341383000
AHVC23XPR4J63SSNSIRNG4H6AEWQ,B07VM789XJ,Beauty_and_Personal_Care,1573911208946
AHXSBZT52TCPZUBVCBRICTHWUCBA,B0BKRMXYZ8,Beauty_and_Personal_Care,1668477748322
AHXSBZT52TCPZUBVCBRICTHWUCBA,B0BLC1VNTB,Beauty_and_Personal_Care,1668477668748
AHXSBZT52TCPZUBVCBRICTHWUCBA,B07G728JLV,Beauty_and_Personal_Care,1653170428151
AHXSBZT52TCPZUBVCBRICTHWUCBA,B01M3XOYOG,Beauty_and_Personal_Care,1518124475858
AHGTHCERTEZUXNBLJ5SWHK2CDLXA,B0C777X1L4,Beauty_and_Personal_Care,1656042203353
AHGTHCERTEZUXNBLJ5SWHK2CDLXA,B01I9TL9O4,Beauty_and_Personal_Care,1624330587914
AHGTHCERTEZUXNBLJ5SWHK2CDLXA,B0C281DJP5,Beauty_and_Personal_Care,1613589468189
AHGTHCERTEZUXNBLJ5SWHK2CDLXA,B01BZV6VVY,Beauty_and_Personal_Care,1520542530769
AHGTHCERTEZUXNBLJ5SWHK2CDLXA,B0BGQ83813,Beauty_and_Personal_Care,1505870061570
AHGTHCERTEZUXNBLJ5SWHK2CDLXA,B002UFQHKK,Beauty_and_Personal_Care,1499279989160
AFEIN7QWSQ6EFW45LKD7ZOCSMLGQ,B0BMGDDQGR,Beauty_and_Personal_Care,1662655373047
AFEIN7QWSQ6EFW45LKD7ZOCSMLGQ,B08TRBZCSK,Beauty_and_Personal_Care,1632177664091
AFEIN7QWSQ6EFW45LKD7ZOCSMLGQ,B0000536P4,Beauty_and_Personal_Care,1530287833127
AFEIN7QWSQ6EFW45LKD7ZOCSMLGQ,B01LTI0920,Beauty_and_Personal_Care,1530287830974
AHBHMMUTJ5W3SZUHVKUP35ZYKUHA,B09SYRP5TT,Beauty_and_Personal_Care,1660505246530
AHBHMMUTJ5W3SZUHVKUP35ZYKUHA,B0828MHNBP,Beauty_and_Personal_Care,1621622783572
AHBHMMUTJ5W3SZUHVKUP35ZYKUHA,B07NSSF8L5,Beauty_and_Personal_Care,1582678377484
AHBHMMUTJ5W3SZUHVKUP35ZYKUHA,B07D7T9CM1,Beauty_and_Personal_Care,1580784210547
AFJTRBXMURLHS5EGNXLUHDHIZRFQ,B00VB8MJCW,Beauty_and_Personal_Care,1630945353839
AFJTRBXMURLHS5EGNXLUHDHIZRFQ,B07Y9MW14Q,Beauty_and_Personal_Care,1580661085628
AHSPLDNW5OOUK2PLH7GXLACFBZNQ,B01N7G2S21,Beauty_and_Personal_Care,1508276449134
AHSPLDNW5OOUK2PLH7GXLACFBZNQ,B009XYOJ4W,Beauty_and_Personal_Care,1476717370000
AHSPLDNW5OOUK2PLH7GXLACFBZNQ,B00PSKTVO8,Beauty_and_Personal_Care,1449001121000
AHSPLDNW5OOUK2PLH7GXLACFBZNQ,B007OT1QMQ,Beauty_and_Personal_Care,1439476229000
AHWWLSPCJMALVHDDVSUGICL6RUCA,B09S3GNY77,Beauty_and_Personal_Care,1657147706273
AGBUJDDLRJIUJFTKPABJT6CJTHRQ,B07MPFBWBK,Beauty_and_Personal_Care,1588452640000
AGXFEGMNVCSTSYYA5UWXDV7AFSXA,B06X17B65N,Beauty_and_Personal_Care,1497461122261
AGXFEGMNVCSTSYYA5UWXDV7AFSXA,B08S41PJCM,Beauty_and_Personal_Care,1497460945175
AGXFEGMNVCSTSYYA5UWXDV7AFSXA,B0BSMNT4YC,Beauty_and_Personal_Care,1387720875000
AFFR7R7ADZWGXB57TLBOHHSFC53A,B09KY9D1H1,Beauty_and_Personal_Care,1673987003458
AFO6QN6ICKWUFQV3UEWK5EECIQTQ,B000C666GO,Beauty_and_Personal_Care,1429587172000
AFO6QN6ICKWUFQV3UEWK5EECIQTQ,B09B1FNKPR,Beauty_and_Personal_Care,1429586997000
AET3VOB7PYHAKDAPEDTFGPSEE6QQ,B08F23RCY4,Beauty_and_Personal_Care,1637873008198
AET3VOB7PYHAKDAPEDTFGPSEE6QQ,B08F7NYXTN,Beauty_and_Personal_Care,1621455363986
AH4MB6HER73XDOV6I4ICPNT24YQQ,B00VQJMLUG,Beauty_and_Personal_Care,1497490610666
AGMJ3EMDVL6OWBJF7CA5RGJLXN5A,B0B799R9XP,Beauty_and_Personal_Care,1599783970333
AFWHJ6O3PV4JC7PVOJH6CPULO2KQ,B003IQLLRO,Beauty_and_Personal_Care,1524767825260
AFWHJ6O3PV4JC7PVOJH6CPULO2KQ,B07QMGQCTJ,Beauty_and_Personal_Care,1524767742975
AFWHJ6O3PV4JC7PVOJH6CPULO2KQ,B000HZYGBW,Beauty_and_Personal_Care,1524767255656
AHCPZDDPHJE3G7M6ST5WGRPLXHOA,B081CLSKQX,Beauty_and_Personal_Care,1646224362089
AEWJXW46LKSW22FWTGRYTLNE7TGA,B07HMP3CYT,Beauty_and_Personal_Care,1655989825883
AEWJXW46LKSW22FWTGRYTLNE7TGA,B07TNXFVWS,Beauty_and_Personal_Care,1653565625394
AEWJXW46LKSW22FWTGRYTLNE7TGA,B0C2C5V3XH,Beauty_and_Personal_Care,1607973766356
AEWJXW46LKSW22FWTGRYTLNE7TGA,B00QAZ16DO,Beauty_and_Personal_Care,1590965693506
AEWJXW46LKSW22FWTGRYTLNE7TGA,B08JTSVHBC,Beauty_and_Personal_Care,1523438513104
AEWJXW46LKSW22FWTGRYTLNE7TGA,B07C6Z2XLW,Beauty_and_Personal_Care,1515883186314
AEWJXW46LKSW22FWTGRYTLNE7TGA,B015IHD0LK,Beauty_and_Personal_Care,1515881961071
AHXBL3QDWZGJYH7A5CMPFNUPMF7Q,B0BDJ2M2HC,Beauty_and_Personal_Care,1667002894153
AHXBL3QDWZGJYH7A5CMPFNUPMF7Q,B01NH0GYC1,Beauty_and_Personal_Care,1594124969716
AHXBL3QDWZGJYH7A5CMPFNUPMF7Q,B0000532A2,Beauty_and_Personal_Care,1481251902000
AHXBL3QDWZGJYH7A5CMPFNUPMF7Q,B07NX1QBRY,Beauty_and_Personal_Care,1459174010000
AHXBL3QDWZGJYH7A5CMPFNUPMF7Q,B00X3OKQ22,Beauty_and_Personal_Care,1454803603000
AHXBL3QDWZGJYH7A5CMPFNUPMF7Q,B086TTDM88,Beauty_and_Personal_Care,1438554712000
AGPR2UDFIJJCBA3EKFEEAJBWKROQ,B09ZQDWNBW,Beauty_and_Personal_Care,1641591212360
AGPR2UDFIJJCBA3EKFEEAJBWKROQ,B08QC4RD9P,Beauty_and_Personal_Care,1534096381355
AGPR2UDFIJJCBA3EKFEEAJBWKROQ,B01KLGR9II,Beauty_and_Personal_Care,1534096289069
AHOEIYJJHZ7ITX75BOFQYNXVVJQQ,B003ZW9LOQ,Beauty_and_Personal_Care,1677845864919
AHOEIYJJHZ7ITX75BOFQYNXVVJQQ,B00BNAR7XO,Beauty_and_Personal_Care,1672810972059
AHOEIYJJHZ7ITX75BOFQYNXVVJQQ,B0B8QXHJX4,Beauty_and_Personal_Care,1671288550526
AHOEIYJJHZ7ITX75BOFQYNXVVJQQ,B08GHCX6PT,Beauty_and_Personal_Care,1670034584165
AHOEIYJJHZ7ITX75BOFQYNXVVJQQ,B084C56JBK,Beauty_and_Personal_Care,1666451595407
AHOEIYJJHZ7ITX75BOFQYNXVVJQQ,B0BSPDF7T4,Beauty_and_Personal_Care,1663263802803
AHOEIYJJHZ7ITX75BOFQYNXVVJQQ,B09YKQC5D7,Beauty_and_Personal_Care,1663262991971
AHOEIYJJHZ7ITX75BOFQYNXVVJQQ,B00HCZU164,Beauty_and_Personal_Care,1620265027815
AHOEIYJJHZ7ITX75BOFQYNXVVJQQ,B004E9HRNG,Beauty_and_Personal_Care,1619117466127
AHEZIVRGCNRMZSGHJHORIETQJSOA,B082X4DSPT,Beauty_and_Personal_Care,1606246855487
AHLC5H2CEWSAOXOA53VIIROLPZKA,B0BY8W8ZK4,Beauty_and_Personal_Care,1662145546535
AHLC5H2CEWSAOXOA53VIIROLPZKA,B079VQY5RT,Beauty_and_Personal_Care,1649337253501
AEQAYV7RXZEBXMQIQPL6KCT2CFWQ,B0C9PHSHL9,Beauty_and_Personal_Care,1588678324122
AEQAYV7RXZEBXMQIQPL6KCT2CFWQ,B07Q14K8X8,Beauty_and_Personal_Care,1582476419334
AEQAYV7RXZEBXMQIQPL6KCT2CFWQ,B00IA5SLE4,Beauty_and_Personal_Care,1565308969303
AFNT6ZJCYQN3WDIKUSWHJDXNND2Q,B0BZ8GXYRJ,Beauty_and_Personal_Care,1676512744553
AFNT6ZJCYQN3WDIKUSWHJDXNND2Q,B09TB6M4D9,Beauty_and_Personal_Care,1668064780064
AFNT6ZJCYQN3WDIKUSWHJDXNND2Q,B092DVJN87,Beauty_and_Personal_Care,1662749949270
AFNT6ZJCYQN3WDIKUSWHJDXNND2Q,B09DYPZDQL,Beauty_and_Personal_Care,1658345056574
AFNT6ZJCYQN3WDIKUSWHJDXNND2Q,B09BCJ1R3L,Beauty_and_Personal_Care,1573344480758
AFNT6ZJCYQN3WDIKUSWHJDXNND2Q,B078ZFYRF9,Beauty_and_Personal_Care,1573343933031
AFNT6ZJCYQN3WDIKUSWHJDXNND2Q,B0BRLTBX1N,Beauty_and_Personal_Care,1573343753545
AFNT6ZJCYQN3WDIKUSWHJDXNND2Q,B095FL23YS,Beauty_and_Personal_Care,1569529957051
AFNT6ZJCYQN3WDIKUSWHJDXNND2Q,B000R93I76,Beauty_and_Personal_Care,1569529081038
AFNT6ZJCYQN3WDIKUSWHJDXNND2Q,B0B7KW49DF,Beauty_and_Personal_Care,1561179962417
AFNT6ZJCYQN3WDIKUSWHJDXNND2Q,B0727VKDVW,Beauty_and_Personal_Care,1538879406390
AFNT6ZJCYQN3WDIKUSWHJDXNND2Q,B004RRGXKI,Beauty_and_Personal_Care,1533585013903
AFNT6ZJCYQN3WDIKUSWHJDXNND2Q,B07ZKJTQNF,Beauty_and_Personal_Care,1454600993000
AFNT6ZJCYQN3WDIKUSWHJDXNND2Q,B008V8PKK8,Beauty_and_Personal_Care,1453309394000
AFNT6ZJCYQN3WDIKUSWHJDXNND2Q,B00KOW827M,Beauty_and_Personal_Care,1453308596000
AFNT6ZJCYQN3WDIKUSWHJDXNND2Q,B0C2C5V3XH,Beauty_and_Personal_Care,1442178367000
AFNT6ZJCYQN3WDIKUSWHJDXNND2Q,B09WJFPZMD,Beauty_and_Personal_Care,1441727451000
AHUVQ4UNB2JGV6MY4ZT75SZLPUBQ,B0B6CD8HHJ,Beauty_and_Personal_Care,1672624323421
AHUVQ4UNB2JGV6MY4ZT75SZLPUBQ,B0B867N2Y6,Beauty_and_Personal_Care,1663372360671
AF232QQ7UDHGQOVR6LZ3X7ZVQ3ZA,B07Y11DYJ1,Beauty_and_Personal_Care,1572666664782
AF232QQ7UDHGQOVR6LZ3X7ZVQ3ZA,B01M104JU9,Beauty_and_Personal_Care,1532190777359
AF232QQ7UDHGQOVR6LZ3X7ZVQ3ZA,B07795FVCL,Beauty_and_Personal_Care,1515981114925
AEVPPTMG43C6GWSR7I2UGRQN7WFQ,B0BG8W4FV8,Beauty_and_Personal_Care,1651342697233
AEVPPTMG43C6GWSR7I2UGRQN7WFQ,B0BX39B1JS,Beauty_and_Personal_Care,1630595403484
AEVPPTMG43C6GWSR7I2UGRQN7WFQ,B07YVRGGP9,Beauty_and_Personal_Care,1625243995429
AHREXOGQPZDA6354MHH4ETSF3MCQ,B0B9YMR947,Beauty_and_Personal_Care,1667239836643
AHREXOGQPZDA6354MHH4ETSF3MCQ,B00020E1P8,Beauty_and_Personal_Care,1667239586362
AHREXOGQPZDA6354MHH4ETSF3MCQ,B08M3HKQFM,Beauty_and_Personal_Care,1633530847365
AHREXOGQPZDA6354MHH4ETSF3MCQ,B07JLP9MK1,Beauty_and_Personal_Care,1631583281301
AHREXOGQPZDA6354MHH4ETSF3MCQ,B08PC6BW2N,Beauty_and_Personal_Care,1623676913785
AHREXOGQPZDA6354MHH4ETSF3MCQ,B07LDZT9M2,Beauty_and_Personal_Care,1619449886149
AHREXOGQPZDA6354MHH4ETSF3MCQ,B075DT1C38,Beauty_and_Personal_Care,1618186308893
AHREXOGQPZDA6354MHH4ETSF3MCQ,B07T32NSJ9,Beauty_and_Personal_Care,1602848319259
AHSXXZHYMXDRVKC643TJZYQ7XGYA,B0B2BXD6ZF,Beauty_and_Personal_Care,1653696277694
AHSXXZHYMXDRVKC643TJZYQ7XGYA,B09J4MR4LV,Beauty_and_Personal_Care,1652800943456
AHSXXZHYMXDRVKC643TJZYQ7XGYA,B0B2Z78MZC,Beauty_and_Personal_Care,1597722397122
AHSXXZHYMXDRVKC643TJZYQ7XGYA,B07GS67QGL,Beauty_and_Personal_Care,1579991212296
AHSXXZHYMXDRVKC643TJZYQ7XGYA,B01CTCDEFY,Beauty_and_Personal_Care,1489342612000
AHSXXZHYMXDRVKC643TJZYQ7XGYA,B00II7YPWQ,Beauty_and_Personal_Care,1466010112000
AHSXXZHYMXDRVKC643TJZYQ7XGYA,B00KGO8XY0,Beauty_and_Personal_Care,1449107398000
AHSXXZHYMXDRVKC643TJZYQ7XGYA,B084RMJ7BP,Beauty_and_Personal_Care,1448836875000
AHSXXZHYMXDRVKC643TJZYQ7XGYA,B0BKLMBFVB,Beauty_and_Personal_Care,1448836830000
AHSXXZHYMXDRVKC643TJZYQ7XGYA,B015QI8H6E,Beauty_and_Personal_Care,1448836767000
AHSXXZHYMXDRVKC643TJZYQ7XGYA,B00GJ1PYZ0,Beauty_and_Personal_Care,1448836714000
AHSXXZHYMXDRVKC643TJZYQ7XGYA,B07HGSSBZT,Beauty_and_Personal_Care,1442074965000
AHSXXZHYMXDRVKC643TJZYQ7XGYA,B000FQMMSC,Beauty_and_Personal_Care,1381530090000
AH6CATODIVPVUOJEWHRSRCSKAOHA,B0BCF5SDYW,Beauty_and_Personal_Care,1667840230506
AH6CATODIVPVUOJEWHRSRCSKAOHA,B09M9F2DLN,Beauty_and_Personal_Care,1645990221418
AH6CATODIVPVUOJEWHRSRCSKAOHA,B001BRL6PE,Beauty_and_Personal_Care,1526994431311
AH6CATODIVPVUOJEWHRSRCSKAOHA,B0BWNHG7MX,Beauty_and_Personal_Care,1463153764000
AH6CATODIVPVUOJEWHRSRCSKAOHA,B004AIAVYS,Beauty_and_Personal_Care,1450354308000
AH6CATODIVPVUOJEWHRSRCSKAOHA,B07BVBJBZ9,Beauty_and_Personal_Care,1450354221000
AH6CATODIVPVUOJEWHRSRCSKAOHA,B00EI3JX08,Beauty_and_Personal_Care,1450354154000
AH6CATODIVPVUOJEWHRSRCSKAOHA,B005G9EA9M,Beauty_and_Personal_Care,1432563884000
AH6CATODIVPVUOJEWHRSRCSKAOHA,B00GLE8SNK,Beauty_and_Personal_Care,1426611194000
AH6CATODIVPVUOJEWHRSRCSKAOHA,B00ACUACZ6,Beauty_and_Personal_Care,1422967079000
AH6CATODIVPVUOJEWHRSRCSKAOHA,B00F0WSOWE,Beauty_and_Personal_Care,1399073752000
AH6CATODIVPVUOJEWHRSRCSKAOHA,B009QTDYYA,Beauty_and_Personal_Care,1398818562000
AEO4M665ZOCBF7HEFRMTUDHLSB5Q,B07YMZMJDM,Beauty_and_Personal_Care,1625154023234
AEO4M665ZOCBF7HEFRMTUDHLSB5Q,B095FMX9LT,Beauty_and_Personal_Care,1625153685158
AFGGQCSEGPS7EKWJ4GG2L4LV4TKQ,B07WJ785S6,Beauty_and_Personal_Care,1573580434325
AHWRKUZUZNWALPR3HG6H3QBFEBDA,B00SQ3S6TA,Beauty_and_Personal_Care,1440948466000
AHWRKUZUZNWALPR3HG6H3QBFEBDA,B00KF3L2O0,Beauty_and_Personal_Care,1439652687000
AEKDF2ANHCJWJQSPSMPV5TNTNZJA,B06XHPHJNF,Beauty_and_Personal_Care,1595802184179
AEUH4EH6XHROLT7UZPUYU2YKTYMA,B000X2Y7GS,Beauty_and_Personal_Care,1618448608576
AEUH4EH6XHROLT7UZPUYU2YKTYMA,B0C5XBG6XL,Beauty_and_Personal_Care,1618447140064
AEUH4EH6XHROLT7UZPUYU2YKTYMA,B07YYYSHVB,Beauty_and_Personal_Care,1614862050016
AEUH4EH6XHROLT7UZPUYU2YKTYMA,B088WM9Z47,Beauty_and_Personal_Care,1614861935252
AFIWYBPRAGQIAJOBA4QGIKL2BZAQ,B000NJ2218,Beauty_and_Personal_Care,1506371310873
AFIWYBPRAGQIAJOBA4QGIKL2BZAQ,B01C5G7C8O,Beauty_and_Personal_Care,1504098175327
AFIWYBPRAGQIAJOBA4QGIKL2BZAQ,B00757ASIA,Beauty_and_Personal_Care,1441322066000
AHCV2CNCOCG6WECDROOUYPDZIFEQ,B00PF9Q5EG,Beauty_and_Personal_Care,1587806647031
AH6PLOGWYIVIWLJTY756BHNFD4YA,B07VQR2RQ6,Beauty_and_Personal_Care,1579904491568
AH6PLOGWYIVIWLJTY756BHNFD4YA,B00S59Z78S,Beauty_and_Personal_Care,1440555007000
AH6PLOGWYIVIWLJTY756BHNFD4YA,B00018KV1E,Beauty_and_Personal_Care,1413544433000
AH6PLOGWYIVIWLJTY756BHNFD4YA,B01N7FDP6B,Beauty_and_Personal_Care,1356095647000
AHI3JGUFPMIJLPYTHBMTFAOZ4XFA,B00K669P2W,Beauty_and_Personal_Care,1625856754894
AHI3JGUFPMIJLPYTHBMTFAOZ4XFA,B00152RYTM,Beauty_and_Personal_Care,1539023526863
AHTH75HJJ5QPIP3ZDF2XNIBE3CWA,B08FDDDTWZ,Beauty_and_Personal_Care,1606765828562
AGFETIUFABYTBKH3H237OWO2FLBA,B01I0I0DY6,Beauty_and_Personal_Care,1564293122095
AF5MJENGAL5G6BUFIVMH5LRSZ6EA,B08FBKXHPD,Beauty_and_Personal_Care,1604091361577
AF5MJENGAL5G6BUFIVMH5LRSZ6EA,B0BSGY3DTS,Beauty_and_Personal_Care,1547229624600
AEYORY2AVPMCPDV57CE337YU5LXA,B06WWP6JCT,Beauty_and_Personal_Care,1676376616473
AEYORY2AVPMCPDV57CE337YU5LXA,B0B4NN1JVT,Beauty_and_Personal_Care,1676376506417
AEYORY2AVPMCPDV57CE337YU5LXA,B0BX583V2N,Beauty_and_Personal_Care,1673932293138
AEYORY2AVPMCPDV57CE337YU5LXA,B0BT2Q37P5,Beauty_and_Personal_Care,1659874959278
AEYORY2AVPMCPDV57CE337YU5LXA,B09PC2BS8N,Beauty_and_Personal_Care,1651525199355
AEYORY2AVPMCPDV57CE337YU5LXA,B09LLQ2QZJ,Beauty_and_Personal_Care,1651524916540
AEYORY2AVPMCPDV57CE337YU5LXA,B00J8JU2BQ,Beauty_and_Personal_Care,1644027604795
AEYORY2AVPMCPDV57CE337YU5LXA,B07BB2R8ZG,Beauty_and_Personal_Care,1642570005017
AEYORY2AVPMCPDV57CE337YU5LXA,B00P7I2R0Q,Beauty_and_Personal_Care,1637572810474
AEYORY2AVPMCPDV57CE337YU5LXA,B0786TLWHH,Beauty_and_Personal_Care,1637572153651
AEYORY2AVPMCPDV57CE337YU5LXA,B09B12MCMC,Beauty_and_Personal_Care,1634274918974
AEYORY2AVPMCPDV57CE337YU5LXA,B08DKJNN9H,Beauty_and_Personal_Care,1634274460257
AEYORY2AVPMCPDV57CE337YU5LXA,B000S7ZZBE,Beauty_and_Personal_Care,1627723811243
AEYORY2AVPMCPDV57CE337YU5LXA,B01C2HD24Y,Beauty_and_Personal_Care,1618843161564
AEYORY2AVPMCPDV57CE337YU5LXA,B093Y17K8B,Beauty_and_Personal_Care,1612915810067
AEYORY2AVPMCPDV57CE337YU5LXA,B08DXVM6JH,Beauty_and_Personal_Care,1606895003302
AEYORY2AVPMCPDV57CE337YU5LXA,B09B3L65JD,Beauty_and_Personal_Care,1606522377769
AEYORY2AVPMCPDV57CE337YU5LXA,B07YT2VKTG,Beauty_and_Personal_Care,1603332004563
AEYORY2AVPMCPDV57CE337YU5LXA,B016TUHUHU,Beauty_and_Personal_Care,1603211233498
AEYORY2AVPMCPDV57CE337YU5LXA,B073YLLPRG,Beauty_and_Personal_Care,1603210568022
AEYORY2AVPMCPDV57CE337YU5LXA,B0C5TT6DWX,Beauty_and_Personal_Care,1603210465819
AEYORY2AVPMCPDV57CE337YU5LXA,B07K8WS2BN,Beauty_and_Personal_Care,1601960804196
AEYORY2AVPMCPDV57CE337YU5LXA,B078ZG995F,Beauty_and_Personal_Care,1601960607474
AEYORY2AVPMCPDV57CE337YU5LXA,B081X44TWQ,Beauty_and_Personal_Care,1598968616337
AEYORY2AVPMCPDV57CE337YU5LXA,B07RG6R7KD,Beauty_and_Personal_Care,1598968192512
AEYORY2AVPMCPDV57CE337YU5LXA,B07Q4WB2ZC,Beauty_and_Personal_Care,1598967063920
AEYORY2AVPMCPDV57CE337YU5LXA,B0C3N15YKT,Beauty_and_Personal_Care,1595793656351
AEYORY2AVPMCPDV57CE337YU5LXA,B09GWLJPTH,Beauty_and_Personal_Care,1591572039290
AEYORY2AVPMCPDV57CE337YU5LXA,B071D19DJP,Beauty_and_Personal_Care,1583123389555
AEYORY2AVPMCPDV57CE337YU5LXA,B0B6QVGZ4X,Beauty_and_Personal_Care,1582562088441
AEYORY2AVPMCPDV57CE337YU5LXA,B09LTH6K82,Beauty_and_Personal_Care,1580487301985
AEYORY2AVPMCPDV57CE337YU5LXA,B082ZWWL1Q,Beauty_and_Personal_Care,1580486423870
AEYORY2AVPMCPDV57CE337YU5LXA,B0046MK34G,Beauty_and_Personal_Care,1580486260317
AEYORY2AVPMCPDV57CE337YU5LXA,B07RFVCSG2,Beauty_and_Personal_Care,1577585933738
AEYORY2AVPMCPDV57CE337YU5LXA,B01N57TVKD,Beauty_and_Personal_Care,1496713274000
AEYORY2AVPMCPDV57CE337YU5LXA,B01LVXLOYM,Beauty_and_Personal_Care,1492569568000
AEYORY2AVPMCPDV57CE337YU5LXA,B019QYK7XA,Beauty_and_Personal_Care,1490671778000
AEYORY2AVPMCPDV57CE337YU5LXA,B00OIUBAUW,Beauty_and_Personal_Care,1456198598000
AEYFU5FQAJYXFREC4KHQ34EGZ3LQ,B0738HQWJZ,Beauty_and_Personal_Care,1562177664995
AEYFU5FQAJYXFREC4KHQ34EGZ3LQ,B0050INH2U,Beauty_and_Personal_Care,1509918347061
AEYFU5FQAJYXFREC4KHQ34EGZ3LQ,B07TTF27TP,Beauty_and_Personal_Care,1504476839376
AEYFU5FQAJYXFREC4KHQ34EGZ3LQ,B007XNEXGY,Beauty_and_Personal_Care,1504476812501
AEYFU5FQAJYXFREC4KHQ34EGZ3LQ,B00147FGJ8,Beauty_and_Personal_Care,1504476655354
AEYFU5FQAJYXFREC4KHQ34EGZ3LQ,B002WJOOIQ,Beauty_and_Personal_Care,1504476583822
AEYFU5FQAJYXFREC4KHQ34EGZ3LQ,B0010H93A0,Beauty_and_Personal_Care,1504476568052
AEYFU5FQAJYXFREC4KHQ34EGZ3LQ,B07BTGLQ7P,Beauty_and_Personal_Care,1466120170000
AEINY4XOINMMJCK5GZ3M6MMHBN6A,B00JBJHGBM,Beauty_and_Personal_Care,1464967280000
AEINY4XOINMMJCK5GZ3M6MMHBN6A,B014JEPIKE,Beauty_and_Personal_Care,1445011414000
AE3Q6AEWP7Y7CH4N6IWEP4YBNP2A,B0BLCSBLKX,Beauty_and_Personal_Care,1575749510949
AGJSTXSEWFVQWVQINO6QKMNBUUNA,B0B79QPT86,Beauty_and_Personal_Care,1586382763925
AGJSTXSEWFVQWVQINO6QKMNBUUNA,B00HLF8ZJ0,Beauty_and_Personal_Care,1428846997000
AEJDETWITK2KGACH7FUBMY33PPSQ,B0C5S3CM1S,Beauty_and_Personal_Care,1628562104813
AEJDETWITK2KGACH7FUBMY33PPSQ,B00830D9XO,Beauty_and_Personal_Care,1617563976522
AEJDETWITK2KGACH7FUBMY33PPSQ,B079FDB59X,Beauty_and_Personal_Care,1581279626239
AEJDETWITK2KGACH7FUBMY33PPSQ,B001ET73J2,Beauty_and_Personal_Care,1535488390977
AGSMNIT5YGSO35M2YRIE2OZIOSUQ,B0BH6LTBCY,Beauty_and_Personal_Care,1671310913831
AFSKPY37N3C43SOI5IEXEK5JSIYA,B0BJ6X46P9,Beauty_and_Personal_Care,1678704785890
AFSKPY37N3C43SOI5IEXEK5JSIYA,B0BLN69W6C,Beauty_and_Personal_Care,1678646855596
AFSKPY37N3C43SOI5IEXEK5JSIYA,B0B8RZ9YRZ,Beauty_and_Personal_Care,1678646665263
AFSKPY37N3C43SOI5IEXEK5JSIYA,B0BVQCNDHM,Beauty_and_Personal_Care,1677669796105
AFSKPY37N3C43SOI5IEXEK5JSIYA,B0BZZ2MPDN,Beauty_and_Personal_Care,1677600668505
AFSKPY37N3C43SOI5IEXEK5JSIYA,B0BZSKV9QN,Beauty_and_Personal_Care,1677347974691
AFSKPY37N3C43SOI5IEXEK5JSIYA,B0BMWS8BFL,Beauty_and_Personal_Care,1676906699058
AFSKPY37N3C43SOI5IEXEK5JSIYA,B0BKSRNR6W,Beauty_and_Personal_Care,1676469683812
AFSKPY37N3C43SOI5IEXEK5JSIYA,B0C9J5DLWP,Beauty_and_Personal_Care,1675954999936
AFSKPY37N3C43SOI5IEXEK5JSIYA,B0BRTMLDRZ,Beauty_and_Personal_Care,1675352838400
AFSKPY37N3C43SOI5IEXEK5JSIYA,B0BRSYBHKZ,Beauty_and_Personal_Care,1674558074245
AFSKPY37N3C43SOI5IEXEK5JSIYA,B0CFYSWGK8,Beauty_and_Personal_Care,1674306953522
AFSKPY37N3C43SOI5IEXEK5JSIYA,B0BGJS3JTP,Beauty_and_Personal_Care,1673196496207
AFSKPY37N3C43SOI5IEXEK5JSIYA,B0C3HCFLT8,Beauty_and_Personal_Care,1673195945944
AFSKPY37N3C43SOI5IEXEK5JSIYA,B0BCL3GZ7K,Beauty_and_Personal_Care,1672755125751
AFSKPY37N3C43SOI5IEXEK5JSIYA,B0BGH471Q5,Beauty_and_Personal_Care,1672581569524
AFSKPY37N3C43SOI5IEXEK5JSIYA,B0C5R8F3GQ,Beauty_and_Personal_Care,1672581156823
AFSKPY37N3C43SOI5IEXEK5JSIYA,B0BKZ2Q63C,Beauty_and_Personal_Care,1672144993096
AFSKPY37N3C43SOI5IEXEK5JSIYA,B0BL6Z93VC,Beauty_and_Personal_Care,1672144422637
AFSKPY37N3C43SOI5IEXEK5JSIYA,B0BJ8RWLPL,Beauty_and_Personal_Care,1671709364261
AFSKPY37N3C43SOI5IEXEK5JSIYA,B0B3TMM6WG,Beauty_and_Personal_Care,1671545701357
AFSKPY37N3C43SOI5IEXEK5JSIYA,B0B7DVVCMN,Beauty_and_Personal_Care,1671018419453
AFSKPY37N3C43SOI5IEXEK5JSIYA,B0B94L3JMM,Beauty_and_Personal_Care,1671018122070
AFSKPY37N3C43SOI5IEXEK5JSIYA,B0C348QXTZ,Beauty_and_Personal_Care,1671017961761
AFSKPY37N3C43SOI5IEXEK5JSIYA,B0BPZQ7D9D,Beauty_and_Personal_Care,1669469252439
AFSKPY37N3C43SOI5IEXEK5JSIYA,B0B8FL9XR3,Beauty_and_Personal_Care,1667219148421
AFSKPY37N3C43SOI5IEXEK5JSIYA,B0B3NFKGSW,Beauty_and_Personal_Care,1666204641678
AFSKPY37N3C43SOI5IEXEK5JSIYA,B0B2ZBXPX5,Beauty_and_Personal_Care,1666204356288
AFSKPY37N3C43SOI5IEXEK5JSIYA,B0B7K783FW,Beauty_and_Personal_Care,1666203826002
AFSKPY37N3C43SOI5IEXEK5JSIYA,B09WMFXJBT,Beauty_and_Personal_Care,1665436278950
AFSKPY37N3C43SOI5IEXEK5JSIYA,B0BWMSD8ND,Beauty_and_Personal_Care,1661815577289
AFSKPY37N3C43SOI5IEXEK5JSIYA,B0BFR98FBD,Beauty_and_Personal_Care,1661815342152
AFSKPY37N3C43SOI5IEXEK5JSIYA,B09MHX1GWQ,Beauty_and_Personal_Care,1661814819540
AFSKPY37N3C43SOI5IEXEK5JSIYA,B0B5YGJG94,Beauty_and_Personal_Care,1661336127828
AFSKPY37N3C43SOI5IEXEK5JSIYA,B09XTN7FCZ,Beauty_and_Personal_Care,1661335904366
AFSKPY37N3C43SOI5IEXEK5JSIYA,B0C5CJR6S5,Beauty_and_Personal_Care,1661003144894
AFSKPY37N3C43SOI5IEXEK5JSIYA,B0B2QFMXD8,Beauty_and_Personal_Care,1660846047658
AFSKPY37N3C43SOI5IEXEK5JSIYA,B01EL1XKE6,Beauty_and_Personal_Care,1660816725803
AFSKPY37N3C43SOI5IEXEK5JSIYA,B07K47NTS6,Beauty_and_Personal_Care,1660135365873
AFSKPY37N3C43SOI5IEXEK5JSIYA,B00I7UY6H8,Beauty_and_Personal_Care,1660134525921
AFSKPY37N3C43SOI5IEXEK5JSIYA,B09ZLBT8DL,Beauty_and_Personal_Care,1660134357898
AFSKPY37N3C43SOI5IEXEK5JSIYA,B09QMFLSSG,Beauty_and_Personal_Care,1659906602568
AFSKPY37N3C43SOI5IEXEK5JSIYA,B096WHL8DK,Beauty_and_Personal_Care,1659358961388
AFSKPY37N3C43SOI5IEXEK5JSIYA,B09VYLVYWV,Beauty_and_Personal_Care,1657471224302
AFSKPY37N3C43SOI5IEXEK5JSIYA,B09RF2F2J7,Beauty_and_Personal_Care,1657471036287
AFSKPY37N3C43SOI5IEXEK5JSIYA,B0C4H9B49X,Beauty_and_Personal_Care,1655739878488
AFSKPY37N3C43SOI5IEXEK5JSIYA,B09V59LQ39,Beauty_and_Personal_Care,1655739255780
AFSKPY37N3C43SOI5IEXEK5JSIYA,B0B1LQ2QZ4,Beauty_and_Personal_Care,1654459830184
AFSKPY37N3C43SOI5IEXEK5JSIYA,B086PCJFP9,Beauty_and_Personal_Care,1653309458142
AFSKPY37N3C43SOI5IEXEK5JSIYA,B08ZKLMXBN,Beauty_and_Personal_Care,1653309078999
AFSKPY37N3C43SOI5IEXEK5JSIYA,B09SRF1JR7,Beauty_and_Personal_Care,1652538382260
AFSKPY37N3C43SOI5IEXEK5JSIYA,B094WC3F13,Beauty_and_Personal_Care,1651446159335
AFSKPY37N3C43SOI5IEXEK5JSIYA,B09GFG54X3,Beauty_and_Personal_Care,1649241624587
AFSKPY37N3C43SOI5IEXEK5JSIYA,B09633MPMM,Beauty_and_Personal_Care,1649241457391
AFSKPY37N3C43SOI5IEXEK5JSIYA,B09JKD83YJ,Beauty_and_Personal_Care,1648737411461
AFSKPY37N3C43SOI5IEXEK5JSIYA,B09LTW2PJV,Beauty_and_Personal_Care,1648291873553
AFSKPY37N3C43SOI5IEXEK5JSIYA,B0BQW1DC9N,Beauty_and_Personal_Care,1647302012107
AFSKPY37N3C43SOI5IEXEK5JSIYA,B01MCYL8K9,Beauty_and_Personal_Care,1646604563095
AFSKPY37N3C43SOI5IEXEK5JSIYA,B09NB4ML1C,Beauty_and_Personal_Care,1646603936812
AFSKPY37N3C43SOI5IEXEK5JSIYA,B0BFL6T5PH,Beauty_and_Personal_Care,1646603613107
AFSKPY37N3C43SOI5IEXEK5JSIYA,B0BH5N2MSQ,Beauty_and_Personal_Care,1645748896220
AFSKPY37N3C43SOI5IEXEK5JSIYA,B0C4Z2GTD3,Beauty_and_Personal_Care,1645624464163
AFSKPY37N3C43SOI5IEXEK5JSIYA,B0BVXKZBDP,Beauty_and_Personal_Care,1645545063334
AFSKPY37N3C43SOI5IEXEK5JSIYA,B09QVF7WVC,Beauty_and_Personal_Care,1645484932154
AFSKPY37N3C43SOI5IEXEK5JSIYA,B09P9VZXQ7,Beauty_and_Personal_Care,1645484528349
AFSKPY37N3C43SOI5IEXEK5JSIYA,B09JTYR5GV,Beauty_and_Personal_Care,1645457984726
AFSKPY37N3C43SOI5IEXEK5JSIYA,B09BTNH9T9,Beauty_and_Personal_Care,1644873205080
AFSKPY37N3C43SOI5IEXEK5JSIYA,B09QRRP68Q,Beauty_and_Personal_Care,1644750112320
AFSKPY37N3C43SOI5IEXEK5JSIYA,B09KV6KP3F,Beauty_and_Personal_Care,1644505038988
AFSKPY37N3C43SOI5IEXEK5JSIYA,B09KNB3JZ8,Beauty_and_Personal_Care,1644106631416
AFSKPY37N3C43SOI5IEXEK5JSIYA,B09LMMZCX9,Beauty_and_Personal_Care,1644106127149
AFSKPY37N3C43SOI5IEXEK5JSIYA,B09QDYGSTN,Beauty_and_Personal_Care,1643714229880
AFSKPY37N3C43SOI5IEXEK5JSIYA,B09K831L18,Beauty_and_Personal_Care,1643568889159
AFSKPY37N3C43SOI5IEXEK5JSIYA,B09L3X3C52,Beauty_and_Personal_Care,1643568578599
AFSKPY37N3C43SOI5IEXEK5JSIYA,B0CBRPZ5D4,Beauty_and_Personal_Care,1643545833925
AFSKPY37N3C43SOI5IEXEK5JSIYA,B09GV3QGFD,Beauty_and_Personal_Care,1643545391109
AFSKPY37N3C43SOI5IEXEK5JSIYA,B09JYHFM4H,Beauty_and_Personal_Care,1643544504960
AFSKPY37N3C43SOI5IEXEK5JSIYA,B08PTMFRHJ,Beauty_and_Personal_Care,1643543341909
AFSKPY37N3C43SOI5IEXEK5JSIYA,B09CZBPJ1V,Beauty_and_Personal_Care,1643377839877
AFSKPY37N3C43SOI5IEXEK5JSIYA,B08MFQG2S1,Beauty_and_Personal_Care,1643377408414
AFSKPY37N3C43SOI5IEXEK5JSIYA,B09BDLHGD1,Beauty_and_Personal_Care,1643365804126
AFSKPY37N3C43SOI5IEXEK5JSIYA,B0924B8QPH,Beauty_and_Personal_Care,1643322300970
AFSKPY37N3C43SOI5IEXEK5JSIYA,B09J2C845N,Beauty_and_Personal_Care,1643282071895
AFSKPY37N3C43SOI5IEXEK5JSIYA,B09F5QCW21,Beauty_and_Personal_Care,1643203027648
AFSKPY37N3C43SOI5IEXEK5JSIYA,B0B2ZWJ813,Beauty_and_Personal_Care,1643202777588
AFSKPY37N3C43SOI5IEXEK5JSIYA,B09314DX7G,Beauty_and_Personal_Care,1643053981709
AFSKPY37N3C43SOI5IEXEK5JSIYA,B09DS4M3WQ,Beauty_and_Personal_Care,1643052775221
AFSKPY37N3C43SOI5IEXEK5JSIYA,B09F3R36PL,Beauty_and_Personal_Care,1643044671569
AFSKPY37N3C43SOI5IEXEK5JSIYA,B094QQ7ZLF,Beauty_and_Personal_Care,1643035209056
AFSKPY37N3C43SOI5IEXEK5JSIYA,B0973SMMD7,Beauty_and_Personal_Care,1643020265047
AFSKPY37N3C43SOI5IEXEK5JSIYA,B0BN2BYSY3,Beauty_and_Personal_Care,1642612255151
AFSKPY37N3C43SOI5IEXEK5JSIYA,B0C8JV59ZK,Beauty_and_Personal_Care,1642607649707
AFSKPY37N3C43SOI5IEXEK5JSIYA,B08Y4QXY8D,Beauty_and_Personal_Care,1641840668192
AFSKPY37N3C43SOI5IEXEK5JSIYA,B09C8QWFWT,Beauty_and_Personal_Care,1641429374352
AFSKPY37N3C43SOI5IEXEK5JSIYA,B09BKSJ6ZF,Beauty_and_Personal_Care,1641429251824
AFSKPY37N3C43SOI5IEXEK5JSIYA,B08Q42ZBPK,Beauty_and_Personal_Care,1641428910145
AFSKPY37N3C43SOI5IEXEK5JSIYA,B097CFHHH2,Beauty_and_Personal_Care,1641428642937
AFSKPY37N3C43SOI5IEXEK5JSIYA,B09314W483,Beauty_and_Personal_Care,1640802922906
AFSKPY37N3C43SOI5IEXEK5JSIYA,B09CD49Z52,Beauty_and_Personal_Care,1640793695640
AFSKPY37N3C43SOI5IEXEK5JSIYA,B08KYY63WJ,Beauty_and_Personal_Care,1639764047388
AFSKPY37N3C43SOI5IEXEK5JSIYA,B00PPCVOM6,Beauty_and_Personal_Care,1639681169260
AFSKPY37N3C43SOI5IEXEK5JSIYA,B09BK67D9J,Beauty_and_Personal_Care,1639680932590
AFSKPY37N3C43SOI5IEXEK5JSIYA,B09KG66RVH,Beauty_and_Personal_Care,1638396847249
AFSKPY37N3C43SOI5IEXEK5JSIYA,B07L616KJ6,Beauty_and_Personal_Care,1638128922498
AFSKPY37N3C43SOI5IEXEK5JSIYA,B09HK1FMX1,Beauty_and_Personal_Care,1637753485161
AFSKPY37N3C43SOI5IEXEK5JSIYA,B08WS5Z3Y5,Beauty_and_Personal_Care,1637753228208
AFSKPY37N3C43SOI5IEXEK5JSIYA,B08WR8VGDV,Beauty_and_Personal_Care,1637752805011
AFSKPY37N3C43SOI5IEXEK5JSIYA,B0B55WP91G,Beauty_and_Personal_Care,1637681295882
AFSKPY37N3C43SOI5IEXEK5JSIYA,B098R3X78K,Beauty_and_Personal_Care,1637627212332
AFSKPY37N3C43SOI5IEXEK5JSIYA,B08Y99K5TM,Beauty_and_Personal_Care,1636286418315
AFSKPY37N3C43SOI5IEXEK5JSIYA,B09XTNKHZ9,Beauty_and_Personal_Care,1636222864723
AFSKPY37N3C43SOI5IEXEK5JSIYA,B097GX5DVH,Beauty_and_Personal_Care,1636065777652
AFSKPY37N3C43SOI5IEXEK5JSIYA,B092B4ZM27,Beauty_and_Personal_Care,1635877195336
AFSKPY37N3C43SOI5IEXEK5JSIYA,B092FZ4QD9,Beauty_and_Personal_Care,1635100462474
AFSKPY37N3C43SOI5IEXEK5JSIYA,B093HGV7SQ,Beauty_and_Personal_Care,1634476641540
AFSKPY37N3C43SOI5IEXEK5JSIYA,B0B49WZ9R5,Beauty_and_Personal_Care,1634227925749
AFSKPY37N3C43SOI5IEXEK5JSIYA,B0BP6NX1RH,Beauty_and_Personal_Care,1634084155479
AFSKPY37N3C43SOI5IEXEK5JSIYA,B09281MT96,Beauty_and_Personal_Care,1633442071793
AFSKPY37N3C43SOI5IEXEK5JSIYA,B0C63NWK3Y,Beauty_and_Personal_Care,1633017672388
AFSKPY37N3C43SOI5IEXEK5JSIYA,B08RD4DQD6,Beauty_and_Personal_Care,1633017362752
AFSKPY37N3C43SOI5IEXEK5JSIYA,B07VDHJB2S,Beauty_and_Personal_Care,1632308404542
AFSKPY37N3C43SOI5IEXEK5JSIYA,B09221DGS5,Beauty_and_Personal_Care,1631734529545
AFSKPY37N3C43SOI5IEXEK5JSIYA,B078YDQDTL,Beauty_and_Personal_Care,1631113346981
AFSKPY37N3C43SOI5IEXEK5JSIYA,B08XNRKCLR,Beauty_and_Personal_Care,1630416933817
AFSKPY37N3C43SOI5IEXEK5JSIYA,B07Y4CK293,Beauty_and_Personal_Care,1630184049253
AFSKPY37N3C43SOI5IEXEK5JSIYA,B08NWW4CT4,Beauty_and_Personal_Care,1629487913348
AFSKPY37N3C43SOI5IEXEK5JSIYA,B01LWTUVIH,Beauty_and_Personal_Care,1629481361707
AFSKPY37N3C43SOI5IEXEK5JSIYA,B093TMDYGB,Beauty_and_Personal_Care,1629480818102
AFSKPY37N3C43SOI5IEXEK5JSIYA,B08H6B4R5K,Beauty_and_Personal_Care,1628936073154
AFSKPY37N3C43SOI5IEXEK5JSIYA,B08GFYY25D,Beauty_and_Personal_Care,1627942502834
AFSKPY37N3C43SOI5IEXEK5JSIYA,B095C6CTNL,Beauty_and_Personal_Care,1627942230272
AFSKPY37N3C43SOI5IEXEK5JSIYA,B08T62BZBC,Beauty_and_Personal_Care,1627051637626
AFSKPY37N3C43SOI5IEXEK5JSIYA,B089D8TRFZ,Beauty_and_Personal_Care,1626614287393
AFSKPY37N3C43SOI5IEXEK5JSIYA,B089D8V1M2,Beauty_and_Personal_Care,1626387144866
AFSKPY37N3C43SOI5IEXEK5JSIYA,B092DN7WZ1,Beauty_and_Personal_Care,1626212124769
AFSKPY37N3C43SOI5IEXEK5JSIYA,B0BZ174LJP,Beauty_and_Personal_Care,1626211697717
AFSKPY37N3C43SOI5IEXEK5JSIYA,B08F7DP1NP,Beauty_and_Personal_Care,1626210974636
AFSKPY37N3C43SOI5IEXEK5JSIYA,B07X4WB9HH,Beauty_and_Personal_Care,1626036083374
AFSKPY37N3C43SOI5IEXEK5JSIYA,B08WJWH2M1,Beauty_and_Personal_Care,1626032441231
AFSKPY37N3C43SOI5IEXEK5JSIYA,B0BPB8RXWF,Beauty_and_Personal_Care,1624543080441
AFSKPY37N3C43SOI5IEXEK5JSIYA,B084KHRG71,Beauty_and_Personal_Care,1623887172687
AFSKPY37N3C43SOI5IEXEK5JSIYA,B08Y9BBFKM,Beauty_and_Personal_Care,1623328295955
AFSKPY37N3C43SOI5IEXEK5JSIYA,B0001QNLNG,Beauty_and_Personal_Care,1623093394207
AFSKPY37N3C43SOI5IEXEK5JSIYA,B08W3C6N81,Beauty_and_Personal_Care,1622932015540
AFSKPY37N3C43SOI5IEXEK5JSIYA,B083C1RGFG,Beauty_and_Personal_Care,1621867016201
AFSKPY37N3C43SOI5IEXEK5JSIYA,B08FRB37CY,Beauty_and_Personal_Care,1621191166177
AFSKPY37N3C43SOI5IEXEK5JSIYA,B08WR4LGM5,Beauty_and_Personal_Care,1620940060333
AFSKPY37N3C43SOI5IEXEK5JSIYA,B08XC46YFN,Beauty_and_Personal_Care,1620727739199
AFSKPY37N3C43SOI5IEXEK5JSIYA,B08R93W24T,Beauty_and_Personal_Care,1620650717121
AFSKPY37N3C43SOI5IEXEK5JSIYA,B08J2DGZXD,Beauty_and_Personal_Care,1620603662423
AFSKPY37N3C43SOI5IEXEK5JSIYA,B004KQLHEI,Beauty_and_Personal_Care,1620586956936
AFSKPY37N3C43SOI5IEXEK5JSIYA,B076DDHBLB,Beauty_and_Personal_Care,1620469695913
AFSKPY37N3C43SOI5IEXEK5JSIYA,B0BLH76SC9,Beauty_and_Personal_Care,1619733051425
AFSKPY37N3C43SOI5IEXEK5JSIYA,B0B67X487K,Beauty_and_Personal_Care,1618860639871
AFSKPY37N3C43SOI5IEXEK5JSIYA,B0BNXHC28H,Beauty_and_Personal_Care,1618856794666
AFSKPY37N3C43SOI5IEXEK5JSIYA,B07T11S6XJ,Beauty_and_Personal_Care,1618328052854
AFSKPY37N3C43SOI5IEXEK5JSIYA,B0C677F916,Beauty_and_Personal_Care,1618326779019
AFSKPY37N3C43SOI5IEXEK5JSIYA,B08H843LLM,Beauty_and_Personal_Care,1618324560411
AFSKPY37N3C43SOI5IEXEK5JSIYA,B08PQSPGTF,Beauty_and_Personal_Care,1618321805834
AFSKPY37N3C43SOI5IEXEK5JSIYA,B0BY5NX1BK,Beauty_and_Personal_Care,1617908967162
AFSKPY37N3C43SOI5IEXEK5JSIYA,B08QYWV41T,Beauty_and_Personal_Care,1617905862676
AFSKPY37N3C43SOI5IEXEK5JSIYA,B08P2X5N92,Beauty_and_Personal_Care,1617905681562
AFSKPY37N3C43SOI5IEXEK5JSIYA,B0B861H8RZ,Beauty_and_Personal_Care,1617905108185
AFSKPY37N3C43SOI5IEXEK5JSIYA,B08PZHCC22,Beauty_and_Personal_Care,1617033467512
AFSKPY37N3C43SOI5IEXEK5JSIYA,B08PYVL8K8,Beauty_and_Personal_Care,1616706104567
AFSKPY37N3C43SOI5IEXEK5JSIYA,B08NZS81XN,Beauty_and_Personal_Care,1615918131991
AFSKPY37N3C43SOI5IEXEK5JSIYA,B08M6R44YC,Beauty_and_Personal_Care,1615759169607
AFSKPY37N3C43SOI5IEXEK5JSIYA,B08S78STN4,Beauty_and_Personal_Care,1615676209922
AFSKPY37N3C43SOI5IEXEK5JSIYA,B08S3QBQV7,Beauty_and_Personal_Care,1615319203166
AFSKPY37N3C43SOI5IEXEK5JSIYA,B08Q6GSJ7M,Beauty_and_Personal_Care,1614289667941
AFSKPY37N3C43SOI5IEXEK5JSIYA,B08L6HGGXV,Beauty_and_Personal_Care,1613861823770
AFSKPY37N3C43SOI5IEXEK5JSIYA,B0C5MRTKFQ,Beauty_and_Personal_Care,1613245091077
AFSKPY37N3C43SOI5IEXEK5JSIYA,B08P3QHL16,Beauty_and_Personal_Care,1613242450857
AFSKPY37N3C43SOI5IEXEK5JSIYA,B08CDK34MY,Beauty_and_Personal_Care,1613240839667
AFSKPY37N3C43SOI5IEXEK5JSIYA,B081QPLJV7,Beauty_and_Personal_Care,1610917802143
AFSKPY37N3C43SOI5IEXEK5JSIYA,B07KXSS3ZN,Beauty_and_Personal_Care,1610912128662
AFSKPY37N3C43SOI5IEXEK5JSIYA,B08KY8DQ1X,Beauty_and_Personal_Care,1610837486218
AFSKPY37N3C43SOI5IEXEK5JSIYA,B015UVKTM2,Beauty_and_Personal_Care,1610411828857
AFSKPY37N3C43SOI5IEXEK5JSIYA,B07KXV83H8,Beauty_and_Personal_Care,1610411384353
AFSKPY37N3C43SOI5IEXEK5JSIYA,B08FRML8ML,Beauty_and_Personal_Care,1610410785288
AFSKPY37N3C43SOI5IEXEK5JSIYA,B08F9G8N6M,Beauty_and_Personal_Care,1610400866320
AFSKPY37N3C43SOI5IEXEK5JSIYA,B087V1JKJV,Beauty_and_Personal_Care,1610236853065
AFSKPY37N3C43SOI5IEXEK5JSIYA,B082G1SX9Y,Beauty_and_Personal_Care,1610236667956
AFSKPY37N3C43SOI5IEXEK5JSIYA,B006O4T66U,Beauty_and_Personal_Care,1609718719721
AFSKPY37N3C43SOI5IEXEK5JSIYA,B08HLYL144,Beauty_and_Personal_Care,1609515016066
AFSKPY37N3C43SOI5IEXEK5JSIYA,B087CT7M9Y,Beauty_and_Personal_Care,1608654685552
AFSKPY37N3C43SOI5IEXEK5JSIYA,B08D4K7NNH,Beauty_and_Personal_Care,1608068618271
AFSKPY37N3C43SOI5IEXEK5JSIYA,B08GPDFN8W,Beauty_and_Personal_Care,1608067322372
AFSKPY37N3C43SOI5IEXEK5JSIYA,B08HWRM6TX,Beauty_and_Personal_Care,1607904786549
AFSKPY37N3C43SOI5IEXEK5JSIYA,B08B823GBW,Beauty_and_Personal_Care,1607339756209
AFSKPY37N3C43SOI5IEXEK5JSIYA,B07TWBKMBQ,Beauty_and_Personal_Care,1607339227574
AFSKPY37N3C43SOI5IEXEK5JSIYA,B08GWZ8KS5,Beauty_and_Personal_Care,1607339003697
AFSKPY37N3C43SOI5IEXEK5JSIYA,B0875PPHD1,Beauty_and_Personal_Care,1607092604089
AFSKPY37N3C43SOI5IEXEK5JSIYA,B07YND88ZR,Beauty_and_Personal_Care,1607091353140
AFSKPY37N3C43SOI5IEXEK5JSIYA,B0891S32MF,Beauty_and_Personal_Care,1605967227155
AFSKPY37N3C43SOI5IEXEK5JSIYA,B09KLFWGC2,Beauty_and_Personal_Care,1605964173380
AFSKPY37N3C43SOI5IEXEK5JSIYA,B0892STB3M,Beauty_and_Personal_Care,1605654507143
AFSKPY37N3C43SOI5IEXEK5JSIYA,B071LFPV3H,Beauty_and_Personal_Care,1605652281150
AFSKPY37N3C43SOI5IEXEK5JSIYA,B08FRQJ3HK,Beauty_and_Personal_Care,1605650771826
AFSKPY37N3C43SOI5IEXEK5JSIYA,B081MY7SVX,Beauty_and_Personal_Care,1605384760059
AFSKPY37N3C43SOI5IEXEK5JSIYA,B086P9GHR1,Beauty_and_Personal_Care,1605215086689
AFSKPY37N3C43SOI5IEXEK5JSIYA,B00L0SUP6A,Beauty_and_Personal_Care,1603273727166
AFSKPY37N3C43SOI5IEXEK5JSIYA,B08D3V9LRY,Beauty_and_Personal_Care,1603273341179
AFSKPY37N3C43SOI5IEXEK5JSIYA,B08466L7JD,Beauty_and_Personal_Care,1602711195618
AFSKPY37N3C43SOI5IEXEK5JSIYA,B0CF8C6Z6Y,Beauty_and_Personal_Care,1601228751103
AFSKPY37N3C43SOI5IEXEK5JSIYA,B07DMV6QDW,Beauty_and_Personal_Care,1601141328340
AFSKPY37N3C43SOI5IEXEK5JSIYA,B010E1WWLY,Beauty_and_Personal_Care,1601141000006
AFSKPY37N3C43SOI5IEXEK5JSIYA,B083SM2LMQ,Beauty_and_Personal_Care,1601133734542
AFSKPY37N3C43SOI5IEXEK5JSIYA,B0BWJ6CTL2,Beauty_and_Personal_Care,1601131223081
AFSKPY37N3C43SOI5IEXEK5JSIYA,B0BWJ6CTL2,Beauty_and_Personal_Care,1601131148525
AFSKPY37N3C43SOI5IEXEK5JSIYA,B014UXHO1K,Beauty_and_Personal_Care,1600599230829
AFSKPY37N3C43SOI5IEXEK5JSIYA,B08F9N29GR,Beauty_and_Personal_Care,1599333368021
AFSKPY37N3C43SOI5IEXEK5JSIYA,B09L5S14F2,Beauty_and_Personal_Care,1599313243115
AFSKPY37N3C43SOI5IEXEK5JSIYA,B08BZVV3C9,Beauty_and_Personal_Care,1598894191048
AFSKPY37N3C43SOI5IEXEK5JSIYA,B08CHLRP8J,Beauty_and_Personal_Care,1598892913745
AFSKPY37N3C43SOI5IEXEK5JSIYA,B0881T2BLP,Beauty_and_Personal_Care,1598815497611
AFSKPY37N3C43SOI5IEXEK5JSIYA,B087BVM3GQ,Beauty_and_Personal_Care,1598369345526
AFSKPY37N3C43SOI5IEXEK5JSIYA,B0BX6HJN28,Beauty_and_Personal_Care,1598215525535
AFSKPY37N3C43SOI5IEXEK5JSIYA,B087QX6DFW,Beauty_and_Personal_Care,1598214227113
AFSKPY37N3C43SOI5IEXEK5JSIYA,B08XQQ5F15,Beauty_and_Personal_Care,1595865332438
AFSKPY37N3C43SOI5IEXEK5JSIYA,B0743JSPSK,Beauty_and_Personal_Care,1595865236843
AFSKPY37N3C43SOI5IEXEK5JSIYA,B089ZX9GSG,Beauty_and_Personal_Care,1595864312231
AFSKPY37N3C43SOI5IEXEK5JSIYA,B088DF4MS3,Beauty_and_Personal_Care,1595678647814
AFSKPY37N3C43SOI5IEXEK5JSIYA,B0877D56BX,Beauty_and_Personal_Care,1595536971744
AFSKPY37N3C43SOI5IEXEK5JSIYA,B088HKCRWR,Beauty_and_Personal_Care,1595025425588
AFSKPY37N3C43SOI5IEXEK5JSIYA,B082MYN6PB,Beauty_and_Personal_Care,1594593932072
AFSKPY37N3C43SOI5IEXEK5JSIYA,B088FR352Q,Beauty_and_Personal_Care,1594075613878
AFSKPY37N3C43SOI5IEXEK5JSIYA,B087WRMXQ3,Beauty_and_Personal_Care,1593781214626
AFSKPY37N3C43SOI5IEXEK5JSIYA,B0C1SG3PK3,Beauty_and_Personal_Care,1593724312537
AFSKPY37N3C43SOI5IEXEK5JSIYA,B085BMPRYG,Beauty_and_Personal_Care,1593722730279
AFSKPY37N3C43SOI5IEXEK5JSIYA,B0BRGD2V94,Beauty_and_Personal_Care,1593364998938
AFSKPY37N3C43SOI5IEXEK5JSIYA,B0863L51LM,Beauty_and_Personal_Care,1593353636893
AFSKPY37N3C43SOI5IEXEK5JSIYA,B089K35DH5,Beauty_and_Personal_Care,1593352839693
AFSKPY37N3C43SOI5IEXEK5JSIYA,B08627YHDQ,Beauty_and_Personal_Care,1593259498846
AFSKPY37N3C43SOI5IEXEK5JSIYA,B088KQ9MYD,Beauty_and_Personal_Care,1592936220201
AFKZENTNBQ7A7V7UXW5JJI6UGRYQ,B09BGPFTDB,Books,1642399598485
AFKZENTNBQ7A7V7UXW5JJI6UGRYQ,0593235657,Books,1640629604904
AFKZENTNBQ7A7V7UXW5JJI6UGRYQ,1782490671,Books,1640383495102
AFKZENTNBQ7A7V7UXW5JJI6UGRYQ,0593138228,Books,1640364906602
AFKZENTNBQ7A7V7UXW5JJI6UGRYQ,0823098079,Books,1637312253230
AFKZENTNBQ7A7V7UXW5JJI6UGRYQ,1631591290,Books,1628137684910
AFKZENTNBQ7A7V7UXW5JJI6UGRYQ,1640210148,Books,1619293708256
AFKZENTNBQ7A7V7UXW5JJI6UGRYQ,1784881953,Books,1612053605736
AFKZENTNBQ7A7V7UXW5JJI6UGRYQ,1645671127,Books,1612044209266
AFKZENTNBQ7A7V7UXW5JJI6UGRYQ,1780671067,Books,1611623223325
AFKZENTNBQ7A7V7UXW5JJI6UGRYQ,1442450703,Books,1523093714024
AFKZENTNBQ7A7V7UXW5JJI6UGRYQ,1564770672,Books,1441260365000
AFKZENTNBQ7A7V7UXW5JJI6UGRYQ,1446304000,Books,1441260345000
AGGZ357AO26RQZVRLGU4D4N52DZQ,013262107X,Books,1354389725000
AGKASBHYZPGTEPO6LWZPVJWB2BVA,0803736800,Books,1454676557000
AGKASBHYZPGTEPO6LWZPVJWB2BVA,0802737803,Books,1454676232000
AGKASBHYZPGTEPO6LWZPVJWB2BVA,1508558884,Books,1452650737000
AGKASBHYZPGTEPO6LWZPVJWB2BVA,0735336296,Books,1452649811000
AGKASBHYZPGTEPO6LWZPVJWB2BVA,0803729952,Books,1452647498000
AGKASBHYZPGTEPO6LWZPVJWB2BVA,0811849783,Books,1223392757000
AGKASBHYZPGTEPO6LWZPVJWB2BVA,0811849775,Books,1223392373000
AG2L7H23R5LLKDKLBEF2Q3L2MVDA,0929385225,Books,1617585412328
AGCI7FAH4GL5FI65HYLKWTMFZ2CQ,1947165577,Books,1550093957556
AGCI7FAH4GL5FI65HYLKWTMFZ2CQ,1939347122,Books,1547349727732
AGCI7FAH4GL5FI65HYLKWTMFZ2CQ,1939347114,Books,1547349558316
AGCI7FAH4GL5FI65HYLKWTMFZ2CQ,1939347149,Books,1547349385011
AGCI7FAH4GL5FI65HYLKWTMFZ2CQ,1939347181,Books,1547348822160
AGCI7FAH4GL5FI65HYLKWTMFZ2CQ,0718032152,Books,1487785791000
AGCI7FAH4GL5FI65HYLKWTMFZ2CQ,1455533440,Books,1459964767000
AGCI7FAH4GL5FI65HYLKWTMFZ2CQ,0830757376,Books,1312895524000
AGXVBIUFLFGMVLATYXHJYL4A5Q7Q,0063046547,Books,1606742882138
AGXVBIUFLFGMVLATYXHJYL4A5Q7Q,0679805273,Books,1445968669000
AGKHLEW2SOWHNMFQIJGBECAF7INQ,1951263081,Books,1644465709024
AGKHLEW2SOWHNMFQIJGBECAF7INQ,0931722276,Books,1504830099179
AGKHLEW2SOWHNMFQIJGBECAF7INQ,0931722470,Books,1504830088659
AGKHLEW2SOWHNMFQIJGBECAF7INQ,0931722306,Books,1504830075806
AEVWAM3YWN5URJVJIZZ6XPD2MKIA,B0B34Y9Q1X,Books,1388666281000
AFTC6ZR5IKNRDG5JCPVNVMU3XV2Q,1717827136,Books,1532636491287
AE74DYR3QUGVPZJ3P7RFWBGIX7XQ,0451469828,Books,1647577553809
AE74DYR3QUGVPZJ3P7RFWBGIX7XQ,0593426452,Books,1647577486871
AE74DYR3QUGVPZJ3P7RFWBGIX7XQ,0545153530,Books,1565223284858
AHGTHCERTEZUXNBLJ5SWHK2CDLXA,1580625258,Books,1520541710023
AFJTRBXMURLHS5EGNXLUHDHIZRFQ,B09YVRPXC3,Books,1655600239827
AFJTRBXMURLHS5EGNXLUHDHIZRFQ,B000FC124G,Books,1655096356252
AFJTRBXMURLHS5EGNXLUHDHIZRFQ,B09HQKGZJY,Books,1654924183375
AFJTRBXMURLHS5EGNXLUHDHIZRFQ,1682632210,Books,1635995177351
AGBUJDDLRJIUJFTKPABJT6CJTHRQ,1788841581,Books,1669422773434
AGBUJDDLRJIUJFTKPABJT6CJTHRQ,0062334697,Books,1464749518000
AGBUJDDLRJIUJFTKPABJT6CJTHRQ,1501110624,Books,1456445789000
AGXFEGMNVCSTSYYA5UWXDV7AFSXA,1542046599,Books,1605649719611
AGXFEGMNVCSTSYYA5UWXDV7AFSXA,1594749310,Books,1541884305941
AGXFEGMNVCSTSYYA5UWXDV7AFSXA,1594747350,Books,1529789446505
AGXFEGMNVCSTSYYA5UWXDV7AFSXA,1477493395,Books,1529789386700
AGXFEGMNVCSTSYYA5UWXDV7AFSXA,1578052009,Books,1387720828000
AFO6QN6ICKWUFQV3UEWK5EECIQTQ,0374530718,Books,1429586922000
AFO6QN6ICKWUFQV3UEWK5EECIQTQ,145760891X,Books,1429586870000
AFWHJ6O3PV4JC7PVOJH6CPULO2KQ,B09NRDSSC7,Books,1652681075472
AFWHJ6O3PV4JC7PVOJH6CPULO2KQ,0679450815,Books,1638987703546
AFWHJ6O3PV4JC7PVOJH6CPULO2KQ,1633573001,Books,1612225279592
AFWHJ6O3PV4JC7PVOJH6CPULO2KQ,B07KD27RHM,Books,1566773743665
AFWHJ6O3PV4JC7PVOJH6CPULO2KQ,0910614008,Books,1524768453234
AFWHJ6O3PV4JC7PVOJH6CPULO2KQ,1974633225,Books,1524768235321
AFWHJ6O3PV4JC7PVOJH6CPULO2KQ,1496407903,Books,1524767472759
AFWHJ6O3PV4JC7PVOJH6CPULO2KQ,0966029399,Books,1524767198137
AFWHJ6O3PV4JC7PVOJH6CPULO2KQ,145471039X,Books,1507817703884
AFWHJ6O3PV4JC7PVOJH6CPULO2KQ,B00INIQVJA,Books,1428692504000
AHDZ3PFHIGTE7EOQBUMVRBFRMWJQ,B00DWWDAAK,Books,1647206113294
AHXBL3QDWZGJYH7A5CMPFNUPMF7Q,1250866448,Books,1669414969335
AHXBL3QDWZGJYH7A5CMPFNUPMF7Q,0451450523,Books,1635710722120
AHXBL3QDWZGJYH7A5CMPFNUPMF7Q,0765357151,Books,1622466348378
AHXBL3QDWZGJYH7A5CMPFNUPMF7Q,0385467974,Books,1613173700911
AHXBL3QDWZGJYH7A5CMPFNUPMF7Q,0062380761,Books,1526591330983
AHXBL3QDWZGJYH7A5CMPFNUPMF7Q,2764330898,Books,1489085694000
AHXBL3QDWZGJYH7A5CMPFNUPMF7Q,2764322836,Books,1463967052000
AHXBL3QDWZGJYH7A5CMPFNUPMF7Q,1589255208,Books,1443926150000
AHXBL3QDWZGJYH7A5CMPFNUPMF7Q,0920668372,Books,1430056169000
AGPR2UDFIJJCBA3EKFEEAJBWKROQ,1780679548,Books,1591370837527
AGPR2UDFIJJCBA3EKFEEAJBWKROQ,1449483186,Books,1534096276390
AGPR2UDFIJJCBA3EKFEEAJBWKROQ,1986115232,Books,1527863919394
AGPR2UDFIJJCBA3EKFEEAJBWKROQ,1844488217,Books,1394032726000
AEQAYV7RXZEBXMQIQPL6KCT2CFWQ,1465414436,Books,1565312027251
AEQAYV7RXZEBXMQIQPL6KCT2CFWQ,0345484045,Books,1443802276000
AFNT6ZJCYQN3WDIKUSWHJDXNND2Q,B0BQ5C8H2C,Books,1674006647048
AFNT6ZJCYQN3WDIKUSWHJDXNND2Q,1416297367,Books,1453308289000
AEYCJLZHSNAWFO7IKKERBKF2VD5A,1523502088,Books,1598758373227
AHSXXZHYMXDRVKC643TJZYQ7XGYA,048648243X,Books,1573511304643
AH6CATODIVPVUOJEWHRSRCSKAOHA,1592233236,Books,1608216899866
AH6CATODIVPVUOJEWHRSRCSKAOHA,1454710179,Books,1533050686206
AH6CATODIVPVUOJEWHRSRCSKAOHA,1592238548,Books,1531207043930
AH6CATODIVPVUOJEWHRSRCSKAOHA,1879682680,Books,1500382894736
AH6CATODIVPVUOJEWHRSRCSKAOHA,1607101815,Books,1499975059679
AH6CATODIVPVUOJEWHRSRCSKAOHA,1592237886,Books,1498765674515
AH6CATODIVPVUOJEWHRSRCSKAOHA,1416950540,Books,1490887743000
AH6CATODIVPVUOJEWHRSRCSKAOHA,1416940979,Books,1490887710000
AH6CATODIVPVUOJEWHRSRCSKAOHA,1416999604,Books,1485522342000
AH6CATODIVPVUOJEWHRSRCSKAOHA,1584765569,Books,1484461992000
AH6CATODIVPVUOJEWHRSRCSKAOHA,0763686476,Books,1484461870000
AH6CATODIVPVUOJEWHRSRCSKAOHA,1449428657,Books,1482753951000
AH6CATODIVPVUOJEWHRSRCSKAOHA,0794417752,Books,1479514097000
AH6CATODIVPVUOJEWHRSRCSKAOHA,159128158X,Books,1465154935000
AH6CATODIVPVUOJEWHRSRCSKAOHA,0545535255,Books,1465154883000
AH6CATODIVPVUOJEWHRSRCSKAOHA,1518895867,Books,1465013206000
AH6CATODIVPVUOJEWHRSRCSKAOHA,0312499094,Books,1441042448000
AH6CATODIVPVUOJEWHRSRCSKAOHA,0789411369,Books,1441042416000
AH6CATODIVPVUOJEWHRSRCSKAOHA,1450801102,Books,1441042326000
AH6CATODIVPVUOJEWHRSRCSKAOHA,0763646539,Books,1441042261000
AH6CATODIVPVUOJEWHRSRCSKAOHA,0312509243,Books,1436755410000
AH6CATODIVPVUOJEWHRSRCSKAOHA,037584418X,Books,1432563827000
AH6CATODIVPVUOJEWHRSRCSKAOHA,1442493143,Books,1432563798000
AH6CATODIVPVUOJEWHRSRCSKAOHA,0803739907,Books,1432563640000
AH6CATODIVPVUOJEWHRSRCSKAOHA,0763665193,Books,1432563569000
AH6CATODIVPVUOJEWHRSRCSKAOHA,0763671630,Books,1432563535000
AH6CATODIVPVUOJEWHRSRCSKAOHA,0439617782,Books,1432386402000
AH6CATODIVPVUOJEWHRSRCSKAOHA,075661144X,Books,1426611149000
AH6CATODIVPVUOJEWHRSRCSKAOHA,0756611458,Books,1426611116000
AH6CATODIVPVUOJEWHRSRCSKAOHA,0802734367,Books,1426611095000
AH6CATODIVPVUOJEWHRSRCSKAOHA,0794419208,Books,1425215481000
AH6CATODIVPVUOJEWHRSRCSKAOHA,0671493205,Books,1420651291000
AH6CATODIVPVUOJEWHRSRCSKAOHA,1626861749,Books,1420651237000
AH6CATODIVPVUOJEWHRSRCSKAOHA,0756616220,Books,1420650759000
AH6CATODIVPVUOJEWHRSRCSKAOHA,0374360979,Books,1420650726000
AH6CATODIVPVUOJEWHRSRCSKAOHA,0756631041,Books,1417576580000
AH6CATODIVPVUOJEWHRSRCSKAOHA,141694737X,Books,1416395330000
AH6CATODIVPVUOJEWHRSRCSKAOHA,0547248288,Books,1415484437000
AH6CATODIVPVUOJEWHRSRCSKAOHA,1592236057,Books,1399396401000
AH6CATODIVPVUOJEWHRSRCSKAOHA,0399240462,Books,1398818354000
AH6CATODIVPVUOJEWHRSRCSKAOHA,0312026633,Books,1398818219000
AH6CATODIVPVUOJEWHRSRCSKAOHA,1607109034,Books,1392481216000
AFGUPTDFAWOHHL4LZDV27ERDNOYQ,0789327724,Books,1546662676381
AEO4M665ZOCBF7HEFRMTUDHLSB5Q,1493016865,Books,1496269877000
AFZHGG66WZRBIJTYPCHDSHY5GIWA,1524855154,Books,1613942759253
AGHWZRZY7UYGZAYBZ2JADLTCSKKQ,0316406813,Books,1428168864000
AGHWZRZY7UYGZAYBZ2JADLTCSKKQ,0316201553,Books,1428168846000
AEKDF2ANHCJWJQSPSMPV5TNTNZJA,1985335697,Books,1631738699378
AEUH4EH6XHROLT7UZPUYU2YKTYMA,1783299363,Books,1618447087568
AEUH4EH6XHROLT7UZPUYU2YKTYMA,1785588451,Books,1618447014407
AGI5WCODFNNY5MKGED2667RA4ZAA,1631061860,Books,1506675279637
AFIWYBPRAGQIAJOBA4QGIKL2BZAQ,B075T8DRV5,Books,1604672980349
AFIWYBPRAGQIAJOBA4QGIKL2BZAQ,B017RBIZGU,Books,1553077003701
AFIWYBPRAGQIAJOBA4QGIKL2BZAQ,B00K7MCE3C,Books,1548938508225
AFIWYBPRAGQIAJOBA4QGIKL2BZAQ,0804114900,Books,1501265932790
AFIWYBPRAGQIAJOBA4QGIKL2BZAQ,0553561731,Books,1492873372000
AFIWYBPRAGQIAJOBA4QGIKL2BZAQ,B0058M76B6,Books,1402483149000
AH6PLOGWYIVIWLJTY756BHNFD4YA,B07NL5G51N,Books,1579904416383
AH6PLOGWYIVIWLJTY756BHNFD4YA,0470903198,Books,1407763433000
AH6PLOGWYIVIWLJTY756BHNFD4YA,1427796947,Books,1407763248000
AH6PLOGWYIVIWLJTY756BHNFD4YA,1477224858,Books,1356041712000
AH6PLOGWYIVIWLJTY756BHNFD4YA,1606412388,Books,1340195874000
AF5MJENGAL5G6BUFIVMH5LRSZ6EA,1119683890,Books,1607924424355
AF5MJENGAL5G6BUFIVMH5LRSZ6EA,B07QFNN95T,Books,1607190980128
AF5MJENGAL5G6BUFIVMH5LRSZ6EA,B00EO3HW9Q,Books,1604090987266
AF5MJENGAL5G6BUFIVMH5LRSZ6EA,1570768986,Books,1604090877968
AF5MJENGAL5G6BUFIVMH5LRSZ6EA,0811716171,Books,1575163786332
AF5MJENGAL5G6BUFIVMH5LRSZ6EA,0312388098,Books,1504193900779
AF5MJENGAL5G6BUFIVMH5LRSZ6EA,1440309051,Books,1504193766236
AF5MJENGAL5G6BUFIVMH5LRSZ6EA,0918804973,Books,1482218794000
AF5MJENGAL5G6BUFIVMH5LRSZ6EA,1596684372,Books,1482218160000
AF5MJENGAL5G6BUFIVMH5LRSZ6EA,1606600478,Books,1481688478000
AF5MJENGAL5G6BUFIVMH5LRSZ6EA,1584799390,Books,1481688355000
AF5MJENGAL5G6BUFIVMH5LRSZ6EA,048643107X,Books,1481688109000
AEYORY2AVPMCPDV57CE337YU5LXA,0399251537,Books,1599025848705
AEINY4XOINMMJCK5GZ3M6MMHBN6A,0375863591,Books,1480432782000
AEINY4XOINMMJCK5GZ3M6MMHBN6A,0375825061,Books,1480432780000
AEINY4XOINMMJCK5GZ3M6MMHBN6A,1859859216,Books,1480432778000
AEINY4XOINMMJCK5GZ3M6MMHBN6A,0310708915,Books,1480432775000
AEINY4XOINMMJCK5GZ3M6MMHBN6A,B00S1Q8B60,Books,1445565100000
AEINY4XOINMMJCK5GZ3M6MMHBN6A,0307021688,Books,1443991470000
AEINY4XOINMMJCK5GZ3M6MMHBN6A,0307010856,Books,1443991405000
AEINY4XOINMMJCK5GZ3M6MMHBN6A,145550324X,Books,1443991391000
AEINY4XOINMMJCK5GZ3M6MMHBN6A,0307021343,Books,1443991325000
AGJSTXSEWFVQWVQINO6QKMNBUUNA,1402739400,Books,1639170009510
AGJSTXSEWFVQWVQINO6QKMNBUUNA,1501100963,Books,1457073159000
AGJSTXSEWFVQWVQINO6QKMNBUUNA,B008MQ8D0S,Books,1361271761000
AEJDETWITK2KGACH7FUBMY33PPSQ,1523645326,Books,1581279177339
AEJDETWITK2KGACH7FUBMY33PPSQ,1401948294,Books,1501471611775
AFSKPY37N3C43SOI5IEXEK5JSIYA,1605374873,Books,1581248411064
AFSKPY37N3C43SOI5IEXEK5JSIYA,1426219687,Books,1546121468175
AFSKPY37N3C43SOI5IEXEK5JSIYA,1786574713,Books,1523198894327
AFSKPY37N3C43SOI5IEXEK5JSIYA,0692947906,Books,1514116918502
AFSKPY37N3C43SOI5IEXEK5JSIYA,0147547113,Books,1512302853165
AFSKPY37N3C43SOI5IEXEK5JSIYA,0190618752,Books,1489950032000
AFSKPY37N3C43SOI5IEXEK5JSIYA,1618931768,Books,1477574094000
AFSKPY37N3C43SOI5IEXEK5JSIYA,1426215495,Books,1441622463000
AFSKPY37N3C43SOI5IEXEK5JSIYA,1400063361,Books,1432587768000
AFSKPY37N3C43SOI5IEXEK5JSIYA,0385346050,Books,1399736038000
AFSKPY37N3C43SOI5IEXEK5JSIYA,1426212666,Books,1395845515000
AFSKPY37N3C43SOI5IEXEK5JSIYA,0547725140,Books,1392200810000
AFSKPY37N3C43SOI5IEXEK5JSIYA,1614281610,Books,1387368447000
AFSKPY37N3C43SOI5IEXEK5JSIYA,1742209874,Books,1370539029000
AFSKPY37N3C43SOI5IEXEK5JSIYA,006180259X,Books,1366310066000
AFSKPY37N3C43SOI5IEXEK5JSIYA,0307464539,Books,1365674774000
AFSKPY37N3C43SOI5IEXEK5JSIYA,1742204643,Books,1346849558000
AFSKPY37N3C43SOI5IEXEK5JSIYA,1118074661,Books,1340230096000
AFSKPY37N3C43SOI5IEXEK5JSIYA,0312534817,Books,1337809439000
AFSKPY37N3C43SOI5IEXEK5JSIYA,0781808197,Books,1326321044000
AFSKPY37N3C43SOI5IEXEK5JSIYA,1741799953,Books,1320849717000
AFSKPY37N3C43SOI5IEXEK5JSIYA,078974290X,Books,1293722233000
AFSKPY37N3C43SOI5IEXEK5JSIYA,140000473X,Books,1292896279000
AFSKPY37N3C43SOI5IEXEK5JSIYA,1741799988,Books,1281015204000
AFSKPY37N3C43SOI5IEXEK5JSIYA,1439101167,Books,1270147755000
AFSKPY37N3C43SOI5IEXEK5JSIYA,0470482176,Books,1264076465000
AFSKPY37N3C43SOI5IEXEK5JSIYA,0151014981,Books,1245335041000
AFSKPY37N3C43SOI5IEXEK5JSIYA,0848732634,Books,1236304137000
AFSKPY37N3C43SOI5IEXEK5JSIYA,0385521685,Books,1231716230000
AFSKPY37N3C43SOI5IEXEK5JSIYA,0871139634,Books,1227669792000
AFSKPY37N3C43SOI5IEXEK5JSIYA,0061713244,Books,1224796701000
AFSKPY37N3C43SOI5IEXEK5JSIYA,1558673180,Books,1208428792000
AGCIVNDDRX3PXIUINEG4NCRGWCRA,0306823160,Books,1408121377000
AEJEC5WS5UPWGWFR632NMKWPC4JQ,1944229450,Books,1489956732000
AEJEC5WS5UPWGWFR632NMKWPC4JQ,B0078ZBV6W,Books,1402260492000
AFGNIWCBLQT2QIXXKIW7Q6VREZRQ,1950785092,Books,1663973330871
AFGNIWCBLQT2QIXXKIW7Q6VREZRQ,1523511346,Books,1636675421325
AFGNIWCBLQT2QIXXKIW7Q6VREZRQ,0735265925,Books,1619538289279
AFGNIWCBLQT2QIXXKIW7Q6VREZRQ,1680512110,Books,1606841542689
AFGNIWCBLQT2QIXXKIW7Q6VREZRQ,1250108985,Books,1481050136000
AG35BKPUEUMX7LV5YLOQ5YCQ3GOA,1727573293,Books,1566304027691
AG35BKPUEUMX7LV5YLOQ5YCQ3GOA,1590525132,Books,1514397961974
AG35BKPUEUMX7LV5YLOQ5YCQ3GOA,1475119623,Books,1514395911932
AG35BKPUEUMX7LV5YLOQ5YCQ3GOA,178646229X,Books,1466112440000
AG35BKPUEUMX7LV5YLOQ5YCQ3GOA,0470874309,Books,1361826735000
AGKFRCDY4WBW4RH6GFYFJ3T3XBSA,B09TX1HS1Y,Books,1672716578923
AGKFRCDY4WBW4RH6GFYFJ3T3XBSA,B074DGLNXV,Books,1663986409830
AGKFRCDY4WBW4RH6GFYFJ3T3XBSA,B07ZJ2G5H9,Books,1619818155823
AGKFRCDY4WBW4RH6GFYFJ3T3XBSA,B07JW53H22,Books,1619459383112
AGKFRCDY4WBW4RH6GFYFJ3T3XBSA,B08HRQ44JJ,Books,1618199652123
AGKFRCDY4WBW4RH6GFYFJ3T3XBSA,B01N7BJZEA,Books,1598213244104
AGKFRCDY4WBW4RH6GFYFJ3T3XBSA,B075ZW8QP8,Books,1566786850210
AGKFRCDY4WBW4RH6GFYFJ3T3XBSA,B00YTXTIDO,Books,1556916295645
AGKFRCDY4WBW4RH6GFYFJ3T3XBSA,B003JH8LPW,Books,1549339006930
AGKFRCDY4WBW4RH6GFYFJ3T3XBSA,B07GJ9FBFP,Books,1541871316922
AGKFRCDY4WBW4RH6GFYFJ3T3XBSA,B016ZNRC0Q,Books,1533432108798
AGKFRCDY4WBW4RH6GFYFJ3T3XBSA,B01B5FMBQO,Books,1515276162243
AGKFRCDY4WBW4RH6GFYFJ3T3XBSA,B00F0XDNW4,Books,1510163996496
AGKFRCDY4WBW4RH6GFYFJ3T3XBSA,B00K7MCE3C,Books,1508174631926
AHPUT3ITXCHQJO7OMF74LEMYHIVA,1617458201,Books,1655232508218
AHPUT3ITXCHQJO7OMF74LEMYHIVA,0715318519,Books,1617555019899
AHPUT3ITXCHQJO7OMF74LEMYHIVA,1604689528,Books,1540745023201
AHGAOIZVODNHYMNCBV4DECZH42UQ,1101935170,Books,1518713899045
AHGAOIZVODNHYMNCBV4DECZH42UQ,0807569445,Books,1479173450000
AHGAOIZVODNHYMNCBV4DECZH42UQ,0451471873,Books,1442359699000
AHGAOIZVODNHYMNCBV4DECZH42UQ,B0050DIWFC,Books,1396730874000
AHGAOIZVODNHYMNCBV4DECZH42UQ,B00ANYP30K,Books,1377733806000
AF5Z2RWMKZOTVIXDTOTYJKVJ7G2A,B085KVNTLC,Books,1607292261121
AF5Z2RWMKZOTVIXDTOTYJKVJ7G2A,178065751X,Books,1551236330343
AF5Z2RWMKZOTVIXDTOTYJKVJ7G2A,1780657501,Books,1551236259808
AF5Z2RWMKZOTVIXDTOTYJKVJ7G2A,0312516479,Books,1551236189473
AGAJIGBX3UA7OEFS3XA42FR5SGWA,B0072NWKQK,Books,1439157147000
AGUMKAETPKF5G37FKT6CXLBRPOAA,1542374898,Books,1548090469785
AGUMKAETPKF5G37FKT6CXLBRPOAA,1981933417,Books,1548090445001
AGUMKAETPKF5G37FKT6CXLBRPOAA,1976001293,Books,1548090429413
AGUMKAETPKF5G37FKT6CXLBRPOAA,1542354978,Books,1548090415480
AGUMKAETPKF5G37FKT6CXLBRPOAA,0439136350,Books,1548085599309
AE7Y5RLYIKHOZB5NKKOEKYG2SPSQ,B08WZ4P1M3,Books,1655853843361
AE7Y5RLYIKHOZB5NKKOEKYG2SPSQ,0696224364,Books,1129661468000
AEEPQNBGOQFIIR36NAUCIFL5F3MQ,B07Y835MYT,Books,1652390145269
AEEPQNBGOQFIIR36NAUCIFL5F3MQ,B07CZNP8RV,Books,1652389969895
AGVWGLLS7SG3ZQTICDD7K6EAPRMQ,0812985400,Books,1645859523790
AFGEM6BXCYHUILEOA3P2ZYBEF2TA,B08WLRG1L2,Books,1644990986369
AHOTTCH2V6EADWONZ3GAVU5KUP3A,1945547693,Books,1595020656110
AHHBXLYVZCDODBPA2NTPSACJD6CA,1599903113,Books,1579823666889
AH2B7RFJ3JIFZX5A52WKNH2MVTYA,0399257047,Books,1349618827000
AEOKAIB6OJVB5FRZGLEB3YAK5UBQ,1579656366,Books,1494468658000
AHX4XWVVQUKT3FCNWCVASDF4Q56Q,1542045673,Books,1539134741634
AHX4XWVVQUKT3FCNWCVASDF4Q56Q,1455520691,Books,1477602798000
AEYEP6B5W5QBNMM4OBQBQJDJ63SA,1780055080,Books,1571702343031
AF2FPW2AJZGXQGM6KQDTHTOL7E5Q,1133593151,Books,1573334258320
AHZ6XMOLEWA67S3TX7IWEXXGWSOA,1477829393,Books,1503944900300
AHZ6XMOLEWA67S3TX7IWEXXGWSOA,1974450880,Books,1503944811272
AHZ6XMOLEWA67S3TX7IWEXXGWSOA,1780193483,Books,1503944533809
AHZ6XMOLEWA67S3TX7IWEXXGWSOA,1426322933,Books,1493080665000
AHZ6XMOLEWA67S3TX7IWEXXGWSOA,1599212692,Books,1480535510000
AHZ6XMOLEWA67S3TX7IWEXXGWSOA,1449430554,Books,1436670455000
AHZ6XMOLEWA67S3TX7IWEXXGWSOA,0786016469,Books,1427089107000
AHZ6XMOLEWA67S3TX7IWEXXGWSOA,0575047119,Books,1427089052000
AHZ6XMOLEWA67S3TX7IWEXXGWSOA,0441016162,Books,1427088912000
AHZ6XMOLEWA67S3TX7IWEXXGWSOA,0743457358,Books,1427088858000
AHZ6XMOLEWA67S3TX7IWEXXGWSOA,0312290691,Books,1427088781000
AHZ6XMOLEWA67S3TX7IWEXXGWSOA,0671024248,Books,1427088534000
AHZ6XMOLEWA67S3TX7IWEXXGWSOA,0785136223,Books,1414963729000
AHZ6XMOLEWA67S3TX7IWEXXGWSOA,0786714263,Books,1406384304000
AHZ6XMOLEWA67S3TX7IWEXXGWSOA,1892391953,Books,1406384122000
AHZ6XMOLEWA67S3TX7IWEXXGWSOA,1439148503,Books,1406383715000
AHZ6XMOLEWA67S3TX7IWEXXGWSOA,1453618708,Books,1328375657000
AFZUK3MTBIBEDQOPAK3OATUOUKLA,B09F1JCGWB,Books,1672532681369
AFZUK3MTBIBEDQOPAK3OATUOUKLA,1646112814,Books,1671842203582
AFZUK3MTBIBEDQOPAK3OATUOUKLA,1681885476,Books,1671730019981
AFZUK3MTBIBEDQOPAK3OATUOUKLA,B07FSCX3FM,Books,1669502781895
AFZUK3MTBIBEDQOPAK3OATUOUKLA,1976519853,Books,1660711708985
AFZUK3MTBIBEDQOPAK3OATUOUKLA,1645174425,Books,1660097639384
AFZUK3MTBIBEDQOPAK3OATUOUKLA,0306923041,Books,1645894978337
AFZUK3MTBIBEDQOPAK3OATUOUKLA,1090944004,Books,1638049295892
AFZUK3MTBIBEDQOPAK3OATUOUKLA,B00DUKY6NY,Books,1636928578563
AFZUK3MTBIBEDQOPAK3OATUOUKLA,1513262653,Books,1636706800721
AFZUK3MTBIBEDQOPAK3OATUOUKLA,1589236610,Books,1634249592936
AFZUK3MTBIBEDQOPAK3OATUOUKLA,193090097X,Books,1621129319729
AFZUK3MTBIBEDQOPAK3OATUOUKLA,0670175919,Books,1621129227172
AFZUK3MTBIBEDQOPAK3OATUOUKLA,0670451495,Books,1621129175310
AFZUK3MTBIBEDQOPAK3OATUOUKLA,0670672238,Books,1621129086950
AFZUK3MTBIBEDQOPAK3OATUOUKLA,043933909X,Books,1621129019619
AFZUK3MTBIBEDQOPAK3OATUOUKLA,0984496866,Books,1618862727657
AFZUK3MTBIBEDQOPAK3OATUOUKLA,164049930X,Books,1618862647513
AFZUK3MTBIBEDQOPAK3OATUOUKLA,1728221692,Books,1618862570866
AFZUK3MTBIBEDQOPAK3OATUOUKLA,164030455X,Books,1618862484001
AFZUK3MTBIBEDQOPAK3OATUOUKLA,1788686411,Books,1618862425508
AFZUK3MTBIBEDQOPAK3OATUOUKLA,1441326499,Books,1618862304304
AFZUK3MTBIBEDQOPAK3OATUOUKLA,0792289897,Books,1616716893948
AFZUK3MTBIBEDQOPAK3OATUOUKLA,1426219733,Books,1615521141965
AFZUK3MTBIBEDQOPAK3OATUOUKLA,B087M3TH8Z,Books,1615519903770
AFZUK3MTBIBEDQOPAK3OATUOUKLA,1492682721,Books,1610042742193
AFZUK3MTBIBEDQOPAK3OATUOUKLA,1984821377,Books,1610041606054
AFZUK3MTBIBEDQOPAK3OATUOUKLA,1426216904,Books,1607770135583
AFZUK3MTBIBEDQOPAK3OATUOUKLA,0760352011,Books,1607111513703
AFZUK3MTBIBEDQOPAK3OATUOUKLA,1523510145,Books,1606997511253
AFZUK3MTBIBEDQOPAK3OATUOUKLA,1693686422,Books,1606996195619
AFZUK3MTBIBEDQOPAK3OATUOUKLA,0062976583,Books,1606694095643
AFZUK3MTBIBEDQOPAK3OATUOUKLA,1946873756,Books,1606693861304
AFZUK3MTBIBEDQOPAK3OATUOUKLA,1426215649,Books,1606693222617
AFZUK3MTBIBEDQOPAK3OATUOUKLA,1617656542,Books,1606692637401
AFZUK3MTBIBEDQOPAK3OATUOUKLA,1680991469,Books,1606692280454
AFZUK3MTBIBEDQOPAK3OATUOUKLA,B08M8CRLPP,Books,1606690999393
AFZUK3MTBIBEDQOPAK3OATUOUKLA,1450850006,Books,1599686292054
AFZUK3MTBIBEDQOPAK3OATUOUKLA,1640302875,Books,1599328453659
AFZUK3MTBIBEDQOPAK3OATUOUKLA,076249168X,Books,1598924167748
AFZUK3MTBIBEDQOPAK3OATUOUKLA,1454710179,Books,1598924072085
AFZUK3MTBIBEDQOPAK3OATUOUKLA,164030097X,Books,1598923977094
AFZUK3MTBIBEDQOPAK3OATUOUKLA,1412714508,Books,1589416868882
AFZUK3MTBIBEDQOPAK3OATUOUKLA,1988923026,Books,1589397001086
AFZUK3MTBIBEDQOPAK3OATUOUKLA,1645580695,Books,1589395926618
AFZUK3MTBIBEDQOPAK3OATUOUKLA,0764970674,Books,1568244248729
AFZUK3MTBIBEDQOPAK3OATUOUKLA,142632877X,Books,1553541357537
AFZUK3MTBIBEDQOPAK3OATUOUKLA,0894803123,Books,1553287174716
AFZUK3MTBIBEDQOPAK3OATUOUKLA,133831291X,Books,1547070557945
AFZUK3MTBIBEDQOPAK3OATUOUKLA,1441326294,Books,1541250918180
AFZUK3MTBIBEDQOPAK3OATUOUKLA,0756629160,Books,1537054207841
AFZUK3MTBIBEDQOPAK3OATUOUKLA,1861472196,Books,1537053788658
AFZUK3MTBIBEDQOPAK3OATUOUKLA,1623158338,Books,1527888337033
AFZUK3MTBIBEDQOPAK3OATUOUKLA,B000M0FQW0,Books,1508171004404
AFZUK3MTBIBEDQOPAK3OATUOUKLA,1558328122,Books,1504117361675
AFZUK3MTBIBEDQOPAK3OATUOUKLA,1623152305,Books,1504116564467
AFZUK3MTBIBEDQOPAK3OATUOUKLA,162414263X,Books,1504116190945
AFZUK3MTBIBEDQOPAK3OATUOUKLA,0060835575,Books,1487308406000
AFZUK3MTBIBEDQOPAK3OATUOUKLA,1507749198,Books,1483906439000
AFZUK3MTBIBEDQOPAK3OATUOUKLA,0920236162,Books,1472443134000
AFZUK3MTBIBEDQOPAK3OATUOUKLA,0778801314,Books,1464315547000
AFZUK3MTBIBEDQOPAK3OATUOUKLA,1780671067,Books,1458942458000
AFZUK3MTBIBEDQOPAK3OATUOUKLA,1623154200,Books,1454298949000
AFZUK3MTBIBEDQOPAK3OATUOUKLA,0486789640,Books,1452721518000
AFZUK3MTBIBEDQOPAK3OATUOUKLA,1937994775,Books,1452721465000
AFZUK3MTBIBEDQOPAK3OATUOUKLA,0071464050,Books,1452481843000
AFZUK3MTBIBEDQOPAK3OATUOUKLA,048627313X,Books,1452477842000
AFZUK3MTBIBEDQOPAK3OATUOUKLA,B00CHCUR9I,Books,1448146390000
AFZUK3MTBIBEDQOPAK3OATUOUKLA,0528013173,Books,1437173452000
AFZUK3MTBIBEDQOPAK3OATUOUKLA,B00CQZ6EK2,Books,1436333259000
AFZUK3MTBIBEDQOPAK3OATUOUKLA,B00D3RGXYE,Books,1435619464000
AFZUK3MTBIBEDQOPAK3OATUOUKLA,B003VPWYA0,Books,1432331719000
AFZUK3MTBIBEDQOPAK3OATUOUKLA,B00U0OQJSI,Books,1429756263000
AFZUK3MTBIBEDQOPAK3OATUOUKLA,0756689899,Books,1428292066000
AFZUK3MTBIBEDQOPAK3OATUOUKLA,0764125958,Books,1428291978000
AFZUK3MTBIBEDQOPAK3OATUOUKLA,1416900721,Books,1428290375000
AFZUK3MTBIBEDQOPAK3OATUOUKLA,1592533256,Books,1403896580000
AFZUK3MTBIBEDQOPAK3OATUOUKLA,1607741113,Books,1403895570000
AFZUK3MTBIBEDQOPAK3OATUOUKLA,1439239835,Books,1403895343000
AFZUK3MTBIBEDQOPAK3OATUOUKLA,1935096486,Books,1403895062000
AFZUK3MTBIBEDQOPAK3OATUOUKLA,1935096222,Books,1403894681000
AFZUK3MTBIBEDQOPAK3OATUOUKLA,1441310533,Books,1403285880000
AFZUK3MTBIBEDQOPAK3OATUOUKLA,1441310525,Books,1403285866000
AFZUK3MTBIBEDQOPAK3OATUOUKLA,144131055X,Books,1403285855000
AFZUK3MTBIBEDQOPAK3OATUOUKLA,1441310541,Books,1403285841000
AFZUK3MTBIBEDQOPAK3OATUOUKLA,1440558817,Books,1403122530000
AFZUK3MTBIBEDQOPAK3OATUOUKLA,0811841650,Books,1403122097000
AFZUK3MTBIBEDQOPAK3OATUOUKLA,0762106026,Books,1403120703000
AFZUK3MTBIBEDQOPAK3OATUOUKLA,1118314409,Books,1400896022000
AFZUK3MTBIBEDQOPAK3OATUOUKLA,0770435009,Books,1396980460000
AFZUK3MTBIBEDQOPAK3OATUOUKLA,0394800184,Books,1396297656000
AFZUK3MTBIBEDQOPAK3OATUOUKLA,0394800133,Books,1396297634000
AFZUK3MTBIBEDQOPAK3OATUOUKLA,0394900200,Books,1396297616000
AFZUK3MTBIBEDQOPAK3OATUOUKLA,0394800303,Books,1396297542000
AFZUK3MTBIBEDQOPAK3OATUOUKLA,0394800877,Books,1396297530000
AFZUK3MTBIBEDQOPAK3OATUOUKLA,1402261241,Books,1382662361000
AFZUK3MTBIBEDQOPAK3OATUOUKLA,1930038135,Books,1381618567000
AFZUK3MTBIBEDQOPAK3OATUOUKLA,187882323X,Books,1381617506000
AFZUK3MTBIBEDQOPAK3OATUOUKLA,1566478537,Books,1380293692000
AFZUK3MTBIBEDQOPAK3OATUOUKLA,1440565279,Books,1380134260000
AFZUK3MTBIBEDQOPAK3OATUOUKLA,1453863303,Books,1379045947000
AE2TA5GQH4JI5RQ4W5H5PQOVYBGA,1578563232,Books,1599407120818
AHFURURV4H35BXUUTXYMJYA36CTQ,1524763888,Books,1543092255879
AHFURURV4H35BXUUTXYMJYA36CTQ,0310082641,Books,1511628263990
AHFURURV4H35BXUUTXYMJYA36CTQ,0310339677,Books,1505084757050
AFSNGBROR4NUCU6UQCJBB4VEJOPA,0394861027,Books,1591217867923
AF5C5KSGB7FPNFY3B2F46AX5BRZQ,1497202728,Books,1491145614000
AF5C5KSGB7FPNFY3B2F46AX5BRZQ,0762105194,Books,1468445133000
AF5C5KSGB7FPNFY3B2F46AX5BRZQ,0756634660,Books,1427646728000
AFETVW7S5M4LVJ7GTWPCKT7S3YBQ,0062654195,Books,1546281034336
AH4VGTN3VWRIESJMI4VGQHSQ4KRA,B0094YM2LS,Books,1663192128963
AGF42GID7QWDCNFTJRCTMKAITJJA,1604696559,Books,1671818179904
AGF42GID7QWDCNFTJRCTMKAITJJA,159186688X,Books,1671817998413
AGF42GID7QWDCNFTJRCTMKAITJJA,B07NS4R68C,Books,1661882238500
AGF42GID7QWDCNFTJRCTMKAITJJA,1934617288,Books,1641660058539
AGF42GID7QWDCNFTJRCTMKAITJJA,0307462706,Books,1641658798282
AGF42GID7QWDCNFTJRCTMKAITJJA,1501192205,Books,1607530980848
AGF42GID7QWDCNFTJRCTMKAITJJA,0786965592,Books,1607530628263
AGF42GID7QWDCNFTJRCTMKAITJJA,198482564X,Books,1578757151291
AEIOIVFNO6QX7OYOJNPRKQEWMPGA,1838559337,Books,1593189083956
AEIOIVFNO6QX7OYOJNPRKQEWMPGA,1617291781,Books,1580314775380
AEIOIVFNO6QX7OYOJNPRKQEWMPGA,1484228650,Books,1560957207397
AEIOIVFNO6QX7OYOJNPRKQEWMPGA,0134383583,Books,1549575319844
AEIOIVFNO6QX7OYOJNPRKQEWMPGA,1477497781,Books,1520481363491
AEIOIVFNO6QX7OYOJNPRKQEWMPGA,1101882190,Books,1511379455356
AEIOIVFNO6QX7OYOJNPRKQEWMPGA,1617290505,Books,1368754706000
AEIOIVFNO6QX7OYOJNPRKQEWMPGA,1935182358,Books,1311781701000
AEIOIVFNO6QX7OYOJNPRKQEWMPGA,1847195881,Books,1308763182000
AEWLOQTKYUYRJ24NK4GD5CZTR7WA,1484737806,Books,1485346937000
AEWLOQTKYUYRJ24NK4GD5CZTR7WA,0062305190,Books,1485300606000
AEWLOQTKYUYRJ24NK4GD5CZTR7WA,1909487473,Books,1485297469000
AHQQ62COZ3ANN33IRXZ6Z4KF664A,B015N4NGSU,Books,1499515727763
AHQQ62COZ3ANN33IRXZ6Z4KF664A,0545392551,Books,1489574782000
AHQQ62COZ3ANN33IRXZ6Z4KF664A,0996721207,Books,1481652601000
AHQQ62COZ3ANN33IRXZ6Z4KF664A,1609946324,Books,1463831422000
AHQQ62COZ3ANN33IRXZ6Z4KF664A,0310209943,Books,1420252532000
AEJSXWZSXH5DHNIYBMRZT5GNNQBQ,1936493918,Books,1415880139000
AF7ZINXE6MF5H7AGHIMQIOBTRPOQ,9123704357,Books,1581742508410
AGYWDTDUSHHZEHTF456VJTOVOKYA,1780194773,Books,1568483925296
AGYWDTDUSHHZEHTF456VJTOVOKYA,1441319778,Books,1552977279202
AGYWDTDUSHHZEHTF456VJTOVOKYA,1944845119,Books,1552977202624
AGYWDTDUSHHZEHTF456VJTOVOKYA,1441317430,Books,1552977115313
AGYWDTDUSHHZEHTF456VJTOVOKYA,048649165X,Books,1552976989809
AEDNNPW6JQ4H6NPMF2FYMIUZOTGQ,0615309534,Books,1376539157000
AEDNNPW6JQ4H6NPMF2FYMIUZOTGQ,0971377030,Books,1375124633000
AEDNNPW6JQ4H6NPMF2FYMIUZOTGQ,0883857286,Books,1293410168000
AEDNNPW6JQ4H6NPMF2FYMIUZOTGQ,1891389564,Books,1271549181000
AGD53FZJLNU4UOJE43EZTFFDJYTA,1500602442,Books,1511553740712
AFXF2A2PAFC2ZP6NG6VQOELRHHAQ,B08FKW1Y24,Books,1598426811779
AGBJABSJLN7H7AALE7VKHYDGC76Q,1718866534,Books,1530757513218
AGBJABSJLN7H7AALE7VKHYDGC76Q,0985771100,Books,1478400672000
AGBJABSJLN7H7AALE7VKHYDGC76Q,1519238304,Books,1452199878000
AECABX3OO3GK7FCPZLFM3LT2E6UA,1680225324,Books,1583007526216
AECABX3OO3GK7FCPZLFM3LT2E6UA,1607302047,Books,1583007476885
AECABX3OO3GK7FCPZLFM3LT2E6UA,0786891394,Books,1570985045769
AECABX3OO3GK7FCPZLFM3LT2E6UA,1400208122,Books,1555701535289
AECABX3OO3GK7FCPZLFM3LT2E6UA,1419731718,Books,1542414523793
AHI2VJV5ZA6TQYBQ6V223JS4UT6Q,B072BFLJ7L,Books,1614713130518
AHI2VJV5ZA6TQYBQ6V223JS4UT6Q,B00JO8PEN2,Books,1438750184000
AHI2VJV5ZA6TQYBQ6V223JS4UT6Q,B00DPM7TIG,Books,1432268965000
AH3OG6QD6EDJGZRVCFKV4B66VWNQ,0399562486,Books,1617398195656
AH3OG6QD6EDJGZRVCFKV4B66VWNQ,0061688649,Books,1354593292000
AH3OG6QD6EDJGZRVCFKV4B66VWNQ,0061688592,Books,1354249837000
AH3OG6QD6EDJGZRVCFKV4B66VWNQ,0060663723,Books,1253844036000
AH3OG6QD6EDJGZRVCFKV4B66VWNQ,156085085X,Books,1253843783000
AH3OG6QD6EDJGZRVCFKV4B66VWNQ,0312862318,Books,1249953624000
AHPUDDBBBV2WPNPBJXFXK3NJP7DQ,0735219095,Books,1577635831262
AHPUDDBBBV2WPNPBJXFXK3NJP7DQ,0380731487,Books,1543033007408
AHPUDDBBBV2WPNPBJXFXK3NJP7DQ,B00GU2RLMC,Books,1497317577760
AEJ7YMLHCINPAGLKM5AS45NZW7SQ,0545261244,Books,1583071523812
AGEP2CC2QIJU5IHQZXCC7BE5JSDQ,B09JBKMY5W,Books,1646788920635
AEMYDA6DVBKCCE7ZO2ARRFGKG3LQ,1734225939,Books,1619114132291
AEMYDA6DVBKCCE7ZO2ARRFGKG3LQ,1426217773,Books,1563316827348
AEMYDA6DVBKCCE7ZO2ARRFGKG3LQ,0802124739,Books,1512320147711
AEMYDA6DVBKCCE7ZO2ARRFGKG3LQ,1941529631,Books,1498328206551
AEMYDA6DVBKCCE7ZO2ARRFGKG3LQ,0970043708,Books,1494386503000
AEMYDA6DVBKCCE7ZO2ARRFGKG3LQ,1611803691,Books,1481604821000
AEMYDA6DVBKCCE7ZO2ARRFGKG3LQ,B016UI1M4I,Books,1477269644000
AEMYDA6DVBKCCE7ZO2ARRFGKG3LQ,1631361759,Books,1477269499000
AEMYDA6DVBKCCE7ZO2ARRFGKG3LQ,1937473112,Books,1391001809000
AEMYDA6DVBKCCE7ZO2ARRFGKG3LQ,1617830070,Books,1364735485000
AEMYDA6DVBKCCE7ZO2ARRFGKG3LQ,0062004727,Books,1359981545000
AEMYDA6DVBKCCE7ZO2ARRFGKG3LQ,0385664443,Books,1356784290000
AEMYDA6DVBKCCE7ZO2ARRFGKG3LQ,0553351397,Books,1317556373000
AEMYDA6DVBKCCE7ZO2ARRFGKG3LQ,0312359586,Books,1273498102000
AEMYDA6DVBKCCE7ZO2ARRFGKG3LQ,1932565191,Books,1213760580000
AEMYDA6DVBKCCE7ZO2ARRFGKG3LQ,0143051776,Books,1210509519000
AGQ2BWZLHY4WKCNHD3WDWAFF45CQ,1933720298,Books,1270315161000
AFIFCPYKA56DJ26GZ6TKSN5KR6BQ,0399169113,Books,1408996178000
AFWTME2ROGUQI5J5FB3DWCLKZNBA,0312520050,Books,1514230911603
AFBQWGTHEJKBDS7LO7KSMOLXZ2JQ,B000JNA4C2,Books,1470415846000
AG6SNHIVEFMJIXCLZWKTGEOV5ZBQ,0679727523,Books,1639521914792
AHKIMFUXMLOUN7SBXHEDD2K2AN7Q,B07CGCTSNW,Books,1656798389008
AHKIMFUXMLOUN7SBXHEDD2K2AN7Q,B08LD2BRD9,Books,1645914168736
AHKIMFUXMLOUN7SBXHEDD2K2AN7Q,1727408403,Books,1579184683841
AHFZUNQFXSVVT6Z6BYKE5CLBX3KQ,0736438009,Books,1664115500922
AHFZUNQFXSVVT6Z6BYKE5CLBX3KQ,0316505455,Books,1659117487325
AHFZUNQFXSVVT6Z6BYKE5CLBX3KQ,1984812610,Books,1655652490584
AHFZUNQFXSVVT6Z6BYKE5CLBX3KQ,1682815811,Books,1620149140636
AHFZUNQFXSVVT6Z6BYKE5CLBX3KQ,1984812580,Books,1620149097668
AHFZUNQFXSVVT6Z6BYKE5CLBX3KQ,1524738174,Books,1620149066644
AHFZUNQFXSVVT6Z6BYKE5CLBX3KQ,156477998X,Books,1606438716676
AHFZUNQFXSVVT6Z6BYKE5CLBX3KQ,1503711064,Books,1601754354649
AHFZUNQFXSVVT6Z6BYKE5CLBX3KQ,1628320885,Books,1601752417302
AHFZUNQFXSVVT6Z6BYKE5CLBX3KQ,B0066IJMAE,Books,1601750455618
AHFZUNQFXSVVT6Z6BYKE5CLBX3KQ,031670704X,Books,1601750421734
AHFZUNQFXSVVT6Z6BYKE5CLBX3KQ,0062003933,Books,1601749212674
AHFZUNQFXSVVT6Z6BYKE5CLBX3KQ,0062003941,Books,1601749044047
AHFZUNQFXSVVT6Z6BYKE5CLBX3KQ,0062113984,Books,1601748937388
AHFZUNQFXSVVT6Z6BYKE5CLBX3KQ,006200395X,Books,1601748871733
AHFZUNQFXSVVT6Z6BYKE5CLBX3KQ,0062113933,Books,1601748843423
AHFZUNQFXSVVT6Z6BYKE5CLBX3KQ,1426313802,Books,1553711173780
AHFZUNQFXSVVT6Z6BYKE5CLBX3KQ,1426320981,Books,1497650521985
AHFZUNQFXSVVT6Z6BYKE5CLBX3KQ,0689868847,Books,1497650345257
AHFZUNQFXSVVT6Z6BYKE5CLBX3KQ,1442409525,Books,1368740463000
AGTP4V3GFJ3YGVKDYXDK3SJ5IAYA,0486804011,Books,1557442796953
AGTP4V3GFJ3YGVKDYXDK3SJ5IAYA,1940282969,Books,1557442665269
AGKASBHYZPGTEPO6LWZPVJWB2BVA,B002MW50JA,CDs_and_Vinyl,1452650777000
AGKASBHYZPGTEPO6LWZPVJWB2BVA,B008XNPN0S,CDs_and_Vinyl,1452650764000
AGKASBHYZPGTEPO6LWZPVJWB2BVA,B00IKM5N02,CDs_and_Vinyl,1452649885000
AEVWAM3YWN5URJVJIZZ6XPD2MKIA,B00006JKCM,CDs_and_Vinyl,1164036864000
AFWHJ6O3PV4JC7PVOJH6CPULO2KQ,B00013YRQY,CDs_and_Vinyl,1582090199946
AFWHJ6O3PV4JC7PVOJH6CPULO2KQ,B07Z76Y18X,CDs_and_Vinyl,1576100171173
AFWHJ6O3PV4JC7PVOJH6CPULO2KQ,B00004NKAK,CDs_and_Vinyl,1524768111415
AFWHJ6O3PV4JC7PVOJH6CPULO2KQ,B0000062P5,CDs_and_Vinyl,1504898965457
AFWHJ6O3PV4JC7PVOJH6CPULO2KQ,B00EC6VQDS,CDs_and_Vinyl,1486090923000
AFWHJ6O3PV4JC7PVOJH6CPULO2KQ,B002HMHR7S,CDs_and_Vinyl,1402778050000
AFWHJ6O3PV4JC7PVOJH6CPULO2KQ,B000002AGY,CDs_and_Vinyl,1358286606000
AHDZ3PFHIGTE7EOQBUMVRBFRMWJQ,B0000C5ROW,CDs_and_Vinyl,1647207060998
AG6BAEKWLCWH2TW3KKLVK773YF6A,B082PPKDHP,CDs_and_Vinyl,1603227743009
AEQAYV7RXZEBXMQIQPL6KCT2CFWQ,B00M2D7KGA,CDs_and_Vinyl,1642724500116
AEQAYV7RXZEBXMQIQPL6KCT2CFWQ,B00IJBAYD0,CDs_and_Vinyl,1565311998499
AGHWZRZY7UYGZAYBZ2JADLTCSKKQ,B00MIA0KGY,CDs_and_Vinyl,1413823545000
AGHWZRZY7UYGZAYBZ2JADLTCSKKQ,B00A9T1HUO,CDs_and_Vinyl,1413823520000
AGHWZRZY7UYGZAYBZ2JADLTCSKKQ,B00AG6Z92C,CDs_and_Vinyl,1413823480000
AGHWZRZY7UYGZAYBZ2JADLTCSKKQ,B00EZ8GADY,CDs_and_Vinyl,1413823452000
AGHWZRZY7UYGZAYBZ2JADLTCSKKQ,B00L4QYEGU,CDs_and_Vinyl,1413823414000
AEINY4XOINMMJCK5GZ3M6MMHBN6A,B00H58ZCPI,CDs_and_Vinyl,1407482599000
AGJSTXSEWFVQWVQINO6QKMNBUUNA,B071FVJTCM,CDs_and_Vinyl,1633126260691
AGJSTXSEWFVQWVQINO6QKMNBUUNA,B00022LOTM,CDs_and_Vinyl,1633126196997
AGJSTXSEWFVQWVQINO6QKMNBUUNA,B002HRTMHQ,CDs_and_Vinyl,1398308484000
AGJSTXSEWFVQWVQINO6QKMNBUUNA,B00FU3DSLK,CDs_and_Vinyl,1398308278000
AGJSTXSEWFVQWVQINO6QKMNBUUNA,B00HDUTDMG,CDs_and_Vinyl,1398308077000
AFSKPY37N3C43SOI5IEXEK5JSIYA,B0000479AV,CDs_and_Vinyl,1432129677000
AG35BKPUEUMX7LV5YLOQ5YCQ3GOA,B008RNYL0M,CDs_and_Vinyl,1364585709000
AG35BKPUEUMX7LV5YLOQ5YCQ3GOA,B009LXEBD4,CDs_and_Vinyl,1364585654000
AG35BKPUEUMX7LV5YLOQ5YCQ3GOA,B007HO392S,CDs_and_Vinyl,1364585513000
AHGAOIZVODNHYMNCBV4DECZH42UQ,B00MGSTND4,CDs_and_Vinyl,1415561096000
AHGAOIZVODNHYMNCBV4DECZH42UQ,B000F6ZICO,CDs_and_Vinyl,1410198546000
AHGAOIZVODNHYMNCBV4DECZH42UQ,B00EBWHV4Q,CDs_and_Vinyl,1386666228000
AHGAOIZVODNHYMNCBV4DECZH42UQ,B009XJVK1W,CDs_and_Vinyl,1360112037000
AHGAOIZVODNHYMNCBV4DECZH42UQ,B008P86FUI,CDs_and_Vinyl,1351216444000
AHGAOIZVODNHYMNCBV4DECZH42UQ,B007RV4BDW,CDs_and_Vinyl,1348413338000
AHGAOIZVODNHYMNCBV4DECZH42UQ,B0038FI7SQ,CDs_and_Vinyl,1335604893000
AHGAOIZVODNHYMNCBV4DECZH42UQ,B0073K97HC,CDs_and_Vinyl,1335604849000
AHGAOIZVODNHYMNCBV4DECZH42UQ,B0071WQ7WU,CDs_and_Vinyl,1335604743000
AHGAOIZVODNHYMNCBV4DECZH42UQ,B003JIFZXM,CDs_and_Vinyl,1281441993000
AHGAOIZVODNHYMNCBV4DECZH42UQ,B003LWLG5C,CDs_and_Vinyl,1281441867000
AE7Y5RLYIKHOZB5NKKOEKYG2SPSQ,B014JRCA3O,CDs_and_Vinyl,1672083583403
AGVWGLLS7SG3ZQTICDD7K6EAPRMQ,B07VHY7C6C,CDs_and_Vinyl,1570852758734
AHX4XWVVQUKT3FCNWCVASDF4Q56Q,B00IN69QEY,CDs_and_Vinyl,1492110547000
AHY7ZJB523OPTIKXRI63PS2V6FSQ,B00006LSNA,CDs_and_Vinyl,1620733886371
AHY7ZJB523OPTIKXRI63PS2V6FSQ,B008LA7RLG,CDs_and_Vinyl,1555783189047
AHZ6XMOLEWA67S3TX7IWEXXGWSOA,B000F2CAMY,CDs_and_Vinyl,1652397379863
AHZ6XMOLEWA67S3TX7IWEXXGWSOA,B08FP5TZYZ,CDs_and_Vinyl,1611881292588
AHZ6XMOLEWA67S3TX7IWEXXGWSOA,B0000E1WKE,CDs_and_Vinyl,1611880899739
AHZ6XMOLEWA67S3TX7IWEXXGWSOA,B00005R8DV,CDs_and_Vinyl,1611880793638
AHZ6XMOLEWA67S3TX7IWEXXGWSOA,B00005Y7I2,CDs_and_Vinyl,1611880473952
AHZ6XMOLEWA67S3TX7IWEXXGWSOA,B0000CFW87,CDs_and_Vinyl,1480353846000
AHZ6XMOLEWA67S3TX7IWEXXGWSOA,B0018LMKIK,CDs_and_Vinyl,1480353818000
AHZ6XMOLEWA67S3TX7IWEXXGWSOA,B00004UB8A,CDs_and_Vinyl,1478568136000
AHZ6XMOLEWA67S3TX7IWEXXGWSOA,B00006JIA4,CDs_and_Vinyl,1478567826000
AHZ6XMOLEWA67S3TX7IWEXXGWSOA,B0000CD5FR,CDs_and_Vinyl,1478567759000
AHZ6XMOLEWA67S3TX7IWEXXGWSOA,B014S08Q4Y,CDs_and_Vinyl,1478567126000
AHZ6XMOLEWA67S3TX7IWEXXGWSOA,B000B8I8JG,CDs_and_Vinyl,1478566910000
AHZ6XMOLEWA67S3TX7IWEXXGWSOA,B0041W566Q,CDs_and_Vinyl,1478566720000
AHZ6XMOLEWA67S3TX7IWEXXGWSOA,B0000058IK,CDs_and_Vinyl,1478566635000
AHZ6XMOLEWA67S3TX7IWEXXGWSOA,B00007KQ70,CDs_and_Vinyl,1478566501000
AHZ6XMOLEWA67S3TX7IWEXXGWSOA,B00003002L,CDs_and_Vinyl,1478566451000
AHZ6XMOLEWA67S3TX7IWEXXGWSOA,B00000K1I1,CDs_and_Vinyl,1478566335000
AHZ6XMOLEWA67S3TX7IWEXXGWSOA,B00000K1I5,CDs_and_Vinyl,1478566256000
AHZ6XMOLEWA67S3TX7IWEXXGWSOA,B00000JWNE,CDs_and_Vinyl,1478566179000
AHZ6XMOLEWA67S3TX7IWEXXGWSOA,B00005R8E1,CDs_and_Vinyl,1478566041000
AHZ6XMOLEWA67S3TX7IWEXXGWSOA,B004KBSQOW,CDs_and_Vinyl,1468245515000
AHZ6XMOLEWA67S3TX7IWEXXGWSOA,B000002JUC,CDs_and_Vinyl,1464838761000
AHZ6XMOLEWA67S3TX7IWEXXGWSOA,B000002GYZ,CDs_and_Vinyl,1464838739000
AFZUK3MTBIBEDQOPAK3OATUOUKLA,B09CC84SD2,CDs_and_Vinyl,1641579192183
AFZUK3MTBIBEDQOPAK3OATUOUKLA,B000068CYT,CDs_and_Vinyl,1563429034728
AFZUK3MTBIBEDQOPAK3OATUOUKLA,B000AOF9SE,CDs_and_Vinyl,1513614246778
AFZUK3MTBIBEDQOPAK3OATUOUKLA,B008YYSDSU,CDs_and_Vinyl,1513281606168
AFZUK3MTBIBEDQOPAK3OATUOUKLA,B00KLF5J64,CDs_and_Vinyl,1494225352000
AEDRFOIY6IFY7DWSPRRNGEFIFE2Q,B017I1G28C,CDs_and_Vinyl,1460723812000
AFANVB6MPHJTCTFOVIEBKLWZ2GVA,B0788XVV4H,CDs_and_Vinyl,1560194960121
AETGRH24MKFUFZ2KKTC2ZFYVYE5Q,B00004TH83,CDs_and_Vinyl,1378860610000
AETGRH24MKFUFZ2KKTC2ZFYVYE5Q,B0000029OC,CDs_and_Vinyl,1378860281000
AGGPKWSQNXS3HGAPZFPMYFPQ7XNQ,B016ER0RG4,CDs_and_Vinyl,1459387246000
AGGPKWSQNXS3HGAPZFPMYFPQ7XNQ,B00XI057FM,CDs_and_Vinyl,1459387239000
AGGPKWSQNXS3HGAPZFPMYFPQ7XNQ,B00ZW048DI,CDs_and_Vinyl,1459387236000
AEJSXWZSXH5DHNIYBMRZT5GNNQBQ,B00MIA0KGY,CDs_and_Vinyl,1415880186000
AEJSXWZSXH5DHNIYBMRZT5GNNQBQ,B005N0C04Q,CDs_and_Vinyl,1415880164000
AGMKOM3374MIOS47KXTIFEGAFKOQ,B07NRKDZTY,CDs_and_Vinyl,1626105692420
AGA3VBG56LW5VBDMWXE23N4PG2IA,B014PD0R0A,CDs_and_Vinyl,1489125154000
AGA3VBG56LW5VBDMWXE23N4PG2IA,B01LZHMGL4,CDs_and_Vinyl,1489125140000
AGA3VBG56LW5VBDMWXE23N4PG2IA,B00NEJ7MMI,CDs_and_Vinyl,1489125125000
AFXDYTFXJLX4YG3UD7W23W7Z5Y4A,B008UT26RS,CDs_and_Vinyl,1486924011000
AFXDYTFXJLX4YG3UD7W23W7Z5Y4A,B00000348G,CDs_and_Vinyl,1390236822000
AECABX3OO3GK7FCPZLFM3LT2E6UA,B07Y9CG9Y4,CDs_and_Vinyl,1589904856111
AH3OG6QD6EDJGZRVCFKV4B66VWNQ,B000002WWJ,CDs_and_Vinyl,1406597601000
AH3OG6QD6EDJGZRVCFKV4B66VWNQ,B000002NQE,CDs_and_Vinyl,1368763739000
AEMYDA6DVBKCCE7ZO2ARRFGKG3LQ,B000765IT0,CDs_and_Vinyl,1239971603000
AEMYDA6DVBKCCE7ZO2ARRFGKG3LQ,B0007GADV8,CDs_and_Vinyl,1239971513000
AG6SNHIVEFMJIXCLZWKTGEOV5ZBQ,B000025U2V,CDs_and_Vinyl,1609278515427
AG6SNHIVEFMJIXCLZWKTGEOV5ZBQ,B01LZQ6JHV,CDs_and_Vinyl,1593624304908
AG6SNHIVEFMJIXCLZWKTGEOV5ZBQ,B000002L5I,CDs_and_Vinyl,1587258072023
AG6SNHIVEFMJIXCLZWKTGEOV5ZBQ,B000008EQD,CDs_and_Vinyl,1547064524469
AG6SNHIVEFMJIXCLZWKTGEOV5ZBQ,B00000ENGA,CDs_and_Vinyl,1547064474673
AG6SNHIVEFMJIXCLZWKTGEOV5ZBQ,B00AY1NXUY,CDs_and_Vinyl,1547064396081
AG6SNHIVEFMJIXCLZWKTGEOV5ZBQ,B0036BCCLK,CDs_and_Vinyl,1547064333771
AEGFGSYN3POFMUCGBXGA37WYWW3Q,B01M1VB289,CDs_and_Vinyl,1484437390000
AFCF42UEL75CPDL6CLELVNQ4FTTA,B005H1SC8Y,CDs_and_Vinyl,1365773525000
AGFWIDDE6JBJ5UPX7EZTSZELRCPQ,B01EU0HIVO,CDs_and_Vinyl,1578204747929
AGFWIDDE6JBJ5UPX7EZTSZELRCPQ,B0000BV1ZO,CDs_and_Vinyl,1441736023000
AGFWIDDE6JBJ5UPX7EZTSZELRCPQ,B0016OM2TG,CDs_and_Vinyl,1392499110000
AGFWIDDE6JBJ5UPX7EZTSZELRCPQ,B000001JAY,CDs_and_Vinyl,1358695086000
AGFWIDDE6JBJ5UPX7EZTSZELRCPQ,B000007N73,CDs_and_Vinyl,1358695005000
AHNAOQRKXEQI7U7FBGHAWLZGHECQ,B00KLF5J64,CDs_and_Vinyl,1566068985150
AHNAOQRKXEQI7U7FBGHAWLZGHECQ,B06XW4SNMD,CDs_and_Vinyl,1566068914210
AFUZ3HSONK4B6QP62HWG3IQSA3IQ,B000FH4SN8,CDs_and_Vinyl,1256400378000
AGHRYSZV6QNKV7QEXWFLIQUJ232A,B000VWYNOG,CDs_and_Vinyl,1568677451787
AGHRYSZV6QNKV7QEXWFLIQUJ232A,B00009PJQX,CDs_and_Vinyl,1556680455973
AGHRYSZV6QNKV7QEXWFLIQUJ232A,B0009X779A,CDs_and_Vinyl,1536273974281
AGPBYMEVZKTYSCLNSN4YDADOIIKQ,B07T582K7R,CDs_and_Vinyl,1585355600698
AGPBYMEVZKTYSCLNSN4YDADOIIKQ,B00CTCI568,CDs_and_Vinyl,1582431194744
AEVQ3KP55X4XECXWMHN6DHIDBYFQ,B07CXFD816,CDs_and_Vinyl,1544472061443
AEVQ3KP55X4XECXWMHN6DHIDBYFQ,B07CJ3CWS1,CDs_and_Vinyl,1544472005336
AEVQ3KP55X4XECXWMHN6DHIDBYFQ,B07DRYHSWV,CDs_and_Vinyl,1535132858326
AEVQ3KP55X4XECXWMHN6DHIDBYFQ,B01E7FLI2C,CDs_and_Vinyl,1514973730660
AEVQ3KP55X4XECXWMHN6DHIDBYFQ,B003ZTQN1S,CDs_and_Vinyl,1465353958000
AEVQ3KP55X4XECXWMHN6DHIDBYFQ,B0199YCBNG,CDs_and_Vinyl,1462154814000
AEVQ3KP55X4XECXWMHN6DHIDBYFQ,B00LTM1D5O,CDs_and_Vinyl,1415420497000
AEVQ3KP55X4XECXWMHN6DHIDBYFQ,B0055V6EZE,CDs_and_Vinyl,1406805245000
AEVQ3KP55X4XECXWMHN6DHIDBYFQ,B002EE583E,CDs_and_Vinyl,1406805203000
AEVQ3KP55X4XECXWMHN6DHIDBYFQ,B003JLA4S0,CDs_and_Vinyl,1406805175000
AEVQ3KP55X4XECXWMHN6DHIDBYFQ,B002ZPIBMW,CDs_and_Vinyl,1406805139000
AEVQ3KP55X4XECXWMHN6DHIDBYFQ,B003KUSUG8,CDs_and_Vinyl,1406804955000
AEVQ3KP55X4XECXWMHN6DHIDBYFQ,B00454U1NS,CDs_and_Vinyl,1406804894000
AEVQ3KP55X4XECXWMHN6DHIDBYFQ,B003ZJ0ZX0,CDs_and_Vinyl,1406804214000
AEVQ3KP55X4XECXWMHN6DHIDBYFQ,B007G3H8Y0,CDs_and_Vinyl,1406804163000
AEVQ3KP55X4XECXWMHN6DHIDBYFQ,B00B9LNP10,CDs_and_Vinyl,1406804131000
AEVQ3KP55X4XECXWMHN6DHIDBYFQ,B00A8D78UY,CDs_and_Vinyl,1406804071000
AEVQ3KP55X4XECXWMHN6DHIDBYFQ,B0075MFS9Y,CDs_and_Vinyl,1406803484000
AEVQ3KP55X4XECXWMHN6DHIDBYFQ,B00GKI40HU,CDs_and_Vinyl,1406164668000
AEVQ3KP55X4XECXWMHN6DHIDBYFQ,B00B8WXFWE,CDs_and_Vinyl,1406164642000
AEVQ3KP55X4XECXWMHN6DHIDBYFQ,B004ZOL57Y,CDs_and_Vinyl,1406164592000
AEVQ3KP55X4XECXWMHN6DHIDBYFQ,B0007OP284,CDs_and_Vinyl,1406164344000
AEVQ3KP55X4XECXWMHN6DHIDBYFQ,B001H3KMNY,CDs_and_Vinyl,1406164317000
AEVQ3KP55X4XECXWMHN6DHIDBYFQ,B00DWFQ2N4,CDs_and_Vinyl,1406078822000
AEVQ3KP55X4XECXWMHN6DHIDBYFQ,B00DJYJWMG,CDs_and_Vinyl,1402372036000
AEVQ3KP55X4XECXWMHN6DHIDBYFQ,B0043KK4N6,CDs_and_Vinyl,1400527051000
AEVQ3KP55X4XECXWMHN6DHIDBYFQ,B00BCZU8WM,CDs_and_Vinyl,1387841518000
AEVQ3KP55X4XECXWMHN6DHIDBYFQ,B0003QJRK0,CDs_and_Vinyl,1387841282000
AEVQ3KP55X4XECXWMHN6DHIDBYFQ,B00BPWDMP2,CDs_and_Vinyl,1387841236000
AEVQ3KP55X4XECXWMHN6DHIDBYFQ,B00D6QU6RW,CDs_and_Vinyl,1387841177000
AEVQ3KP55X4XECXWMHN6DHIDBYFQ,B002SEW5WW,CDs_and_Vinyl,1387840856000
AEVQ3KP55X4XECXWMHN6DHIDBYFQ,B0031SBOKI,CDs_and_Vinyl,1387840765000
AEVQ3KP55X4XECXWMHN6DHIDBYFQ,B00DYFCYSO,CDs_and_Vinyl,1387840703000
AEVQ3KP55X4XECXWMHN6DHIDBYFQ,B007HO392S,CDs_and_Vinyl,1365904959000
AEVQ3KP55X4XECXWMHN6DHIDBYFQ,B000I8OOO2,CDs_and_Vinyl,1308595605000
AEVQ3KP55X4XECXWMHN6DHIDBYFQ,B000F7MG4G,CDs_and_Vinyl,1231730501000
AEVVJHZUPI4AHZZX7PC4LTCKWSKA,B009MO5AHI,CDs_and_Vinyl,1399437090000
AFAIJYOUO3NAWLBDIKTQSC3DASWA,B08VYLNX28,CDs_and_Vinyl,1629213857289
AFAIJYOUO3NAWLBDIKTQSC3DASWA,B0000028RT,CDs_and_Vinyl,1469379039000
AFAIJYOUO3NAWLBDIKTQSC3DASWA,B0014DOD6O,CDs_and_Vinyl,1285901432000
AFAIJYOUO3NAWLBDIKTQSC3DASWA,B000007U3G,CDs_and_Vinyl,1271823465000
AFAIJYOUO3NAWLBDIKTQSC3DASWA,B000UAE87Q,CDs_and_Vinyl,1214236799000
AFAIJYOUO3NAWLBDIKTQSC3DASWA,B000000BB8,CDs_and_Vinyl,1210060811000
AFAIJYOUO3NAWLBDIKTQSC3DASWA,B000000B90,CDs_and_Vinyl,1209967840000
AFAIJYOUO3NAWLBDIKTQSC3DASWA,B000B0WOEO,CDs_and_Vinyl,1203744846000
AFAIJYOUO3NAWLBDIKTQSC3DASWA,B000066RLV,CDs_and_Vinyl,1199453906000
AFAIJYOUO3NAWLBDIKTQSC3DASWA,B000PTYUQG,CDs_and_Vinyl,1199317012000
AFAIJYOUO3NAWLBDIKTQSC3DASWA,B00000093J,CDs_and_Vinyl,1190932971000
AFAIJYOUO3NAWLBDIKTQSC3DASWA,B0000017EA,CDs_and_Vinyl,1176442546000
AFAIJYOUO3NAWLBDIKTQSC3DASWA,B000002WFD,CDs_and_Vinyl,1176332697000
AFAIJYOUO3NAWLBDIKTQSC3DASWA,B00000J5ZU,CDs_and_Vinyl,1175317684000
AFAIJYOUO3NAWLBDIKTQSC3DASWA,B000I8OMNU,CDs_and_Vinyl,1175316598000
AFAIJYOUO3NAWLBDIKTQSC3DASWA,B00008MLSK,CDs_and_Vinyl,1175315804000
AFAIJYOUO3NAWLBDIKTQSC3DASWA,B0006SSOX6,CDs_and_Vinyl,1175314486000
AFAIJYOUO3NAWLBDIKTQSC3DASWA,B000002O4T,CDs_and_Vinyl,1173161408000
AFAIJYOUO3NAWLBDIKTQSC3DASWA,B000001CW0,CDs_and_Vinyl,1172896072000
AFAIJYOUO3NAWLBDIKTQSC3DASWA,B000001KDF,CDs_and_Vinyl,1172386984000
AFAIJYOUO3NAWLBDIKTQSC3DASWA,B00004TJB2,CDs_and_Vinyl,1172386099000
AFAIJYOUO3NAWLBDIKTQSC3DASWA,B00004SU9Z,CDs_and_Vinyl,1167199146000
AFAIJYOUO3NAWLBDIKTQSC3DASWA,B00008BX4Z,CDs_and_Vinyl,1165807020000
AFAIJYOUO3NAWLBDIKTQSC3DASWA,B00000092X,CDs_and_Vinyl,1165294303000
AFAIJYOUO3NAWLBDIKTQSC3DASWA,B0000038YW,CDs_and_Vinyl,1164935266000
AFAIJYOUO3NAWLBDIKTQSC3DASWA,B000001106,CDs_and_Vinyl,1164098985000
AFAIJYOUO3NAWLBDIKTQSC3DASWA,B000002KOQ,CDs_and_Vinyl,1162793987000
AFAIJYOUO3NAWLBDIKTQSC3DASWA,B00004TZZR,CDs_and_Vinyl,1160529572000
AFAIJYOUO3NAWLBDIKTQSC3DASWA,B000FP2IYQ,CDs_and_Vinyl,1158875052000
AFAIJYOUO3NAWLBDIKTQSC3DASWA,B00000273M,CDs_and_Vinyl,1158118910000
AFAIJYOUO3NAWLBDIKTQSC3DASWA,B000002M59,CDs_and_Vinyl,1157772194000
AFAIJYOUO3NAWLBDIKTQSC3DASWA,B0000026MO,CDs_and_Vinyl,1157325090000
AFAIJYOUO3NAWLBDIKTQSC3DASWA,B000F5WNTQ,CDs_and_Vinyl,1156447317000
AFAIJYOUO3NAWLBDIKTQSC3DASWA,B000002QW2,CDs_and_Vinyl,1156208033000
AFAIJYOUO3NAWLBDIKTQSC3DASWA,B0009VI4N0,CDs_and_Vinyl,1156125403000
AFAIJYOUO3NAWLBDIKTQSC3DASWA,B000002OEK,CDs_and_Vinyl,1155698178000
AFAIJYOUO3NAWLBDIKTQSC3DASWA,B00006RYIY,CDs_and_Vinyl,1154648540000
AFAIJYOUO3NAWLBDIKTQSC3DASWA,B000001EDZ,CDs_and_Vinyl,1154565823000
AFAIJYOUO3NAWLBDIKTQSC3DASWA,B00000I3US,CDs_and_Vinyl,1154240746000
AFAIJYOUO3NAWLBDIKTQSC3DASWA,B000000ECN,CDs_and_Vinyl,1153628034000
AFAIJYOUO3NAWLBDIKTQSC3DASWA,B000002UDQ,CDs_and_Vinyl,1153616951000
AFAIJYOUO3NAWLBDIKTQSC3DASWA,B0000026SP,CDs_and_Vinyl,1153576035000
AFAIJYOUO3NAWLBDIKTQSC3DASWA,B000003ERU,CDs_and_Vinyl,1153285503000
AFAIJYOUO3NAWLBDIKTQSC3DASWA,B0000026RF,CDs_and_Vinyl,1153283093000
AFAIJYOUO3NAWLBDIKTQSC3DASWA,B000046PVJ,CDs_and_Vinyl,1151692958000
AFAIJYOUO3NAWLBDIKTQSC3DASWA,B000002B0E,CDs_and_Vinyl,1151368771000
AFAIJYOUO3NAWLBDIKTQSC3DASWA,B000002ONN,CDs_and_Vinyl,1151285957000
AFAIJYOUO3NAWLBDIKTQSC3DASWA,B000ESSTMO,CDs_and_Vinyl,1151038811000
AFAIJYOUO3NAWLBDIKTQSC3DASWA,B00000DRAT,CDs_and_Vinyl,1150867580000
AFAIJYOUO3NAWLBDIKTQSC3DASWA,B0007TFHKW,CDs_and_Vinyl,1150737102000
AFAIJYOUO3NAWLBDIKTQSC3DASWA,B00004Y9XE,CDs_and_Vinyl,1150669411000
AFAIJYOUO3NAWLBDIKTQSC3DASWA,B00006H6A3,CDs_and_Vinyl,1150659743000
AFAIJYOUO3NAWLBDIKTQSC3DASWA,B000003GZA,CDs_and_Vinyl,1150313285000
AFAIJYOUO3NAWLBDIKTQSC3DASWA,B000771T1U,CDs_and_Vinyl,1150299791000
AFAIJYOUO3NAWLBDIKTQSC3DASWA,B0009X75VK,CDs_and_Vinyl,1150138573000
AFAIJYOUO3NAWLBDIKTQSC3DASWA,B000F8OII2,CDs_and_Vinyl,1149955013000
AFAIJYOUO3NAWLBDIKTQSC3DASWA,B000001EBI,CDs_and_Vinyl,1145747692000
AFAIJYOUO3NAWLBDIKTQSC3DASWA,B000003D5G,CDs_and_Vinyl,1144336397000
AFAIJYOUO3NAWLBDIKTQSC3DASWA,B00000348Q,CDs_and_Vinyl,1142658529000
AFAIJYOUO3NAWLBDIKTQSC3DASWA,B000BISBDY,CDs_and_Vinyl,1138647360000
AFAIJYOUO3NAWLBDIKTQSC3DASWA,B000BOH8XW,CDs_and_Vinyl,1136054356000
AFAIJYOUO3NAWLBDIKTQSC3DASWA,B00005JGA4,CDs_and_Vinyl,1133064509000
AFAIJYOUO3NAWLBDIKTQSC3DASWA,B000002NAK,CDs_and_Vinyl,1131760772000
AFAIJYOUO3NAWLBDIKTQSC3DASWA,B0009I7O4S,CDs_and_Vinyl,1129776935000
AFAIJYOUO3NAWLBDIKTQSC3DASWA,B000009PNN,CDs_and_Vinyl,1113610856000
AFAIJYOUO3NAWLBDIKTQSC3DASWA,B000003GYK,CDs_and_Vinyl,1112645620000
AFAIJYOUO3NAWLBDIKTQSC3DASWA,B000068VST,CDs_and_Vinyl,1109458223000
AFAIJYOUO3NAWLBDIKTQSC3DASWA,B0000003L7,CDs_and_Vinyl,1109457182000
AFAIJYOUO3NAWLBDIKTQSC3DASWA,B0001UL7RY,CDs_and_Vinyl,1108690614000
AFAIJYOUO3NAWLBDIKTQSC3DASWA,B0002F7I9Y,CDs_and_Vinyl,1107151901000
AFAIJYOUO3NAWLBDIKTQSC3DASWA,B000002IFL,CDs_and_Vinyl,1106504432000
AFAIJYOUO3NAWLBDIKTQSC3DASWA,B0000001P6,CDs_and_Vinyl,1106502869000
AFAIJYOUO3NAWLBDIKTQSC3DASWA,B000006OAM,CDs_and_Vinyl,1103404504000
AFAIJYOUO3NAWLBDIKTQSC3DASWA,B000004ATE,CDs_and_Vinyl,1098059059000
AFAIJYOUO3NAWLBDIKTQSC3DASWA,B000000XCH,CDs_and_Vinyl,1093842772000
AFAIJYOUO3NAWLBDIKTQSC3DASWA,B000002ORZ,CDs_and_Vinyl,1093841570000
AFAIJYOUO3NAWLBDIKTQSC3DASWA,B000003G2C,CDs_and_Vinyl,1093833859000
AFAIJYOUO3NAWLBDIKTQSC3DASWA,B000001FDK,CDs_and_Vinyl,1090820238000
AFAIJYOUO3NAWLBDIKTQSC3DASWA,B000002PCH,CDs_and_Vinyl,1090818220000
AFAIJYOUO3NAWLBDIKTQSC3DASWA,B0000064FA,CDs_and_Vinyl,1090816282000
AFAIJYOUO3NAWLBDIKTQSC3DASWA,B000002LNQ,CDs_and_Vinyl,1090550157000
AGU7O3UW7U2UMZGSZMKNZ6K6VHUA,B00WL8J64U,CDs_and_Vinyl,1669585094192
AGU7O3UW7U2UMZGSZMKNZ6K6VHUA,B00L1VKJGW,CDs_and_Vinyl,1420092124000
AH4O5W3EM4CKQGHMBVTSPCJRYF7Q,B07CVCD17K,CDs_and_Vinyl,1531061463805
AH4O5W3EM4CKQGHMBVTSPCJRYF7Q,B00JQHOBU8,CDs_and_Vinyl,1463627222000
AH4O5W3EM4CKQGHMBVTSPCJRYF7Q,B00THEH4UY,CDs_and_Vinyl,1434205383000
AH4O5W3EM4CKQGHMBVTSPCJRYF7Q,B003454JZ0,CDs_and_Vinyl,1426505994000
AFPBVAEV3FCQOHKJJGAKQLZLTCZQ,B000026G2U,CDs_and_Vinyl,1561738437455
AFPBVAEV3FCQOHKJJGAKQLZLTCZQ,B00TY6CL7G,CDs_and_Vinyl,1521049833331
AFJHM4DEMY7IU6ZCUBCETLREE43Q,B0000AP6HI,CDs_and_Vinyl,1555774446566
AFFZVSTUS3U2ZD22A2NPZSKOCPGQ,B01LZ712C7,CDs_and_Vinyl,1573838640276
AFFZVSTUS3U2ZD22A2NPZSKOCPGQ,B0106US03M,CDs_and_Vinyl,1568951674622
AFFZVSTUS3U2ZD22A2NPZSKOCPGQ,B000JJRINY,CDs_and_Vinyl,1544305525789
AFW2PDT3AMT4X3PYQG7FJZH5FXFA,B0097BY3K6,CDs_and_Vinyl,1353882549000
AFW2PDT3AMT4X3PYQG7FJZH5FXFA,B004XWMXW4,CDs_and_Vinyl,1311211853000
AFW2PDT3AMT4X3PYQG7FJZH5FXFA,B000N69OPS,CDs_and_Vinyl,1308702427000
AFW2PDT3AMT4X3PYQG7FJZH5FXFA,B002L5R73K,CDs_and_Vinyl,1275149557000
AFW2PDT3AMT4X3PYQG7FJZH5FXFA,B0007ZJ3LA,CDs_and_Vinyl,1263832415000
AFW2PDT3AMT4X3PYQG7FJZH5FXFA,B002PGO8GY,CDs_and_Vinyl,1259109578000
AFW2PDT3AMT4X3PYQG7FJZH5FXFA,B000008LU2,CDs_and_Vinyl,1255180681000
AFW2PDT3AMT4X3PYQG7FJZH5FXFA,B000079BGM,CDs_and_Vinyl,1249785094000
AFW2PDT3AMT4X3PYQG7FJZH5FXFA,B0010NX274,CDs_and_Vinyl,1249350249000
AFW2PDT3AMT4X3PYQG7FJZH5FXFA,B001UW58WW,CDs_and_Vinyl,1248826203000
AFW2PDT3AMT4X3PYQG7FJZH5FXFA,B000WTNCYA,CDs_and_Vinyl,1244898257000
AFW2PDT3AMT4X3PYQG7FJZH5FXFA,B0026LYM8C,CDs_and_Vinyl,1244392254000
AFW2PDT3AMT4X3PYQG7FJZH5FXFA,B000Y14U4M,CDs_and_Vinyl,1243818964000
AFW2PDT3AMT4X3PYQG7FJZH5FXFA,B000JRYNWK,CDs_and_Vinyl,1238897388000
AFW2PDT3AMT4X3PYQG7FJZH5FXFA,B001IQDAXY,CDs_and_Vinyl,1236735664000
AFW2PDT3AMT4X3PYQG7FJZH5FXFA,B001DAYA6Q,CDs_and_Vinyl,1230871152000
AFW2PDT3AMT4X3PYQG7FJZH5FXFA,B001AVTLG2,CDs_and_Vinyl,1228350775000
AFW2PDT3AMT4X3PYQG7FJZH5FXFA,B000BLI3BG,CDs_and_Vinyl,1228092360000
AFW2PDT3AMT4X3PYQG7FJZH5FXFA,B000WC45SE,CDs_and_Vinyl,1221394220000
AFW2PDT3AMT4X3PYQG7FJZH5FXFA,B000001AO8,CDs_and_Vinyl,1221393343000
AFW2PDT3AMT4X3PYQG7FJZH5FXFA,B0002S94F2,CDs_and_Vinyl,1219190927000
AFW2PDT3AMT4X3PYQG7FJZH5FXFA,B00187PNBU,CDs_and_Vinyl,1217932357000
AFW2PDT3AMT4X3PYQG7FJZH5FXFA,B0014SM9FQ,CDs_and_Vinyl,1213483425000
AFW2PDT3AMT4X3PYQG7FJZH5FXFA,B00005JRZL,CDs_and_Vinyl,1212263634000
AFW2PDT3AMT4X3PYQG7FJZH5FXFA,B00006JL4J,CDs_and_Vinyl,1207698001000
AFW2PDT3AMT4X3PYQG7FJZH5FXFA,B00018D44U,CDs_and_Vinyl,1207697500000
AFW2PDT3AMT4X3PYQG7FJZH5FXFA,B00061GYNA,CDs_and_Vinyl,1207697231000
AFW2PDT3AMT4X3PYQG7FJZH5FXFA,B000PMFPLW,CDs_and_Vinyl,1207696939000
AFW2PDT3AMT4X3PYQG7FJZH5FXFA,B000009NY9,CDs_and_Vinyl,1207696862000
AFW2PDT3AMT4X3PYQG7FJZH5FXFA,B0000259AM,CDs_and_Vinyl,1207696802000
AFW2PDT3AMT4X3PYQG7FJZH5FXFA,B000HOJNI4,CDs_and_Vinyl,1207525390000
AFW2PDT3AMT4X3PYQG7FJZH5FXFA,B00000JBDW,CDs_and_Vinyl,1205926331000
AFW2PDT3AMT4X3PYQG7FJZH5FXFA,B00000J2QD,CDs_and_Vinyl,1205926093000
AFW2PDT3AMT4X3PYQG7FJZH5FXFA,B000N3AWDE,CDs_and_Vinyl,1205463544000
AFW2PDT3AMT4X3PYQG7FJZH5FXFA,B00002MZ4A,CDs_and_Vinyl,1205463024000
AFW2PDT3AMT4X3PYQG7FJZH5FXFA,B000002AAQ,CDs_and_Vinyl,1205462796000
AFW2PDT3AMT4X3PYQG7FJZH5FXFA,B00006WL1Q,CDs_and_Vinyl,1205461663000
AFW2PDT3AMT4X3PYQG7FJZH5FXFA,B0000046RN,CDs_and_Vinyl,1205460877000
AFW2PDT3AMT4X3PYQG7FJZH5FXFA,B000001AY2,CDs_and_Vinyl,1205460763000
AFW2PDT3AMT4X3PYQG7FJZH5FXFA,B000UO75AY,CDs_and_Vinyl,1205460516000
AFW2PDT3AMT4X3PYQG7FJZH5FXFA,B000HKDECY,CDs_and_Vinyl,1205459852000
AFW2PDT3AMT4X3PYQG7FJZH5FXFA,B000WS4O3O,CDs_and_Vinyl,1205459522000
AFW2PDT3AMT4X3PYQG7FJZH5FXFA,B0000014VM,CDs_and_Vinyl,1205459333000
AFW2PDT3AMT4X3PYQG7FJZH5FXFA,B00006669E,CDs_and_Vinyl,1205459228000
AFW2PDT3AMT4X3PYQG7FJZH5FXFA,B00004HYKW,CDs_and_Vinyl,1205459134000
AFW2PDT3AMT4X3PYQG7FJZH5FXFA,B000002VP3,CDs_and_Vinyl,1205459023000
AFW2PDT3AMT4X3PYQG7FJZH5FXFA,B00005S0MD,CDs_and_Vinyl,1205458871000
AFW2PDT3AMT4X3PYQG7FJZH5FXFA,B0000DET63,CDs_and_Vinyl,1205458822000
AFW2PDT3AMT4X3PYQG7FJZH5FXFA,B000057HAP,CDs_and_Vinyl,1205457239000
AFW2PDT3AMT4X3PYQG7FJZH5FXFA,B0000014TP,CDs_and_Vinyl,1205456217000
AFW2PDT3AMT4X3PYQG7FJZH5FXFA,B000BKJKHS,CDs_and_Vinyl,1205455946000
AFW2PDT3AMT4X3PYQG7FJZH5FXFA,B000002LND,CDs_and_Vinyl,1205455293000
AFW2PDT3AMT4X3PYQG7FJZH5FXFA,B000TM084C,CDs_and_Vinyl,1205454626000
AFW2PDT3AMT4X3PYQG7FJZH5FXFA,B000002U51,CDs_and_Vinyl,1205454541000
AFW2PDT3AMT4X3PYQG7FJZH5FXFA,B0009Y262C,CDs_and_Vinyl,1205454350000
AFW2PDT3AMT4X3PYQG7FJZH5FXFA,B00004WK1H,CDs_and_Vinyl,1205454273000
AFW2PDT3AMT4X3PYQG7FJZH5FXFA,B0000009K8,CDs_and_Vinyl,1205453709000
AFW2PDT3AMT4X3PYQG7FJZH5FXFA,B00005YW4H,CDs_and_Vinyl,1205453598000
AFW2PDT3AMT4X3PYQG7FJZH5FXFA,B000E1NX1S,CDs_and_Vinyl,1205453167000
AFW2PDT3AMT4X3PYQG7FJZH5FXFA,B00004X0KU,CDs_and_Vinyl,1205453030000
AFW2PDT3AMT4X3PYQG7FJZH5FXFA,B00004VS5P,CDs_and_Vinyl,1205452756000
AFW2PDT3AMT4X3PYQG7FJZH5FXFA,B000O17152,CDs_and_Vinyl,1205452674000
AFW2PDT3AMT4X3PYQG7FJZH5FXFA,B000A2H0SI,CDs_and_Vinyl,1205452446000
AFW2PDT3AMT4X3PYQG7FJZH5FXFA,B0000DBJDB,CDs_and_Vinyl,1205452360000
AFW2PDT3AMT4X3PYQG7FJZH5FXFA,B00022LS8O,CDs_and_Vinyl,1205452223000
AFW2PDT3AMT4X3PYQG7FJZH5FXFA,B000002WPO,CDs_and_Vinyl,1205452023000
AFW2PDT3AMT4X3PYQG7FJZH5FXFA,B0012GMVH6,CDs_and_Vinyl,1205451910000
AFW2PDT3AMT4X3PYQG7FJZH5FXFA,B0000AF1LI,CDs_and_Vinyl,1205451717000
AFW2PDT3AMT4X3PYQG7FJZH5FXFA,B000SSESVG,CDs_and_Vinyl,1188185528000
AFW2PDT3AMT4X3PYQG7FJZH5FXFA,B000SUKPR0,CDs_and_Vinyl,1188148074000
AFW2PDT3AMT4X3PYQG7FJZH5FXFA,B000N2G3RY,CDs_and_Vinyl,1181879719000
AFW2PDT3AMT4X3PYQG7FJZH5FXFA,B000DZJHSI,CDs_and_Vinyl,1168070048000
AFW2PDT3AMT4X3PYQG7FJZH5FXFA,B000BKZT14,CDs_and_Vinyl,1165280482000
AFW2PDT3AMT4X3PYQG7FJZH5FXFA,B000FMG05W,CDs_and_Vinyl,1163126122000
AFW2PDT3AMT4X3PYQG7FJZH5FXFA,B000F8ZNAY,CDs_and_Vinyl,1161736150000
AFW2PDT3AMT4X3PYQG7FJZH5FXFA,B000E6UZAK,CDs_and_Vinyl,1161686695000
AFW2PDT3AMT4X3PYQG7FJZH5FXFA,B000FOQ0QO,CDs_and_Vinyl,1153696854000
AFW2PDT3AMT4X3PYQG7FJZH5FXFA,B00009VU2U,CDs_and_Vinyl,1150195333000
AFW2PDT3AMT4X3PYQG7FJZH5FXFA,B00009B8FE,CDs_and_Vinyl,1144584092000
AFW2PDT3AMT4X3PYQG7FJZH5FXFA,B00005R7VN,CDs_and_Vinyl,1142419415000
AFW2PDT3AMT4X3PYQG7FJZH5FXFA,B000CD0P8M,CDs_and_Vinyl,1138302707000
AFW2PDT3AMT4X3PYQG7FJZH5FXFA,B00068V37A,CDs_and_Vinyl,1137359437000
AFW2PDT3AMT4X3PYQG7FJZH5FXFA,B0006SSNPA,CDs_and_Vinyl,1137347872000
AFW2PDT3AMT4X3PYQG7FJZH5FXFA,B0002U6GFQ,CDs_and_Vinyl,1134347243000
AFW2PDT3AMT4X3PYQG7FJZH5FXFA,B0000658AS,CDs_and_Vinyl,1133567962000
AFW2PDT3AMT4X3PYQG7FJZH5FXFA,B0002YCVQK,CDs_and_Vinyl,1133463449000
AFW2PDT3AMT4X3PYQG7FJZH5FXFA,B000002N3H,CDs_and_Vinyl,1133223415000
AFW2PDT3AMT4X3PYQG7FJZH5FXFA,B000BYRC0G,CDs_and_Vinyl,1133024601000
AFW2PDT3AMT4X3PYQG7FJZH5FXFA,B0007GAEGC,CDs_and_Vinyl,1133010730000
AFW2PDT3AMT4X3PYQG7FJZH5FXFA,B000001KF3,CDs_and_Vinyl,1132612609000
AFW2PDT3AMT4X3PYQG7FJZH5FXFA,B000BDIWUQ,CDs_and_Vinyl,1132109269000
AFW2PDT3AMT4X3PYQG7FJZH5FXFA,B000BRBGJ6,CDs_and_Vinyl,1132095470000
AFW2PDT3AMT4X3PYQG7FJZH5FXFA,B0000DG06V,CDs_and_Vinyl,1130016923000
AFW2PDT3AMT4X3PYQG7FJZH5FXFA,B000001M2I,CDs_and_Vinyl,1127009785000
AFW2PDT3AMT4X3PYQG7FJZH5FXFA,B0002LMQBS,CDs_and_Vinyl,1126567287000
AFW2PDT3AMT4X3PYQG7FJZH5FXFA,B0002O09KA,CDs_and_Vinyl,1126566227000
AFW2PDT3AMT4X3PYQG7FJZH5FXFA,B000006SNG,CDs_and_Vinyl,1109813880000
AFW2PDT3AMT4X3PYQG7FJZH5FXFA,B0001AVZEE,CDs_and_Vinyl,1108253351000
AFW2PDT3AMT4X3PYQG7FJZH5FXFA,B00026WT42,CDs_and_Vinyl,1107523045000
AFW2PDT3AMT4X3PYQG7FJZH5FXFA,B000007U0Q,CDs_and_Vinyl,1105749954000
AFW2PDT3AMT4X3PYQG7FJZH5FXFA,B00061QJ6W,CDs_and_Vinyl,1100040531000
AFW2PDT3AMT4X3PYQG7FJZH5FXFA,B00009QGAN,CDs_and_Vinyl,1099706439000
AFW2PDT3AMT4X3PYQG7FJZH5FXFA,B0000SWN9I,CDs_and_Vinyl,1097753284000
AFW2PDT3AMT4X3PYQG7FJZH5FXFA,B0000YTQBA,CDs_and_Vinyl,1097752182000
AFW2PDT3AMT4X3PYQG7FJZH5FXFA,B00003Q4SW,CDs_and_Vinyl,1096853775000
AFW2PDT3AMT4X3PYQG7FJZH5FXFA,B0001DMUMW,CDs_and_Vinyl,1091931132000
AFW2PDT3AMT4X3PYQG7FJZH5FXFA,B000067FSG,CDs_and_Vinyl,1091930194000
AFW2PDT3AMT4X3PYQG7FJZH5FXFA,B00000AFYL,CDs_and_Vinyl,1086781881000
AFW2PDT3AMT4X3PYQG7FJZH5FXFA,B000168ACI,CDs_and_Vinyl,1084111922000
AFW2PDT3AMT4X3PYQG7FJZH5FXFA,B0000E6EIR,CDs_and_Vinyl,1080565355000
AFW2PDT3AMT4X3PYQG7FJZH5FXFA,B0000UJK6K,CDs_and_Vinyl,1076597467000
AFW2PDT3AMT4X3PYQG7FJZH5FXFA,B0000E6XHK,CDs_and_Vinyl,1074480228000
AFW2PDT3AMT4X3PYQG7FJZH5FXFA,B0000X2DJS,CDs_and_Vinyl,1074479569000
AFW2PDT3AMT4X3PYQG7FJZH5FXFA,B0000CFW87,CDs_and_Vinyl,1074124296000
AFW2PDT3AMT4X3PYQG7FJZH5FXFA,B0000E32X7,CDs_and_Vinyl,1074124038000
AFW2PDT3AMT4X3PYQG7FJZH5FXFA,B0000V0DE2,CDs_and_Vinyl,1074042344000
AFW2PDT3AMT4X3PYQG7FJZH5FXFA,B0000683FF,CDs_and_Vinyl,1073771106000
AFW2PDT3AMT4X3PYQG7FJZH5FXFA,B00007MB2F,CDs_and_Vinyl,1069342652000
AFW2PDT3AMT4X3PYQG7FJZH5FXFA,B0000DJZ7W,CDs_and_Vinyl,1068557321000
AFW2PDT3AMT4X3PYQG7FJZH5FXFA,B0000DF3PN,CDs_and_Vinyl,1068356916000
AFW2PDT3AMT4X3PYQG7FJZH5FXFA,B000050HZW,CDs_and_Vinyl,1062370672000
AFW2PDT3AMT4X3PYQG7FJZH5FXFA,B00008W2QZ,CDs_and_Vinyl,1055639347000
AFW2PDT3AMT4X3PYQG7FJZH5FXFA,B00008NGCS,CDs_and_Vinyl,1054312989000
AFW2PDT3AMT4X3PYQG7FJZH5FXFA,B00006I4YD,CDs_and_Vinyl,1045180772000
AFW2PDT3AMT4X3PYQG7FJZH5FXFA,B00007EB6T,CDs_and_Vinyl,1043377577000
AFW2PDT3AMT4X3PYQG7FJZH5FXFA,B00006JJ1O,CDs_and_Vinyl,1043323333000
AFW2PDT3AMT4X3PYQG7FJZH5FXFA,B00006SM8O,CDs_and_Vinyl,1042940271000
AFW2PDT3AMT4X3PYQG7FJZH5FXFA,B00006FX40,CDs_and_Vinyl,1039172544000
AFW2PDT3AMT4X3PYQG7FJZH5FXFA,B00006LSKR,CDs_and_Vinyl,1038679700000
AFW2PDT3AMT4X3PYQG7FJZH5FXFA,B000069KBC,CDs_and_Vinyl,1034846874000
AFW2PDT3AMT4X3PYQG7FJZH5FXFA,B00005A88N,CDs_and_Vinyl,1031730698000
AFW2PDT3AMT4X3PYQG7FJZH5FXFA,B000068PW9,CDs_and_Vinyl,1026955661000
AFW2PDT3AMT4X3PYQG7FJZH5FXFA,B000001GBJ,CDs_and_Vinyl,1025543672000
AFW2PDT3AMT4X3PYQG7FJZH5FXFA,B00001IVQN,CDs_and_Vinyl,1023033065000
AFW2PDT3AMT4X3PYQG7FJZH5FXFA,B0000007HY,CDs_and_Vinyl,1019478482000
AFW2PDT3AMT4X3PYQG7FJZH5FXFA,B00005O54O,CDs_and_Vinyl,1019477613000
AFW2PDT3AMT4X3PYQG7FJZH5FXFA,B000000HY6,CDs_and_Vinyl,1018401917000
AFW2PDT3AMT4X3PYQG7FJZH5FXFA,B00004TZYF,CDs_and_Vinyl,1018214497000
AFW2PDT3AMT4X3PYQG7FJZH5FXFA,6305614350,CDs_and_Vinyl,1017670097000
AFW2PDT3AMT4X3PYQG7FJZH5FXFA,B00005J9XR,CDs_and_Vinyl,1017629334000
AFW2PDT3AMT4X3PYQG7FJZH5FXFA,B00004WZOL,CDs_and_Vinyl,1017627414000
AFW2PDT3AMT4X3PYQG7FJZH5FXFA,B00005TQ2N,CDs_and_Vinyl,1017063110000
AFW2PDT3AMT4X3PYQG7FJZH5FXFA,B000063207,CDs_and_Vinyl,1016559066000
AFW2PDT3AMT4X3PYQG7FJZH5FXFA,B00000IAU3,CDs_and_Vinyl,1015797561000
AFW2PDT3AMT4X3PYQG7FJZH5FXFA,B00000J7W6,CDs_and_Vinyl,1015548843000
AFW2PDT3AMT4X3PYQG7FJZH5FXFA,B000005S58,CDs_and_Vinyl,1015347939000
AFW2PDT3AMT4X3PYQG7FJZH5FXFA,B000002G18,CDs_and_Vinyl,1015346678000
AFW2PDT3AMT4X3PYQG7FJZH5FXFA,B00005O6PA,CDs_and_Vinyl,1014859275000
AFW2PDT3AMT4X3PYQG7FJZH5FXFA,B00005IBZG,CDs_and_Vinyl,1013316567000
AFW2PDT3AMT4X3PYQG7FJZH5FXFA,B000007Q6L,CDs_and_Vinyl,1011932104000
AFW2PDT3AMT4X3PYQG7FJZH5FXFA,B00005A9NK,CDs_and_Vinyl,1011877629000
AFW2PDT3AMT4X3PYQG7FJZH5FXFA,B000050A7K,CDs_and_Vinyl,1011743795000
AFW2PDT3AMT4X3PYQG7FJZH5FXFA,B00005O6EH,CDs_and_Vinyl,1011466881000
AFW2PDT3AMT4X3PYQG7FJZH5FXFA,B000009MV1,CDs_and_Vinyl,1011463741000
AFW2PDT3AMT4X3PYQG7FJZH5FXFA,B00005R2M3,CDs_and_Vinyl,1011449386000
AFW2PDT3AMT4X3PYQG7FJZH5FXFA,B000005DDI,CDs_and_Vinyl,1011146383000
AFW2PDT3AMT4X3PYQG7FJZH5FXFA,B00003IQJ1,CDs_and_Vinyl,1007334001000
AFW2PDT3AMT4X3PYQG7FJZH5FXFA,B00000D9TK,CDs_and_Vinyl,1007332096000
AFW2PDT3AMT4X3PYQG7FJZH5FXFA,B00005TZAV,CDs_and_Vinyl,1007072121000
AFW2PDT3AMT4X3PYQG7FJZH5FXFA,B00004NKBF,CDs_and_Vinyl,1007070688000
AFW2PDT3AMT4X3PYQG7FJZH5FXFA,B00005RGNI,CDs_and_Vinyl,1006256078000
AFW2PDT3AMT4X3PYQG7FJZH5FXFA,B000001387,CDs_and_Vinyl,1005533600000
AFW2PDT3AMT4X3PYQG7FJZH5FXFA,B00004SBWU,CDs_and_Vinyl,1004793196000
AFW2PDT3AMT4X3PYQG7FJZH5FXFA,B00004RDJG,CDs_and_Vinyl,1004767393000
AFW2PDT3AMT4X3PYQG7FJZH5FXFA,B00005RDCQ,CDs_and_Vinyl,1003923588000
AFW2PDT3AMT4X3PYQG7FJZH5FXFA,B00000DCIT,CDs_and_Vinyl,1003362405000
AFW2PDT3AMT4X3PYQG7FJZH5FXFA,B00005NBYS,CDs_and_Vinyl,1002999083000
AFW2PDT3AMT4X3PYQG7FJZH5FXFA,B00003000W,CDs_and_Vinyl,1002998381000
AFW2PDT3AMT4X3PYQG7FJZH5FXFA,B00000BIBG,CDs_and_Vinyl,1002995858000
AFW2PDT3AMT4X3PYQG7FJZH5FXFA,B00005NTQB,CDs_and_Vinyl,1002934761000
AFW2PDT3AMT4X3PYQG7FJZH5FXFA,B000003P1F,CDs_and_Vinyl,1002837095000
AFW2PDT3AMT4X3PYQG7FJZH5FXFA,B000002BSG,CDs_and_Vinyl,1002834952000
AFW2PDT3AMT4X3PYQG7FJZH5FXFA,B00004SVJL,CDs_and_Vinyl,1002834043000
AFW2PDT3AMT4X3PYQG7FJZH5FXFA,B0000003CG,CDs_and_Vinyl,1002674799000
AFW2PDT3AMT4X3PYQG7FJZH5FXFA,B000008919,CDs_and_Vinyl,1002668436000
AFW2PDT3AMT4X3PYQG7FJZH5FXFA,B00005MB0K,CDs_and_Vinyl,1002668177000
AFW2PDT3AMT4X3PYQG7FJZH5FXFA,B000001O9Z,CDs_and_Vinyl,1002664758000
AFW2PDT3AMT4X3PYQG7FJZH5FXFA,B00004TQPQ,CDs_and_Vinyl,996933878000
AFW2PDT3AMT4X3PYQG7FJZH5FXFA,B0000501CN,CDs_and_Vinyl,996262389000
AFW2PDT3AMT4X3PYQG7FJZH5FXFA,B00005ALLX,CDs_and_Vinyl,992192466000
AFW2PDT3AMT4X3PYQG7FJZH5FXFA,B00005IAFT,CDs_and_Vinyl,991767378000
AFW2PDT3AMT4X3PYQG7FJZH5FXFA,B000002M7V,CDs_and_Vinyl,986957927000
AFW2PDT3AMT4X3PYQG7FJZH5FXFA,B00002EPMB,CDs_and_Vinyl,986834517000
AFW2PDT3AMT4X3PYQG7FJZH5FXFA,B00000G436,CDs_and_Vinyl,986833225000
AFW2PDT3AMT4X3PYQG7FJZH5FXFA,B000000X5L,CDs_and_Vinyl,976889734000
AFW2PDT3AMT4X3PYQG7FJZH5FXFA,B00004I9UO,CDs_and_Vinyl,976207836000
AFW2PDT3AMT4X3PYQG7FJZH5FXFA,B00001ZTFD,CDs_and_Vinyl,966823476000
AFW2PDT3AMT4X3PYQG7FJZH5FXFA,B00001ZU8V,CDs_and_Vinyl,964017640000
AFW2PDT3AMT4X3PYQG7FJZH5FXFA,B00004SASQ,CDs_and_Vinyl,964014957000
AFW2PDT3AMT4X3PYQG7FJZH5FXFA,B0000026XT,CDs_and_Vinyl,963584970000
AFW2PDT3AMT4X3PYQG7FJZH5FXFA,B000005CM0,CDs_and_Vinyl,961464908000
AFW2PDT3AMT4X3PYQG7FJZH5FXFA,B000026HJM,CDs_and_Vinyl,960764896000
AFW2PDT3AMT4X3PYQG7FJZH5FXFA,B000000X8L,CDs_and_Vinyl,953213908000
AHSAUHUTLVNKJ72GUIPGI5XZH6ZA,B0091N0F20,CDs_and_Vinyl,1545920785559
AHE2H77LQCUDXIXFI46LFDCVKJNQ,B01LZZPQB3,CDs_and_Vinyl,1589328702170
AHE2H77LQCUDXIXFI46LFDCVKJNQ,B074L7WKJX,CDs_and_Vinyl,1586802149660
AFQYT7EAPIHCFFCHKNSOSFJH76KQ,B000007XP1,CDs_and_Vinyl,1517089650620
AFQYT7EAPIHCFFCHKNSOSFJH76KQ,B01KV3ZWYE,CDs_and_Vinyl,1487035094000
AFQYT7EAPIHCFFCHKNSOSFJH76KQ,B00062135I,CDs_and_Vinyl,1487035028000
AFQYT7EAPIHCFFCHKNSOSFJH76KQ,B00006LA1K,CDs_and_Vinyl,1486688232000
AFQYT7EAPIHCFFCHKNSOSFJH76KQ,B000009CCR,CDs_and_Vinyl,1486688137000
AFQYT7EAPIHCFFCHKNSOSFJH76KQ,B0001XAPAG,CDs_and_Vinyl,1486688120000
AFQYT7EAPIHCFFCHKNSOSFJH76KQ,B009VJFAGA,CDs_and_Vinyl,1486687385000
AFQYT7EAPIHCFFCHKNSOSFJH76KQ,B0006H0FGG,CDs_and_Vinyl,1486517113000
AFQYT7EAPIHCFFCHKNSOSFJH76KQ,B00NVB0FRI,CDs_and_Vinyl,1486516857000
AFQYT7EAPIHCFFCHKNSOSFJH76KQ,B0091V6TD6,CDs_and_Vinyl,1486516769000
AFQYT7EAPIHCFFCHKNSOSFJH76KQ,B000002Q7L,CDs_and_Vinyl,1486516691000
AFQYT7EAPIHCFFCHKNSOSFJH76KQ,B008U3NUBU,CDs_and_Vinyl,1485310702000
AFQYT7EAPIHCFFCHKNSOSFJH76KQ,B00NF4POUY,CDs_and_Vinyl,1485310443000
AFQYT7EAPIHCFFCHKNSOSFJH76KQ,B000002T19,CDs_and_Vinyl,1485111079000
AFQYT7EAPIHCFFCHKNSOSFJH76KQ,B00FE1KM08,CDs_and_Vinyl,1449191643000
AFQYT7EAPIHCFFCHKNSOSFJH76KQ,B000000DIM,CDs_and_Vinyl,1356232257000
AFQYT7EAPIHCFFCHKNSOSFJH76KQ,B000K2UG5C,CDs_and_Vinyl,1327161457000
AFQYT7EAPIHCFFCHKNSOSFJH76KQ,B0041W565M,CDs_and_Vinyl,1327161246000
AFQYT7EAPIHCFFCHKNSOSFJH76KQ,B000006CJ7,CDs_and_Vinyl,1302974671000
AHNLARH6XR2FFGAR55JXWUYBUNAQ,B000165DV4,CDs_and_Vinyl,1406488178000
AHNLARH6XR2FFGAR55JXWUYBUNAQ,B000003FNK,CDs_and_Vinyl,1406488142000
AHYB7U5MR2OG5BJPAVS5K5AZQCSA,B01M3VA2A6,CDs_and_Vinyl,1483933387000
AHYB7U5MR2OG5BJPAVS5K5AZQCSA,B01DO6LC44,CDs_and_Vinyl,1473716428000
AHYB7U5MR2OG5BJPAVS5K5AZQCSA,B01EM59I7O,CDs_and_Vinyl,1470846110000
AEMJ2EG5ODOCYUTI54NBXZHDJGSQ,B000002IWP,CDs_and_Vinyl,1476458005000
AEHWUHNTB5FX32HJ7UBOZ2WWUX3Q,B06WWJ8N47,CDs_and_Vinyl,1562103556925
AHU3XZZH2PVAH3WH2LXMIB5JQSLA,B092XPNQCH,CDs_and_Vinyl,1626898113530
AHU3XZZH2PVAH3WH2LXMIB5JQSLA,B0018CK5RW,CDs_and_Vinyl,1226729068000
AHIP7ZFRI55JRNAHI6FQRKW72JWA,B01LPBO5W6,CDs_and_Vinyl,1514307626456
AFAX43IN46NU5GHTTOOON3EQNW2A,B003U8G5QC,CDs_and_Vinyl,1669489404887
AFAX43IN46NU5GHTTOOON3EQNW2A,B00YUUA1G4,CDs_and_Vinyl,1452827699000
AHQE5UGNEVWAJN6X7JN6RNQTIPWQ,B000002KGT,CDs_and_Vinyl,1518048556705
AHQE5UGNEVWAJN6X7JN6RNQTIPWQ,B000001FPE,CDs_and_Vinyl,1499128828540
AHQE5UGNEVWAJN6X7JN6RNQTIPWQ,B00S2SYW4W,CDs_and_Vinyl,1499125560991
AFGJZAE7ZA7QGNDK6JNTHY6XEESA,B07RP4V96G,CDs_and_Vinyl,1629310848712
AGUQFBJGLRCTSY42ZQJDKNF7ZQRQ,B005CK76ZA,CDs_and_Vinyl,1456424727000
AGUQFBJGLRCTSY42ZQJDKNF7ZQRQ,B000AMSROE,CDs_and_Vinyl,1456423554000
AGUQFBJGLRCTSY42ZQJDKNF7ZQRQ,B000UE64PQ,CDs_and_Vinyl,1456423377000
AGUQFBJGLRCTSY42ZQJDKNF7ZQRQ,B008GX2YS4,CDs_and_Vinyl,1456421605000
AGUQFBJGLRCTSY42ZQJDKNF7ZQRQ,B00FPVHPP2,CDs_and_Vinyl,1456421435000
AGUQFBJGLRCTSY42ZQJDKNF7ZQRQ,B001U7WUW8,CDs_and_Vinyl,1456420891000
AGUQFBJGLRCTSY42ZQJDKNF7ZQRQ,B0001J3VI8,CDs_and_Vinyl,1456420269000
AGUQFBJGLRCTSY42ZQJDKNF7ZQRQ,B00UOAY7X2,CDs_and_Vinyl,1456419635000
AGUQFBJGLRCTSY42ZQJDKNF7ZQRQ,B002ZIABPO,CDs_and_Vinyl,1456418882000
AGUQFBJGLRCTSY42ZQJDKNF7ZQRQ,B00B9GCX8Q,CDs_and_Vinyl,1456418866000
AGUQFBJGLRCTSY42ZQJDKNF7ZQRQ,B0041TM4NC,CDs_and_Vinyl,1456418467000
AGUQFBJGLRCTSY42ZQJDKNF7ZQRQ,B015EYVWNU,CDs_and_Vinyl,1456418327000
AGUQFBJGLRCTSY42ZQJDKNF7ZQRQ,B0012SY0K0,CDs_and_Vinyl,1456417620000
AGUQFBJGLRCTSY42ZQJDKNF7ZQRQ,B000002KBT,CDs_and_Vinyl,1456344261000
AGUQFBJGLRCTSY42ZQJDKNF7ZQRQ,B0117JH2SK,CDs_and_Vinyl,1456340626000
AGUQFBJGLRCTSY42ZQJDKNF7ZQRQ,B00IEPPU0I,CDs_and_Vinyl,1456340455000
AGUQFBJGLRCTSY42ZQJDKNF7ZQRQ,B015EYVXL6,CDs_and_Vinyl,1456340014000
AGUQFBJGLRCTSY42ZQJDKNF7ZQRQ,B00C3JUBL4,CDs_and_Vinyl,1456339786000
AGUQFBJGLRCTSY42ZQJDKNF7ZQRQ,B01768Y67Q,CDs_and_Vinyl,1453515922000
AGUQFBJGLRCTSY42ZQJDKNF7ZQRQ,B00N29D6P2,CDs_and_Vinyl,1453515779000
AGUQFBJGLRCTSY42ZQJDKNF7ZQRQ,B005STGJEO,CDs_and_Vinyl,1433499515000
AGUQFBJGLRCTSY42ZQJDKNF7ZQRQ,B001AI1QVI,CDs_and_Vinyl,1433499321000
AGUQFBJGLRCTSY42ZQJDKNF7ZQRQ,B00K5P3BKQ,CDs_and_Vinyl,1433497079000
AFKZENTNBQ7A7V7UXW5JJI6UGRYQ,B08L6L3X1S,Cell_Phones_and_Accessories,1612044451196
AFKZENTNBQ7A7V7UXW5JJI6UGRYQ,B079BPGF6C,Cell_Phones_and_Accessories,1534443517349
AGCI7FAH4GL5FI65HYLKWTMFZ2CQ,B0BBGGC8F2,Cell_Phones_and_Accessories,1629235304798
AGCI7FAH4GL5FI65HYLKWTMFZ2CQ,B07XRDHDNQ,Cell_Phones_and_Accessories,1590470082910
AGCI7FAH4GL5FI65HYLKWTMFZ2CQ,B00A8ZDL9Y,Cell_Phones_and_Accessories,1408994588000
AGXVBIUFLFGMVLATYXHJYL4A5Q7Q,B0BX2GG16C,Cell_Phones_and_Accessories,1646753573910
AGXVBIUFLFGMVLATYXHJYL4A5Q7Q,B09DCT39P2,Cell_Phones_and_Accessories,1644932513079
AGXVBIUFLFGMVLATYXHJYL4A5Q7Q,B07CKPPSB4,Cell_Phones_and_Accessories,1485870336000
AGXVBIUFLFGMVLATYXHJYL4A5Q7Q,B00W3C3ISY,Cell_Phones_and_Accessories,1461331211000
AGKHLEW2SOWHNMFQIJGBECAF7INQ,B07NPMQPS9,Cell_Phones_and_Accessories,1557757311964
AGKHLEW2SOWHNMFQIJGBECAF7INQ,B09TSCZWX5,Cell_Phones_and_Accessories,1557757060457
AGKHLEW2SOWHNMFQIJGBECAF7INQ,B01JTI3VIG,Cell_Phones_and_Accessories,1557756883381
AGKHLEW2SOWHNMFQIJGBECAF7INQ,B06VXYPWMC,Cell_Phones_and_Accessories,1530231902311
AGKHLEW2SOWHNMFQIJGBECAF7INQ,B08FLGTLBQ,Cell_Phones_and_Accessories,1530231753869
AGKHLEW2SOWHNMFQIJGBECAF7INQ,B01LVXS6C0,Cell_Phones_and_Accessories,1519316898712
AGKHLEW2SOWHNMFQIJGBECAF7INQ,B0719X5WJ5,Cell_Phones_and_Accessories,1504830208331
AFE337D2J37YRU5U6MVTVKNDKWDA,B07KJH11VV,Cell_Phones_and_Accessories,1606781266760
AGBFYI2DDIKXC5Y4FARTYDTQBMFQ,B0746YX7J7,Cell_Phones_and_Accessories,1540324237308
AFTC6ZR5IKNRDG5JCPVNVMU3XV2Q,B0C5XPBMHM,Cell_Phones_and_Accessories,1599158604740
AFTC6ZR5IKNRDG5JCPVNVMU3XV2Q,B00UH8KUMS,Cell_Phones_and_Accessories,1434660130000
AFTC6ZR5IKNRDG5JCPVNVMU3XV2Q,B07C54VTKV,Cell_Phones_and_Accessories,1427591745000
AEAUZK2OLWXD75AWJOCCGGCL3H2A,B07QWRVFCB,Cell_Phones_and_Accessories,1596029771117
AFQLNQNQYFWQZPJQZS6V3NZU4QBQ,B085ZY4L3L,Cell_Phones_and_Accessories,1612034170395
AFQLNQNQYFWQZPJQZS6V3NZU4QBQ,B085HFJCKW,Cell_Phones_and_Accessories,1606084321645
AHITBJSS7KYUBVZPX7M2WJCOIVKQ,B07LBCWZ2N,Cell_Phones_and_Accessories,1583949112740
AHITBJSS7KYUBVZPX7M2WJCOIVKQ,B00JRGOKQ8,Cell_Phones_and_Accessories,1449795457000
AHITBJSS7KYUBVZPX7M2WJCOIVKQ,B07C3P4M89,Cell_Phones_and_Accessories,1432345302000
AHITBJSS7KYUBVZPX7M2WJCOIVKQ,B00NG1HS0K,Cell_Phones_and_Accessories,1432341709000
AHVC23XPR4J63SSNSIRNG4H6AEWQ,B07H6WFXJ5,Cell_Phones_and_Accessories,1540349700671
AHVC23XPR4J63SSNSIRNG4H6AEWQ,B07K6J2WPN,Cell_Phones_and_Accessories,1495246335000
AFEIN7QWSQ6EFW45LKD7ZOCSMLGQ,B07WL84BCC,Cell_Phones_and_Accessories,1615589329739
AFEIN7QWSQ6EFW45LKD7ZOCSMLGQ,B07P9S6R9Y,Cell_Phones_and_Accessories,1561915400876
AHBHMMUTJ5W3SZUHVKUP35ZYKUHA,B07BRL1N66,Cell_Phones_and_Accessories,1583639334096
AHBHMMUTJ5W3SZUHVKUP35ZYKUHA,B072TWQGC4,Cell_Phones_and_Accessories,1566242121849
AHBHMMUTJ5W3SZUHVKUP35ZYKUHA,B07C98WKRX,Cell_Phones_and_Accessories,1555714366876
AFJTRBXMURLHS5EGNXLUHDHIZRFQ,B07WLLLTNZ,Cell_Phones_and_Accessories,1649706650086
AFJTRBXMURLHS5EGNXLUHDHIZRFQ,B08J4JYD47,Cell_Phones_and_Accessories,1647645304652
AHSPLDNW5OOUK2PLH7GXLACFBZNQ,B07TJ2H9JB,Cell_Phones_and_Accessories,1435699462000
AHWWLSPCJMALVHDDVSUGICL6RUCA,B0BW8D4VC2,Cell_Phones_and_Accessories,1673301265927
AGBUJDDLRJIUJFTKPABJT6CJTHRQ,B09JSXJ7X3,Cell_Phones_and_Accessories,1576168322121
AGXFEGMNVCSTSYYA5UWXDV7AFSXA,B07F9NWV45,Cell_Phones_and_Accessories,1567786749793
AGXFEGMNVCSTSYYA5UWXDV7AFSXA,B00THPVPQW,Cell_Phones_and_Accessories,1497461526136
AGXFEGMNVCSTSYYA5UWXDV7AFSXA,B00ILGTQXM,Cell_Phones_and_Accessories,1484578547000
AGXFEGMNVCSTSYYA5UWXDV7AFSXA,B004Y075QY,Cell_Phones_and_Accessories,1350319477000
AEFKF6R2GUSK2AWPSWRR4ZO36JVQ,B08FFYDFR4,Cell_Phones_and_Accessories,1532071420446
AEFKF6R2GUSK2AWPSWRR4ZO36JVQ,B002AUHDZI,Cell_Phones_and_Accessories,1411381008000
AF4BOHAQZZBMDYP7B6IWIKQNHTCA,B077GVWVK2,Cell_Phones_and_Accessories,1525040589301
AFOXGPLG5WFK3D3ALTCXFQNPWZPQ,B07BYPFBJ5,Cell_Phones_and_Accessories,1554909771447
AFFR7R7ADZWGXB57TLBOHHSFC53A,B09YLZXLWN,Cell_Phones_and_Accessories,1673987079443
AFO6QN6ICKWUFQV3UEWK5EECIQTQ,B00HM8V9SK,Cell_Phones_and_Accessories,1437787304000
AFO6QN6ICKWUFQV3UEWK5EECIQTQ,B00O2HJNJG,Cell_Phones_and_Accessories,1429587433000
AFO6QN6ICKWUFQV3UEWK5EECIQTQ,B00P3BSDOG,Cell_Phones_and_Accessories,1429586947000
AFO6QN6ICKWUFQV3UEWK5EECIQTQ,B00IYL5NVS,Cell_Phones_and_Accessories,1418849496000
AFO6QN6ICKWUFQV3UEWK5EECIQTQ,B00KKRRT0C,Cell_Phones_and_Accessories,1417763405000
AET3VOB7PYHAKDAPEDTFGPSEE6QQ,B0C46FWSFN,Cell_Phones_and_Accessories,1544551095195
AET3VOB7PYHAKDAPEDTFGPSEE6QQ,B00EYNRJOE,Cell_Phones_and_Accessories,1409721104000
AH4MB6HER73XDOV6I4ICPNT24YQQ,B095RTJH1M,Cell_Phones_and_Accessories,1651627540893
AHFY2QSS6PK5MHSYZFI6TXUYNPLQ,B09JSS5V6P,Cell_Phones_and_Accessories,1643469993017
AGMJ3EMDVL6OWBJF7CA5RGJLXN5A,B09GJCZ13C,Cell_Phones_and_Accessories,1549398523227
AEZGPLOYTSAPR3DHZKKXEFPAXUAA,B089FCB4VD,Cell_Phones_and_Accessories,1612047849155
AHCPZDDPHJE3G7M6ST5WGRPLXHOA,B00UCZGS6S,Cell_Phones_and_Accessories,1650590678172
AHCPZDDPHJE3G7M6ST5WGRPLXHOA,B094JDBYDR,Cell_Phones_and_Accessories,1631912805512
AHCPZDDPHJE3G7M6ST5WGRPLXHOA,B08GQHJXG7,Cell_Phones_and_Accessories,1631912671493
AEWJXW46LKSW22FWTGRYTLNE7TGA,B076HNKY9N,Cell_Phones_and_Accessories,1515884243625
AEWJXW46LKSW22FWTGRYTLNE7TGA,B00P8XBNQY,Cell_Phones_and_Accessories,1515883477778
AFUZ5E7QAHSVTLIY253GFAYZPN2Q,B084VNCBNZ,Cell_Phones_and_Accessories,1620504196829
AFUZ5E7QAHSVTLIY253GFAYZPN2Q,B07MW7ZQVN,Cell_Phones_and_Accessories,1611422480932
AHXBL3QDWZGJYH7A5CMPFNUPMF7Q,B084JC91M4,Cell_Phones_and_Accessories,1650242204589
AHXBL3QDWZGJYH7A5CMPFNUPMF7Q,B004L08BAG,Cell_Phones_and_Accessories,1522885335838
AHXBL3QDWZGJYH7A5CMPFNUPMF7Q,B00T6PKDAC,Cell_Phones_and_Accessories,1457280822000
AGMXMZWCPYOPWYT3AGRU25Y7QLOQ,B085G326QJ,Cell_Phones_and_Accessories,1591475363847
AGMXMZWCPYOPWYT3AGRU25Y7QLOQ,B08CBVHHHX,Cell_Phones_and_Accessories,1540320418298
AGPR2UDFIJJCBA3EKFEEAJBWKROQ,B08M3G4H3K,Cell_Phones_and_Accessories,1641591170067
AGPR2UDFIJJCBA3EKFEEAJBWKROQ,B07CJXFXGC,Cell_Phones_and_Accessories,1455295628000
AHOEIYJJHZ7ITX75BOFQYNXVVJQQ,B08M636GG3,Cell_Phones_and_Accessories,1677845517223
AHOEIYJJHZ7ITX75BOFQYNXVVJQQ,B0BST1WHNG,Cell_Phones_and_Accessories,1659508145365
AHOEIYJJHZ7ITX75BOFQYNXVVJQQ,B0BQ2H896H,Cell_Phones_and_Accessories,1643906617488
AHOEIYJJHZ7ITX75BOFQYNXVVJQQ,B0921JG3RC,Cell_Phones_and_Accessories,1643906098659
AHOEIYJJHZ7ITX75BOFQYNXVVJQQ,B08K34Z486,Cell_Phones_and_Accessories,1620265145114
AHOEIYJJHZ7ITX75BOFQYNXVVJQQ,B08T95LBMF,Cell_Phones_and_Accessories,1620264886453
AGMF7G6Y5WX4WXHQUZXSBWZHEJIQ,B009GB19KY,Cell_Phones_and_Accessories,1356567092000
AEQAYV7RXZEBXMQIQPL6KCT2CFWQ,B08HWTDRV3,Cell_Phones_and_Accessories,1642724330057
AEQAYV7RXZEBXMQIQPL6KCT2CFWQ,B07WSHG48C,Cell_Phones_and_Accessories,1630752791414
AEQAYV7RXZEBXMQIQPL6KCT2CFWQ,B07BLVTHJL,Cell_Phones_and_Accessories,1582476731653
AEQAYV7RXZEBXMQIQPL6KCT2CFWQ,B07WYWRDYF,Cell_Phones_and_Accessories,1582460171373
AEQAYV7RXZEBXMQIQPL6KCT2CFWQ,B0781Z6MYV,Cell_Phones_and_Accessories,1565309118491
AEQAYV7RXZEBXMQIQPL6KCT2CFWQ,B07HGTYRGX,Cell_Phones_and_Accessories,1565308749832
AFNT6ZJCYQN3WDIKUSWHJDXNND2Q,B06XPZ91TY,Cell_Phones_and_Accessories,1442351309000
AHUVQ4UNB2JGV6MY4ZT75SZLPUBQ,B0C145R812,Cell_Phones_and_Accessories,1658349331205
AF232QQ7UDHGQOVR6LZ3X7ZVQ3ZA,B00Z7S5230,Cell_Phones_and_Accessories,1504973131932
AEVPPTMG43C6GWSR7I2UGRQN7WFQ,B09TZQDTLQ,Cell_Phones_and_Accessories,1673202172768
AEVPPTMG43C6GWSR7I2UGRQN7WFQ,B0BC1R1LLF,Cell_Phones_and_Accessories,1668104013106
AEVPPTMG43C6GWSR7I2UGRQN7WFQ,B0BX6DQJKH,Cell_Phones_and_Accessories,1666302132667
AEVPPTMG43C6GWSR7I2UGRQN7WFQ,B0964FM6D3,Cell_Phones_and_Accessories,1638908399141
AEVPPTMG43C6GWSR7I2UGRQN7WFQ,B0964JVN31,Cell_Phones_and_Accessories,1638908339158
AEVPPTMG43C6GWSR7I2UGRQN7WFQ,B07XH1QWJ7,Cell_Phones_and_Accessories,1611191271232
AHREXOGQPZDA6354MHH4ETSF3MCQ,B0B7N6BZ2G,Cell_Phones_and_Accessories,1672507312804
AHREXOGQPZDA6354MHH4ETSF3MCQ,B0C5BG1MDQ,Cell_Phones_and_Accessories,1670342646896
AHREXOGQPZDA6354MHH4ETSF3MCQ,B096Z37B7R,Cell_Phones_and_Accessories,1669693081775
AHREXOGQPZDA6354MHH4ETSF3MCQ,B09J1GF3CQ,Cell_Phones_and_Accessories,1638849323901
AHREXOGQPZDA6354MHH4ETSF3MCQ,B08CBRYQJ6,Cell_Phones_and_Accessories,1638849139372
AHREXOGQPZDA6354MHH4ETSF3MCQ,B07RCB37LP,Cell_Phones_and_Accessories,1638848965588
AHREXOGQPZDA6354MHH4ETSF3MCQ,B093WX8LHX,Cell_Phones_and_Accessories,1629390520645
AHREXOGQPZDA6354MHH4ETSF3MCQ,B094VCMCVZ,Cell_Phones_and_Accessories,1625006955420
AHREXOGQPZDA6354MHH4ETSF3MCQ,B08VHWV56Q,Cell_Phones_and_Accessories,1620104631809
AHSXXZHYMXDRVKC643TJZYQ7XGYA,B07DMCKZ4Z,Cell_Phones_and_Accessories,1541036187001
AHSXXZHYMXDRVKC643TJZYQ7XGYA,B07FM7YVS3,Cell_Phones_and_Accessories,1541036097212
AH6CATODIVPVUOJEWHRSRCSKAOHA,B092RP9K4Q,Cell_Phones_and_Accessories,1658766295349
AH6CATODIVPVUOJEWHRSRCSKAOHA,B07J6QR15S,Cell_Phones_and_Accessories,1578248880846
AFGUPTDFAWOHHL4LZDV27ERDNOYQ,B0BST1WHNG,Cell_Phones_and_Accessories,1609703013629
AFGUPTDFAWOHHL4LZDV27ERDNOYQ,B08QCHHYXT,Cell_Phones_and_Accessories,1593810324257
AFGUPTDFAWOHHL4LZDV27ERDNOYQ,B07HH4WRJY,Cell_Phones_and_Accessories,1574580953420
AEO4M665ZOCBF7HEFRMTUDHLSB5Q,B0BTVS6T8V,Cell_Phones_and_Accessories,1633137285078
AEO4M665ZOCBF7HEFRMTUDHLSB5Q,B016CDCAQA,Cell_Phones_and_Accessories,1483739296000
AFGGQCSEGPS7EKWJ4GG2L4LV4TKQ,B091C162PV,Cell_Phones_and_Accessories,1627165915371
AEKDF2ANHCJWJQSPSMPV5TNTNZJA,B07V38DS74,Cell_Phones_and_Accessories,1595802406870
AFIWYBPRAGQIAJOBA4QGIKL2BZAQ,B087JM5JK7,Cell_Phones_and_Accessories,1617480023894
AH6PLOGWYIVIWLJTY756BHNFD4YA,B086QW1Q1R,Cell_Phones_and_Accessories,1645290399759
AGFETIUFABYTBKH3H237OWO2FLBA,B0947VL532,Cell_Phones_and_Accessories,1636333097634
AGFETIUFABYTBKH3H237OWO2FLBA,B0967MNTYQ,Cell_Phones_and_Accessories,1635785135217
AEYFU5FQAJYXFREC4KHQ34EGZ3LQ,B084HLCJVR,Cell_Phones_and_Accessories,1599268700400
AEYFU5FQAJYXFREC4KHQ34EGZ3LQ,B07JB5S71F,Cell_Phones_and_Accessories,1538721028114
AEYFU5FQAJYXFREC4KHQ34EGZ3LQ,B07S8GWD75,Cell_Phones_and_Accessories,1520057173080
AEYFU5FQAJYXFREC4KHQ34EGZ3LQ,B06XJLCJMC,Cell_Phones_and_Accessories,1516591816090
AEYFU5FQAJYXFREC4KHQ34EGZ3LQ,B06XXR99Q6,Cell_Phones_and_Accessories,1504476520702
AE3Q6AEWP7Y7CH4N6IWEP4YBNP2A,B0B5XKXVDZ,Cell_Phones_and_Accessories,1646078603429
AEJDETWITK2KGACH7FUBMY33PPSQ,B01NAHOL0Z,Cell_Phones_and_Accessories,1518872394518
AGSMNIT5YGSO35M2YRIE2OZIOSUQ,B08P4MLZZY,Cell_Phones_and_Accessories,1631553634761
AGSMNIT5YGSO35M2YRIE2OZIOSUQ,B08PY31NPQ,Cell_Phones_and_Accessories,1621453490080
AGSMNIT5YGSO35M2YRIE2OZIOSUQ,B08VRXBPM9,Cell_Phones_and_Accessories,1621453384106
AFSKPY37N3C43SOI5IEXEK5JSIYA,B0BKZRQ3CQ,Cell_Phones_and_Accessories,1674481573889
AFSKPY37N3C43SOI5IEXEK5JSIYA,B0BG1YZPWK,Cell_Phones_and_Accessories,1673265198645
AFSKPY37N3C43SOI5IEXEK5JSIYA,B0B7WMDBQY,Cell_Phones_and_Accessories,1669987096095
AFSKPY37N3C43SOI5IEXEK5JSIYA,B0B3RKHQ5X,Cell_Phones_and_Accessories,1661814603072
AFSKPY37N3C43SOI5IEXEK5JSIYA,B0C6FK4YC4,Cell_Phones_and_Accessories,1565870839348
AFSKPY37N3C43SOI5IEXEK5JSIYA,B07KWX2MHJ,Cell_Phones_and_Accessories,1557502713296
AFSKPY37N3C43SOI5IEXEK5JSIYA,B07PFMJ3XG,Cell_Phones_and_Accessories,1557086770170
AFSKPY37N3C43SOI5IEXEK5JSIYA,B07PFNRL3T,Cell_Phones_and_Accessories,1555768000743
AFSKPY37N3C43SOI5IEXEK5JSIYA,B07HJS41N1,Cell_Phones_and_Accessories,1547981473103
AFSKPY37N3C43SOI5IEXEK5JSIYA,B00L47Q4HG,Cell_Phones_and_Accessories,1517224177269
AFSKPY37N3C43SOI5IEXEK5JSIYA,B00MV77GRU,Cell_Phones_and_Accessories,1413842290000
AFSKPY37N3C43SOI5IEXEK5JSIYA,B003Y74AZW,Cell_Phones_and_Accessories,1311859415000
AGCIVNDDRX3PXIUINEG4NCRGWCRA,B017Y3VB0S,Cell_Phones_and_Accessories,1453493204000
AGCPAPUHXYA3EEIL2KGSQTGO5HRA,B08XM55V8P,Cell_Phones_and_Accessories,1593656136445
AFGNIWCBLQT2QIXXKIW7Q6VREZRQ,B0C2PCFMKB,Cell_Phones_and_Accessories,1646194375573
AFGNIWCBLQT2QIXXKIW7Q6VREZRQ,B08HZFF34D,Cell_Phones_and_Accessories,1646194221669
AFGNIWCBLQT2QIXXKIW7Q6VREZRQ,B098QD9V45,Cell_Phones_and_Accessories,1646194067995
AFUOYIZBU3MTBOLYKOJE5Z35MBDA,B002QQCCIO,Cell_Phones_and_Accessories,1447237796000
AG35BKPUEUMX7LV5YLOQ5YCQ3GOA,B0BL6S9FGH,Cell_Phones_and_Accessories,1678551340119
AG35BKPUEUMX7LV5YLOQ5YCQ3GOA,B0BMKP8X1H,Cell_Phones_and_Accessories,1678551114193
AG35BKPUEUMX7LV5YLOQ5YCQ3GOA,B08CVBSWXQ,Cell_Phones_and_Accessories,1613427749123
AG35BKPUEUMX7LV5YLOQ5YCQ3GOA,B07PCQ15B3,Cell_Phones_and_Accessories,1613427593953
AG35BKPUEUMX7LV5YLOQ5YCQ3GOA,B07CSMLTWK,Cell_Phones_and_Accessories,1557761012864
AG35BKPUEUMX7LV5YLOQ5YCQ3GOA,B07H36MNN1,Cell_Phones_and_Accessories,1517068329537
AG35BKPUEUMX7LV5YLOQ5YCQ3GOA,B06XGM6K8C,Cell_Phones_and_Accessories,1514400266129
AG35BKPUEUMX7LV5YLOQ5YCQ3GOA,B00VSGVVNA,Cell_Phones_and_Accessories,1514399899615
AG35BKPUEUMX7LV5YLOQ5YCQ3GOA,B01MUDQZDD,Cell_Phones_and_Accessories,1514399247541
AG35BKPUEUMX7LV5YLOQ5YCQ3GOA,B074CMP1ZF,Cell_Phones_and_Accessories,1514398993678
AG35BKPUEUMX7LV5YLOQ5YCQ3GOA,B074YXH9WX,Cell_Phones_and_Accessories,1514398507407
AFUYKPKI3DZ5FHBQRUWFDYKUOBOA,B0BJ17N1C5,Cell_Phones_and_Accessories,1621323693219
AFUYKPKI3DZ5FHBQRUWFDYKUOBOA,B07X8LK9WZ,Cell_Phones_and_Accessories,1602919056644
AFUYKPKI3DZ5FHBQRUWFDYKUOBOA,B0C3C2GXM7,Cell_Phones_and_Accessories,1556469129013
AHPUT3ITXCHQJO7OMF74LEMYHIVA,B076J6C1F7,Cell_Phones_and_Accessories,1552099559096
AHGAOIZVODNHYMNCBV4DECZH42UQ,B07V9DZXCH,Cell_Phones_and_Accessories,1649295322777
AHGAOIZVODNHYMNCBV4DECZH42UQ,B08H8N4WGD,Cell_Phones_and_Accessories,1622139244680
AHGAOIZVODNHYMNCBV4DECZH42UQ,B08S3X4YHD,Cell_Phones_and_Accessories,1617575833606
AHGAOIZVODNHYMNCBV4DECZH42UQ,B07VN827YS,Cell_Phones_and_Accessories,1570129674268
AHGAOIZVODNHYMNCBV4DECZH42UQ,B07P5MWC5W,Cell_Phones_and_Accessories,1570129626580
AHGAOIZVODNHYMNCBV4DECZH42UQ,B07R2CFFSG,Cell_Phones_and_Accessories,1565642172366
AHGAOIZVODNHYMNCBV4DECZH42UQ,B0962TV1BY,Cell_Phones_and_Accessories,1565203442207
AHGAOIZVODNHYMNCBV4DECZH42UQ,B08C4ZW3XL,Cell_Phones_and_Accessories,1565203379538
AHGAOIZVODNHYMNCBV4DECZH42UQ,B07R24KZ7C,Cell_Phones_and_Accessories,1565099525780
AHGAOIZVODNHYMNCBV4DECZH42UQ,B07TPNBCB6,Cell_Phones_and_Accessories,1564608281643
AHGAOIZVODNHYMNCBV4DECZH42UQ,B07F22R8D8,Cell_Phones_and_Accessories,1533307494754
AHGAOIZVODNHYMNCBV4DECZH42UQ,B01LBI132I,Cell_Phones_and_Accessories,1530216608086
AHGAOIZVODNHYMNCBV4DECZH42UQ,B077JCGND7,Cell_Phones_and_Accessories,1528230667410
AHGAOIZVODNHYMNCBV4DECZH42UQ,B01EBHQJH0,Cell_Phones_and_Accessories,1468269010000
AHGAOIZVODNHYMNCBV4DECZH42UQ,B01EBI0LQY,Cell_Phones_and_Accessories,1468268873000
AF5Z2RWMKZOTVIXDTOTYJKVJ7G2A,B07G8Z2SJD,Cell_Phones_and_Accessories,1552375273572
AGOVW6NFUETMVWLUT4YFJGTSBH3Q,B073R68TSH,Cell_Phones_and_Accessories,1594166370793
AEEPQNBGOQFIIR36NAUCIFL5F3MQ,B09PGBDP66,Cell_Phones_and_Accessories,1672191451873
AEEPQNBGOQFIIR36NAUCIFL5F3MQ,B08GQRWCV2,Cell_Phones_and_Accessories,1609950843033
AGVWGLLS7SG3ZQTICDD7K6EAPRMQ,B0BTBQ9D9B,Cell_Phones_and_Accessories,1596398247712
AFGEM6BXCYHUILEOA3P2ZYBEF2TA,B08B3BVZD4,Cell_Phones_and_Accessories,1674198880661
AFGEM6BXCYHUILEOA3P2ZYBEF2TA,B09NR7L5FL,Cell_Phones_and_Accessories,1673666170809
AFGEM6BXCYHUILEOA3P2ZYBEF2TA,B08HHZN418,Cell_Phones_and_Accessories,1673659584238
AFGEM6BXCYHUILEOA3P2ZYBEF2TA,B07BFPKTYG,Cell_Phones_and_Accessories,1635970229510
AFGEM6BXCYHUILEOA3P2ZYBEF2TA,B08YH1RTHX,Cell_Phones_and_Accessories,1624984920496
AFGEM6BXCYHUILEOA3P2ZYBEF2TA,B07K72KTJT,Cell_Phones_and_Accessories,1618626599770
AFGEM6BXCYHUILEOA3P2ZYBEF2TA,B07DB2FGTM,Cell_Phones_and_Accessories,1618626454275
AE72A3F2N3PVD4CJM527Z4N6CN2A,B09GB7M3R6,Cell_Phones_and_Accessories,1653925690673
AE72A3F2N3PVD4CJM527Z4N6CN2A,B08K72VQDY,Cell_Phones_and_Accessories,1618766932287
AH7DSQKRNRX45EP42R364AWLJ3TQ,B012YZXMZS,Cell_Phones_and_Accessories,1494171072000
AGC3Q6IXOVLTTDMS4Q55FPYUF6FQ,B09SGVDM8Q,Cell_Phones_and_Accessories,1661088008531
AGC3Q6IXOVLTTDMS4Q55FPYUF6FQ,B0C5JT1GMQ,Cell_Phones_and_Accessories,1567011985778
AGC3Q6IXOVLTTDMS4Q55FPYUF6FQ,B004I7W6P8,Cell_Phones_and_Accessories,1437066610000
AGC3Q6IXOVLTTDMS4Q55FPYUF6FQ,B00PG7ITIC,Cell_Phones_and_Accessories,1434415810000
AGC3Q6IXOVLTTDMS4Q55FPYUF6FQ,B00D856NOG,Cell_Phones_and_Accessories,1423513673000
AGC3Q6IXOVLTTDMS4Q55FPYUF6FQ,B00NAJ07QU,Cell_Phones_and_Accessories,1423513521000
AEYS7TG2WOZAB7NLRVGTM5XZIG3Q,B0C5J9PH5R,Cell_Phones_and_Accessories,1595030964654
AEYS7TG2WOZAB7NLRVGTM5XZIG3Q,B0C5J9PH5R,Cell_Phones_and_Accessories,1595030895523
AEYS7TG2WOZAB7NLRVGTM5XZIG3Q,B07DDQPD74,Cell_Phones_and_Accessories,1571957570561
AGZHUIQEFS4VR23E7SKABSLIVEEA,B0BR35222M,Cell_Phones_and_Accessories,1672334503452
AEFIZWO3P6NV4AFJDRGBNNUDXE3Q,B09C5RDSSK,Cell_Phones_and_Accessories,1648696365338
AEXC2RWTZY5DQIVSVFXGUZANKMSQ,B07HBYKD9B,Cell_Phones_and_Accessories,1581349506012
AHX4XWVVQUKT3FCNWCVASDF4Q56Q,B071YLJFW2,Cell_Phones_and_Accessories,1539134810417
AHX4XWVVQUKT3FCNWCVASDF4Q56Q,B00O1U5OVK,Cell_Phones_and_Accessories,1433926026000
AHY7ZJB523OPTIKXRI63PS2V6FSQ,B086SC8KDB,Cell_Phones_and_Accessories,1570898715214
AHY7ZJB523OPTIKXRI63PS2V6FSQ,B075TYZNVM,Cell_Phones_and_Accessories,1534038932053
AEYEP6B5W5QBNMM4OBQBQJDJ63SA,B09CDSQDFZ,Cell_Phones_and_Accessories,1678069403851
AEYEP6B5W5QBNMM4OBQBQJDJ63SA,B09BNBPN58,Cell_Phones_and_Accessories,1644272669426
AEYEP6B5W5QBNMM4OBQBQJDJ63SA,B08BZV6CF9,Cell_Phones_and_Accessories,1644272574263
AEYEP6B5W5QBNMM4OBQBQJDJ63SA,B07VYQ22SX,Cell_Phones_and_Accessories,1571695676400
AGMBLP4JLQK6M3UZQY655VZP73XA,B06XJ174LP,Cell_Phones_and_Accessories,1547322094783
AHZ6XMOLEWA67S3TX7IWEXXGWSOA,B08FJ1PMKH,Cell_Phones_and_Accessories,1646700369017
AHZ6XMOLEWA67S3TX7IWEXXGWSOA,B08P26DGKV,Cell_Phones_and_Accessories,1633658179230
AHZ6XMOLEWA67S3TX7IWEXXGWSOA,B08CMPY6NB,Cell_Phones_and_Accessories,1632435557727
AHZ6XMOLEWA67S3TX7IWEXXGWSOA,B0BRKNGYTJ,Cell_Phones_and_Accessories,1629317694350
AHZ6XMOLEWA67S3TX7IWEXXGWSOA,B094FSS89F,Cell_Phones_and_Accessories,1582758366816
AHZ6XMOLEWA67S3TX7IWEXXGWSOA,B07Z9B9DDQ,Cell_Phones_and_Accessories,1582756990075
AHZ6XMOLEWA67S3TX7IWEXXGWSOA,B01MS2L9WL,Cell_Phones_and_Accessories,1528150489575
AHZ6XMOLEWA67S3TX7IWEXXGWSOA,B01JU8YTX6,Cell_Phones_and_Accessories,1491624908000
AHZ6XMOLEWA67S3TX7IWEXXGWSOA,B09Y8SH48J,Cell_Phones_and_Accessories,1490653181000
AHZ6XMOLEWA67S3TX7IWEXXGWSOA,B00O3DCLH0,Cell_Phones_and_Accessories,1484262385000
AHZ6XMOLEWA67S3TX7IWEXXGWSOA,B00NCJ4E9Y,Cell_Phones_and_Accessories,1447115175000
AEB7QWAL6J4YHBCBKR5KYQ42IRFQ,B07D39TGG2,Cell_Phones_and_Accessories,1590625059825
AFZUK3MTBIBEDQOPAK3OATUOUKLA,B087FFK6C3,Cell_Phones_and_Accessories,1673289121448
AFZUK3MTBIBEDQOPAK3OATUOUKLA,B09NCWN1T1,Cell_Phones_and_Accessories,1673288702827
AFZUK3MTBIBEDQOPAK3OATUOUKLA,B0BNH7Y314,Cell_Phones_and_Accessories,1673288562245
AFZUK3MTBIBEDQOPAK3OATUOUKLA,B0B877868B,Cell_Phones_and_Accessories,1673288165827
AFZUK3MTBIBEDQOPAK3OATUOUKLA,B0C1RJC1RW,Cell_Phones_and_Accessories,1673286794762
AFZUK3MTBIBEDQOPAK3OATUOUKLA,B09JBKN4XY,Cell_Phones_and_Accessories,1672875904214
AFZUK3MTBIBEDQOPAK3OATUOUKLA,B0BXRRVQF9,Cell_Phones_and_Accessories,1672875464447
AFZUK3MTBIBEDQOPAK3OATUOUKLA,B0BZR9YJKD,Cell_Phones_and_Accessories,1672542551505
AFZUK3MTBIBEDQOPAK3OATUOUKLA,B09P53X3D2,Cell_Phones_and_Accessories,1672539903052
AFZUK3MTBIBEDQOPAK3OATUOUKLA,B0BFYH2V72,Cell_Phones_and_Accessories,1671846244667
AFZUK3MTBIBEDQOPAK3OATUOUKLA,B0BXLD226Y,Cell_Phones_and_Accessories,1658602012891
AFZUK3MTBIBEDQOPAK3OATUOUKLA,B085W5XVV6,Cell_Phones_and_Accessories,1655849035403
AFZUK3MTBIBEDQOPAK3OATUOUKLA,B0BSBZXWL5,Cell_Phones_and_Accessories,1651108921545
AFZUK3MTBIBEDQOPAK3OATUOUKLA,B074M3RBMR,Cell_Phones_and_Accessories,1644728383698
AFZUK3MTBIBEDQOPAK3OATUOUKLA,B087DSLPZ1,Cell_Phones_and_Accessories,1644727187797
AFZUK3MTBIBEDQOPAK3OATUOUKLA,B07VX2C3XS,Cell_Phones_and_Accessories,1644727097415
AFZUK3MTBIBEDQOPAK3OATUOUKLA,B0B81LR6XT,Cell_Phones_and_Accessories,1644726794915
AFZUK3MTBIBEDQOPAK3OATUOUKLA,B0CGCV5MFW,Cell_Phones_and_Accessories,1644725313028
AFZUK3MTBIBEDQOPAK3OATUOUKLA,B0C2BM8MJ9,Cell_Phones_and_Accessories,1641409204258
AFZUK3MTBIBEDQOPAK3OATUOUKLA,B0B6Q1FDWQ,Cell_Phones_and_Accessories,1637001030045
AFZUK3MTBIBEDQOPAK3OATUOUKLA,B07CJ81QXN,Cell_Phones_and_Accessories,1630956628142
AFZUK3MTBIBEDQOPAK3OATUOUKLA,B081HF1RK8,Cell_Phones_and_Accessories,1630380264213
AFZUK3MTBIBEDQOPAK3OATUOUKLA,B0BQH9MR83,Cell_Phones_and_Accessories,1627186281921
AFZUK3MTBIBEDQOPAK3OATUOUKLA,B094Y6VK4V,Cell_Phones_and_Accessories,1624913506908
AFZUK3MTBIBEDQOPAK3OATUOUKLA,B07FR87JGR,Cell_Phones_and_Accessories,1624913417090
AFZUK3MTBIBEDQOPAK3OATUOUKLA,B0952VLDDK,Cell_Phones_and_Accessories,1623962855939
AFZUK3MTBIBEDQOPAK3OATUOUKLA,B084VS693G,Cell_Phones_and_Accessories,1615518847113
AFZUK3MTBIBEDQOPAK3OATUOUKLA,B0092KJ9BU,Cell_Phones_and_Accessories,1606694183779
AFZUK3MTBIBEDQOPAK3OATUOUKLA,B07VZVSQ23,Cell_Phones_and_Accessories,1590901734474
AFZUK3MTBIBEDQOPAK3OATUOUKLA,B07C5FXBB6,Cell_Phones_and_Accessories,1586717280547
AFZUK3MTBIBEDQOPAK3OATUOUKLA,B07Q4TNJFK,Cell_Phones_and_Accessories,1586388258687
AFZUK3MTBIBEDQOPAK3OATUOUKLA,B073R68TSH,Cell_Phones_and_Accessories,1585239659786
AFZUK3MTBIBEDQOPAK3OATUOUKLA,B08XQKQ9WR,Cell_Phones_and_Accessories,1585237953532
AFZUK3MTBIBEDQOPAK3OATUOUKLA,B07FDQLL7K,Cell_Phones_and_Accessories,1585237655009
AFZUK3MTBIBEDQOPAK3OATUOUKLA,B01LLLISAK,Cell_Phones_and_Accessories,1569557212320
AFZUK3MTBIBEDQOPAK3OATUOUKLA,B08GK8FP2C,Cell_Phones_and_Accessories,1565065572422
AFZUK3MTBIBEDQOPAK3OATUOUKLA,B07H92HJ2H,Cell_Phones_and_Accessories,1559946665304
AFZUK3MTBIBEDQOPAK3OATUOUKLA,B07JF54TRK,Cell_Phones_and_Accessories,1558148557750
AFZUK3MTBIBEDQOPAK3OATUOUKLA,B0C7L26JPJ,Cell_Phones_and_Accessories,1556487111835
AFZUK3MTBIBEDQOPAK3OATUOUKLA,B074Z7C9BW,Cell_Phones_and_Accessories,1554340560470
AFZUK3MTBIBEDQOPAK3OATUOUKLA,B01N4P2MHW,Cell_Phones_and_Accessories,1553918628415
AFZUK3MTBIBEDQOPAK3OATUOUKLA,B07N2TZ952,Cell_Phones_and_Accessories,1552424166035
AFZUK3MTBIBEDQOPAK3OATUOUKLA,B07MTHYR52,Cell_Phones_and_Accessories,1552423971475
AFZUK3MTBIBEDQOPAK3OATUOUKLA,B01B14ANLY,Cell_Phones_and_Accessories,1537895489541
AFZUK3MTBIBEDQOPAK3OATUOUKLA,B0BNHPBT2L,Cell_Phones_and_Accessories,1536974534591
AFZUK3MTBIBEDQOPAK3OATUOUKLA,B07CMG8PB4,Cell_Phones_and_Accessories,1535410796941
AFZUK3MTBIBEDQOPAK3OATUOUKLA,B01MSZQ2HC,Cell_Phones_and_Accessories,1534265396280
AFZUK3MTBIBEDQOPAK3OATUOUKLA,B06XXCN21T,Cell_Phones_and_Accessories,1530941985743
AFZUK3MTBIBEDQOPAK3OATUOUKLA,B018USBBD8,Cell_Phones_and_Accessories,1520790092696
AFZUK3MTBIBEDQOPAK3OATUOUKLA,B01MTR382M,Cell_Phones_and_Accessories,1517255875104
AFZUK3MTBIBEDQOPAK3OATUOUKLA,B01414HRWE,Cell_Phones_and_Accessories,1502061447206
AFZUK3MTBIBEDQOPAK3OATUOUKLA,B00N1VDCGO,Cell_Phones_and_Accessories,1501275082616
AFZUK3MTBIBEDQOPAK3OATUOUKLA,B01GCIEAKO,Cell_Phones_and_Accessories,1494224276000
AFZUK3MTBIBEDQOPAK3OATUOUKLA,B01BMDQ9U8,Cell_Phones_and_Accessories,1477786106000
AFZUK3MTBIBEDQOPAK3OATUOUKLA,B007FH716W,Cell_Phones_and_Accessories,1475391559000
AFZUK3MTBIBEDQOPAK3OATUOUKLA,B06XQV5DDP,Cell_Phones_and_Accessories,1452478300000
AFZUK3MTBIBEDQOPAK3OATUOUKLA,B00XMK1RW0,Cell_Phones_and_Accessories,1448689889000
AFZUK3MTBIBEDQOPAK3OATUOUKLA,B014UQRCTQ,Cell_Phones_and_Accessories,1448148164000
AFZUK3MTBIBEDQOPAK3OATUOUKLA,B011BBVJR4,Cell_Phones_and_Accessories,1438014916000
AFZUK3MTBIBEDQOPAK3OATUOUKLA,B00Y9QWA1S,Cell_Phones_and_Accessories,1434856070000
AFZUK3MTBIBEDQOPAK3OATUOUKLA,B0B6JW3P9J,Cell_Phones_and_Accessories,1433038147000
AFZUK3MTBIBEDQOPAK3OATUOUKLA,B00IF0TZAI,Cell_Phones_and_Accessories,1419450878000
AFZUK3MTBIBEDQOPAK3OATUOUKLA,B00IN6T824,Cell_Phones_and_Accessories,1411235235000
AFZUK3MTBIBEDQOPAK3OATUOUKLA,B00AK1GN4Q,Cell_Phones_and_Accessories,1394991169000
AFZUK3MTBIBEDQOPAK3OATUOUKLA,B004054CYG,Cell_Phones_and_Accessories,1317262727000
AEDRFOIY6IFY7DWSPRRNGEFIFE2Q,B07FPH23P6,Cell_Phones_and_Accessories,1544987140017
AEDRFOIY6IFY7DWSPRRNGEFIFE2Q,B071FBVP5J,Cell_Phones_and_Accessories,1529251820572
AGFUJ3EGB7VTLV3ZMKEZVRJHPA5Q,B0C5XDW3YF,Cell_Phones_and_Accessories,1675831421191
AHFURURV4H35BXUUTXYMJYA36CTQ,B081BMNVKM,Cell_Phones_and_Accessories,1619796224550
AHFURURV4H35BXUUTXYMJYA36CTQ,B07VQ6X7S2,Cell_Phones_and_Accessories,1601632979473
AHFURURV4H35BXUUTXYMJYA36CTQ,B0C3733NYF,Cell_Phones_and_Accessories,1588927137554
AHFURURV4H35BXUUTXYMJYA36CTQ,B07L9WLFZG,Cell_Phones_and_Accessories,1579280556087
AHFURURV4H35BXUUTXYMJYA36CTQ,B07RB2SWX4,Cell_Phones_and_Accessories,1569977854967
AHFURURV4H35BXUUTXYMJYA36CTQ,B017FZXEOG,Cell_Phones_and_Accessories,1470853412000
AHFURURV4H35BXUUTXYMJYA36CTQ,B00FIP3CAW,Cell_Phones_and_Accessories,1456323376000
AHFURURV4H35BXUUTXYMJYA36CTQ,B0187GLY26,Cell_Phones_and_Accessories,1456323278000
AFSNGBROR4NUCU6UQCJBB4VEJOPA,B09S5TS4XY,Cell_Phones_and_Accessories,1667140822316
AFSNGBROR4NUCU6UQCJBB4VEJOPA,B08FJ2Y2L9,Cell_Phones_and_Accessories,1620761075089
AFKSYG2XHOCLCVDDKEZMWQTFFG7A,B09YLTP1KV,Cell_Phones_and_Accessories,1531740905254
AFCHZEWYXBKTILVVSVCS73VVUY4Q,B095RQQTRF,Cell_Phones_and_Accessories,1670853404517
AFCHZEWYXBKTILVVSVCS73VVUY4Q,B0B1PNRDH2,Cell_Phones_and_Accessories,1670852981247
AH5L7ILVA6HYLZOUZIQAWNHVVK3A,B079KNZ9XD,Cell_Phones_and_Accessories,1568784202530
AH4VGTN3VWRIESJMI4VGQHSQ4KRA,B07DK7THVM,Cell_Phones_and_Accessories,1556935636459
AETGRH24MKFUFZ2KKTC2ZFYVYE5Q,B06ZYJPG4V,Cell_Phones_and_Accessories,1529004828422
AETGRH24MKFUFZ2KKTC2ZFYVYE5Q,B008ZE3T7O,Cell_Phones_and_Accessories,1378859967000
AGF42GID7QWDCNFTJRCTMKAITJJA,B09193DK97,Cell_Phones_and_Accessories,1641674049229
AGF42GID7QWDCNFTJRCTMKAITJJA,B08P8B6LML,Cell_Phones_and_Accessories,1641666263097
AGF42GID7QWDCNFTJRCTMKAITJJA,B09MY9W2HX,Cell_Phones_and_Accessories,1641653626941
AEIOIVFNO6QX7OYOJNPRKQEWMPGA,B01MXMASHF,Cell_Phones_and_Accessories,1473094741000
AEIOIVFNO6QX7OYOJNPRKQEWMPGA,B01A6EKT9G,Cell_Phones_and_Accessories,1454535445000
AHQQ62COZ3ANN33IRXZ6Z4KF664A,B0CDFNNTQK,Cell_Phones_and_Accessories,1576180720146
AHT2NP62KHFFALXILR7ZIQ2VFM7A,B087BYJPTK,Cell_Phones_and_Accessories,1629041057642
AF7ZINXE6MF5H7AGHIMQIOBTRPOQ,B08BR8NSWX,Cell_Phones_and_Accessories,1617814543678
AF7ZINXE6MF5H7AGHIMQIOBTRPOQ,B0794SCYM8,Cell_Phones_and_Accessories,1614466546535
AF7ZINXE6MF5H7AGHIMQIOBTRPOQ,B0872WVJPH,Cell_Phones_and_Accessories,1602536966573
AF7ZINXE6MF5H7AGHIMQIOBTRPOQ,B08CXLS66F,Cell_Phones_and_Accessories,1602425896471
AF7ZINXE6MF5H7AGHIMQIOBTRPOQ,B0BTJ6RR4X,Cell_Phones_and_Accessories,1579121880834
AF7ZINXE6MF5H7AGHIMQIOBTRPOQ,B07FN52KBS,Cell_Phones_and_Accessories,1571682188049
AF7ZINXE6MF5H7AGHIMQIOBTRPOQ,B07VLCVF73,Cell_Phones_and_Accessories,1570893576647
AF7ZINXE6MF5H7AGHIMQIOBTRPOQ,B07VD832CL,Cell_Phones_and_Accessories,1570893454830
AF7ZINXE6MF5H7AGHIMQIOBTRPOQ,B014GZEVR2,Cell_Phones_and_Accessories,1512264121111
AF7ZINXE6MF5H7AGHIMQIOBTRPOQ,B06XNW4YD8,Cell_Phones_and_Accessories,1494611131000
AF7ZINXE6MF5H7AGHIMQIOBTRPOQ,B00KFKS9H6,Cell_Phones_and_Accessories,1439131665000
AGYWDTDUSHHZEHTF456VJTOVOKYA,B0755MV62C,Cell_Phones_and_Accessories,1572039144732
AFPJCGADRTQ4QFU26KTSIKDAXPSA,B08MXXC8TX,Cell_Phones_and_Accessories,1608982772040
AEDNNPW6JQ4H6NPMF2FYMIUZOTGQ,B0BX6L3MRY,Cell_Phones_and_Accessories,1677522366485
AEDNNPW6JQ4H6NPMF2FYMIUZOTGQ,B089FLQ82J,Cell_Phones_and_Accessories,1641937003292
AEDNNPW6JQ4H6NPMF2FYMIUZOTGQ,B094FRS4BY,Cell_Phones_and_Accessories,1637837360602
AEDNNPW6JQ4H6NPMF2FYMIUZOTGQ,B074GYBXZK,Cell_Phones_and_Accessories,1438721703000
AGD53FZJLNU4UOJE43EZTFFDJYTA,B072KCJ4HZ,Cell_Phones_and_Accessories,1587597550743
AGD53FZJLNU4UOJE43EZTFFDJYTA,B00EJ70MVM,Cell_Phones_and_Accessories,1420125180000
AH3ACQ7TBS7IT4SRSWEYLLJ3ND3Q,B09XKBVX1S,Cell_Phones_and_Accessories,1613959598422
AH23K7IAT3VTGWZJQFPHVIT4HLSQ,B081YY64PF,Cell_Phones_and_Accessories,1618365185316
AH23K7IAT3VTGWZJQFPHVIT4HLSQ,B07BZT4VZX,Cell_Phones_and_Accessories,1576213574272
AH23K7IAT3VTGWZJQFPHVIT4HLSQ,B01GWAOK0M,Cell_Phones_and_Accessories,1510438838160
AH23K7IAT3VTGWZJQFPHVIT4HLSQ,B010GJZ3W4,Cell_Phones_and_Accessories,1454614942000
AFXDYTFXJLX4YG3UD7W23W7Z5Y4A,B07V5CMG26,Cell_Phones_and_Accessories,1579032441611
AF2FTNKCY6XY67BKBUO4BNJRZ4XQ,B01DH7SODW,Cell_Phones_and_Accessories,1542300101812
AF2FTNKCY6XY67BKBUO4BNJRZ4XQ,B076BDH2RW,Cell_Phones_and_Accessories,1542300020467
AF2FTNKCY6XY67BKBUO4BNJRZ4XQ,B019Q4Y4H0,Cell_Phones_and_Accessories,1542299830143
AF2FTNKCY6XY67BKBUO4BNJRZ4XQ,B06X9YN522,Cell_Phones_and_Accessories,1542299437787
AGBJABSJLN7H7AALE7VKHYDGC76Q,B09BQZHT6T,Cell_Phones_and_Accessories,1675015121649
AECABX3OO3GK7FCPZLFM3LT2E6UA,B07G2S5CD8,Cell_Phones_and_Accessories,1535313769055
AH3OG6QD6EDJGZRVCFKV4B66VWNQ,B07VG4MT6X,Cell_Phones_and_Accessories,1628788542249
AH3OG6QD6EDJGZRVCFKV4B66VWNQ,B07586VK1V,Cell_Phones_and_Accessories,1522630464049
AH3OG6QD6EDJGZRVCFKV4B66VWNQ,B00LTI39SM,Cell_Phones_and_Accessories,1438561984000
AH3OG6QD6EDJGZRVCFKV4B66VWNQ,B005X1Y7I2,Cell_Phones_and_Accessories,1427926277000
AGEP2CC2QIJU5IHQZXCC7BE5JSDQ,B074QL2X4B,Cell_Phones_and_Accessories,1517753112943
AGEP2CC2QIJU5IHQZXCC7BE5JSDQ,B09XDSZ6C1,Cell_Phones_and_Accessories,1499019118727
AEMYDA6DVBKCCE7ZO2ARRFGKG3LQ,B08HRXTKP8,Cell_Phones_and_Accessories,1574777876165
AEMYDA6DVBKCCE7ZO2ARRFGKG3LQ,B075SHZF7Y,Cell_Phones_and_Accessories,1574777759265
AGWVX2ZYWUI6S4KYVEIVXCAWVO4Q,B07RF95K1T,Cell_Phones_and_Accessories,1595326879988
AG3PLBKYS3Z2IJHOBNCEOM4SXAYQ,B07VX6MMPB,Cell_Phones_and_Accessories,1626703098793
AG3PLBKYS3Z2IJHOBNCEOM4SXAYQ,B07Q75GQX8,Cell_Phones_and_Accessories,1594930856228
AFVGL7HOHKHSR5N3EUAVLYSBZCTQ,B0C2YM14YX,Cell_Phones_and_Accessories,1580317913576
AFVGL7HOHKHSR5N3EUAVLYSBZCTQ,B07C757SD7,Cell_Phones_and_Accessories,1563818671088
AFVGL7HOHKHSR5N3EUAVLYSBZCTQ,B08ZSXKG3Q,Cell_Phones_and_Accessories,1443979290000
AFMOHJOF54QARPV5DJNPJDN3F4AQ,B074SJFRXR,Cell_Phones_and_Accessories,1507156307834
AFWTME2ROGUQI5J5FB3DWCLKZNBA,B09514MP6Z,Cell_Phones_and_Accessories,1559368126530
AFWTME2ROGUQI5J5FB3DWCLKZNBA,B08KQ1L2W3,Cell_Phones_and_Accessories,1466037568000
AGYTEAXMUXEFHXUSVVTKONKBFTVQ,B07WFWYZS1,Cell_Phones_and_Accessories,1576161938835
AFBQWGTHEJKBDS7LO7KSMOLXZ2JQ,B08LR492FY,Cell_Phones_and_Accessories,1610497221982
AHKIMFUXMLOUN7SBXHEDD2K2AN7Q,B09DP96MD3,Cell_Phones_and_Accessories,1645724196602
AHFZUNQFXSVVT6Z6BYKE5CLBX3KQ,B08M3MZNNP,Cell_Phones_and_Accessories,1655652573697
AHFZUNQFXSVVT6Z6BYKE5CLBX3KQ,B0727Y6DJ9,Cell_Phones_and_Accessories,1601749553075
AHFZUNQFXSVVT6Z6BYKE5CLBX3KQ,B077Q6WQFY,Cell_Phones_and_Accessories,1553712361424
AF4KGFYH26KERCGL7IO2KQKJM2SQ,B019JK6UVE,Cell_Phones_and_Accessories,1467309389000
AG44DQLCEHRU62BFWBHDAIIHS4XQ,B0C621YHCB,Cell_Phones_and_Accessories,1619738912285
AGTP4V3GFJ3YGVKDYXDK3SJ5IAYA,B076HHRX7C,Cell_Phones_and_Accessories,1557443029136
AGTP4V3GFJ3YGVKDYXDK3SJ5IAYA,B06WD83Z36,Cell_Phones_and_Accessories,1557442997225
AG5Y7PRM4OD7TC23Q6S7KMNL2XNQ,B07S63163T,Cell_Phones_and_Accessories,1594381927647
AFSCQMP2EPYLGJN7OBTMEXCBE2OQ,B09NRLQJZZ,Cell_Phones_and_Accessories,1675358253396
AFSCQMP2EPYLGJN7OBTMEXCBE2OQ,B071ZNXJN5,Cell_Phones_and_Accessories,1667938377019
AFSCQMP2EPYLGJN7OBTMEXCBE2OQ,B07D11946L,Cell_Phones_and_Accessories,1664997329074
AFSCQMP2EPYLGJN7OBTMEXCBE2OQ,B07P9S6R9Y,Cell_Phones_and_Accessories,1622921925337
AFSCQMP2EPYLGJN7OBTMEXCBE2OQ,B075FJ8RGN,Cell_Phones_and_Accessories,1620258761271
AFSCQMP2EPYLGJN7OBTMEXCBE2OQ,B08L4S2BN4,Cell_Phones_and_Accessories,1619205390135
AFSCQMP2EPYLGJN7OBTMEXCBE2OQ,B07ZD98X9J,Cell_Phones_and_Accessories,1594482064439
AGYDZXXV32IH5YIDK5XSEC5UFIEQ,B07F32GDKM,Cell_Phones_and_Accessories,1597263893578
AEBV7EWLGRTRRJCHN73RYFM6EOBA,B07NX6XLNM,Cell_Phones_and_Accessories,1565634364090
AEBV7EWLGRTRRJCHN73RYFM6EOBA,B0785N7C36,Cell_Phones_and_Accessories,1547730165823
AEBV7EWLGRTRRJCHN73RYFM6EOBA,B07586VK1V,Cell_Phones_and_Accessories,1542198183028
AEBV7EWLGRTRRJCHN73RYFM6EOBA,B07H134LTX,Cell_Phones_and_Accessories,1542198052515
AEBV7EWLGRTRRJCHN73RYFM6EOBA,B07GPFK4PF,Cell_Phones_and_Accessories,1542197914267
AEBV7EWLGRTRRJCHN73RYFM6EOBA,B00NGMVD8W,Cell_Phones_and_Accessories,1431407588000
AGMRTU7EIH2JBCDAUKLODARJXHHA,B09VZ1NY9R,Cell_Phones_and_Accessories,1665429493300
AGMRTU7EIH2JBCDAUKLODARJXHHA,B07XXNVKTN,Cell_Phones_and_Accessories,1576435379023
AGMRTU7EIH2JBCDAUKLODARJXHHA,B073PYJML8,Cell_Phones_and_Accessories,1504822237454
AGAFWZBZFPXKTQLIQUYVDVJK2FZQ,B07TLZVCPW,Cell_Phones_and_Accessories,1590038419102
AGX547GEFL46LSQR3IDMX6TE5OJQ,B07BNY7B93,Cell_Phones_and_Accessories,1574784318631
AFONEWN6ZE6PEAO6W45A3A2KK5TQ,B09TSCZWX5,Cell_Phones_and_Accessories,1578140337006
AFONEWN6ZE6PEAO6W45A3A2KK5TQ,B088GTNGSX,Cell_Phones_and_Accessories,1578140165584
AFONEWN6ZE6PEAO6W45A3A2KK5TQ,B08KQ1YP6K,Cell_Phones_and_Accessories,1578139984954
AEH66QD7CSPM7ZVH7D7LRSA5HSNQ,B0863878M8,Cell_Phones_and_Accessories,1595022200791
AGLQDDJTHRGIY4KWEXLA3YBD47PQ,B00MWB3NFO,Cell_Phones_and_Accessories,1414934413000
AG4MIJDYTNWORGOKC2K22CPHFODA,B09YNSWNLG,Cell_Phones_and_Accessories,1675649882217
AG4MIJDYTNWORGOKC2K22CPHFODA,B0BRJHJVR1,Cell_Phones_and_Accessories,1675649285284
AG4MIJDYTNWORGOKC2K22CPHFODA,B0BDQN3N1Y,Cell_Phones_and_Accessories,1668793211089
AG4MIJDYTNWORGOKC2K22CPHFODA,B09C4HKCT9,Cell_Phones_and_Accessories,1606840921504
AG4MIJDYTNWORGOKC2K22CPHFODA,B092X7K9RR,Cell_Phones_and_Accessories,1542296986864
AFTLB43X76QKXWYYG4J6KKKGD7QQ,B07NZJ1MHX,Cell_Phones_and_Accessories,1666098328122
AFTLB43X76QKXWYYG4J6KKKGD7QQ,B08SLZZYCR,Cell_Phones_and_Accessories,1615994842831
AHPKZL7FJIDA3CLNQ6OMKY46RA7Q,B0784P9DBK,Cell_Phones_and_Accessories,1515686949023
AF4XAUOI5XPGWHCPOTORKBIJSRDA,B07H46WQFT,Cell_Phones_and_Accessories,1580800813643
AF4XAUOI5XPGWHCPOTORKBIJSRDA,B01GGGHEEG,Cell_Phones_and_Accessories,1565765887143
AF4XAUOI5XPGWHCPOTORKBIJSRDA,B073WTQHTW,Cell_Phones_and_Accessories,1551252211991
AF4XAUOI5XPGWHCPOTORKBIJSRDA,B077XTXTJ1,Cell_Phones_and_Accessories,1551248945051
AF4XAUOI5XPGWHCPOTORKBIJSRDA,B0183OWDUE,Cell_Phones_and_Accessories,1516081205569
AHN5UNTOQUK2HK26VSI3BYTHO4HQ,B085RS387Y,Cell_Phones_and_Accessories,1637520868278
AERX7K5IE767MVLOYBUNPUXDTGJQ,B01D23TICW,Cell_Phones_and_Accessories,1544026765506
AGJXTLEOLLTIX5AAGFPBZ7CNNVOQ,B00MT0Q4XG,Cell_Phones_and_Accessories,1675387717699
AGJXTLEOLLTIX5AAGFPBZ7CNNVOQ,B08PB7B22Q,Cell_Phones_and_Accessories,1656252403672
AGJXTLEOLLTIX5AAGFPBZ7CNNVOQ,B01HXTHPXU,Cell_Phones_and_Accessories,1656192052044
AHORTSSMI6ZZFUFWMPT4UFR2ISUQ,B06XXZGPVS,Cell_Phones_and_Accessories,1550478510914
AHORTSSMI6ZZFUFWMPT4UFR2ISUQ,B079HS3S6R,Cell_Phones_and_Accessories,1526139068888
AHORTSSMI6ZZFUFWMPT4UFR2ISUQ,B01HGCJE1K,Cell_Phones_and_Accessories,1483467914000
AHORTSSMI6ZZFUFWMPT4UFR2ISUQ,B07177V52X,Cell_Phones_and_Accessories,1483467569000
AFP4QIHNSLCZRQOJBVHI26MTIK2Q,B07WN1ZCNY,Cell_Phones_and_Accessories,1578499493536
AH2IW7MZIXM53IRDZ2XYU7ALGFIQ,B096Z4H1CP,Cell_Phones_and_Accessories,1480583074000
AF3HNAQK2URNEBAZQCRZGSPBU5FQ,B01LA5Y5JK,Cell_Phones_and_Accessories,1521915407973
AHACLF2COQQE2V33ZFXQ7THZOJ2Q,B0B5KZ7K61,Cell_Phones_and_Accessories,1662294385993
AHACLF2COQQE2V33ZFXQ7THZOJ2Q,B08ZS46818,Cell_Phones_and_Accessories,1655636036554
AHACLF2COQQE2V33ZFXQ7THZOJ2Q,B08T9WS4PY,Cell_Phones_and_Accessories,1644930122913
AHACLF2COQQE2V33ZFXQ7THZOJ2Q,B09NS7314Z,Cell_Phones_and_Accessories,1600173895550
AHACLF2COQQE2V33ZFXQ7THZOJ2Q,B084PXTF8H,Cell_Phones_and_Accessories,1600173803511
AHACLF2COQQE2V33ZFXQ7THZOJ2Q,B07GDC39Y2,Cell_Phones_and_Accessories,1599416869989
AHACLF2COQQE2V33ZFXQ7THZOJ2Q,B079T26SLD,Cell_Phones_and_Accessories,1520962204056
AHACLF2COQQE2V33ZFXQ7THZOJ2Q,B06XK4TLVM,Cell_Phones_and_Accessories,1520449447728
AHOGNB63HKQ3TRGTLWVS7WAZX3VA,B09FYLC5SW,Cell_Phones_and_Accessories,1666762458755
AG5ESK2B2EL7CKQC3QC74UQVKNYQ,B08FYC9DQL,Cell_Phones_and_Accessories,1624986242027
AHNAOQRKXEQI7U7FBGHAWLZGHECQ,B07PHCFPCP,Cell_Phones_and_Accessories,1566069221742
AGTXCV4I4U63O43O3KIZAN76U2UQ,B0BTSQYYM4,Cell_Phones_and_Accessories,1640972974228
AGTXCV4I4U63O43O3KIZAN76U2UQ,B089VXT5PN,Cell_Phones_and_Accessories,1640972755132
AGTXCV4I4U63O43O3KIZAN76U2UQ,B098D4HVGM,Cell_Phones_and_Accessories,1594396117432
AEIXGM25ZUYR34ZF7MZHFM4X235A,B082LZND9M,Cell_Phones_and_Accessories,1592666828513
AFUZ3HSONK4B6QP62HWG3IQSA3IQ,B0B1TCPH54,Cell_Phones_and_Accessories,1492297753000
AFH6OSJPK3XE65N46DAFT6WUTPXA,B07QHWHR8V,Cell_Phones_and_Accessories,1565458524099
AHD63A5CM6WNHRO3QICC5CW46IKA,B08V5HQ24Z,Cell_Phones_and_Accessories,1615822914568
AHW7W34BLHHC4AYM4TPMLA2SWMMA,B017YG2LYK,Cell_Phones_and_Accessories,1546044937795
AHW7W34BLHHC4AYM4TPMLA2SWMMA,B010P6L0PC,Cell_Phones_and_Accessories,1471959589000
AEQLRIQLBPN4UUHV3L5FDRZOAL2A,B09N7QDDBK,Cell_Phones_and_Accessories,1670888089915
AEZSZS7UV44CAJJR5FNEM4DZCWTQ,B089D6BTKJ,Cell_Phones_and_Accessories,1619304914632
AEZSZS7UV44CAJJR5FNEM4DZCWTQ,B08FY3XHCZ,Cell_Phones_and_Accessories,1619304874834
AEZSZS7UV44CAJJR5FNEM4DZCWTQ,B0BTY44DXJ,Cell_Phones_and_Accessories,1619304519983
AEZSZS7UV44CAJJR5FNEM4DZCWTQ,B0924LNBPN,Cell_Phones_and_Accessories,1619304459014
AEZSZS7UV44CAJJR5FNEM4DZCWTQ,B0837TYH8C,Cell_Phones_and_Accessories,1593195605376
AEZSZS7UV44CAJJR5FNEM4DZCWTQ,B07LFLRH84,Cell_Phones_and_Accessories,1591394336325
AEDWRRZADBQDUTW7HBIWH4QSMUPQ,B0082DP778,Cell_Phones_and_Accessories,1457743338000
AGHRYSZV6QNKV7QEXWFLIQUJ232A,B07HDZDQBH,Cell_Phones_and_Accessories,1553574597310
AGHRYSZV6QNKV7QEXWFLIQUJ232A,B07HF93613,Cell_Phones_and_Accessories,1552823003735
AGHRYSZV6QNKV7QEXWFLIQUJ232A,B00M7DFJ0O,Cell_Phones_and_Accessories,1541798558451
AGJT4SLVYY2VOORU7XZCK2YIRYAQ,B087BHHQ9B,Cell_Phones_and_Accessories,1593636249205
AGOWLR52GJKEQ6ARUX5V6TJP7QLA,B08X7L75L8,Cell_Phones_and_Accessories,1675272060660
AGOWLR52GJKEQ6ARUX5V6TJP7QLA,B07H2V5YLH,Cell_Phones_and_Accessories,1611528267637
AGMR4JSMZNB6U2GMRY7ZPDQFBBOQ,B082LXHXS5,Cell_Phones_and_Accessories,1655079544555
AFRQODQXI2ELG5TWTT5SSFR4WBRQ,B087C46SN5,Cell_Phones_and_Accessories,1620166974993
AGPNK4LAUX7FV5LKFYB4NCZN32PQ,B0051UH9QM,Cell_Phones_and_Accessories,1363655869000
AF37HETXCNPLIXJRMMYWVDLI4QBQ,B082KFX8GN,Cell_Phones_and_Accessories,1646863479299
AF37HETXCNPLIXJRMMYWVDLI4QBQ,B09Q863ZFX,Cell_Phones_and_Accessories,1646257020814
AFXQDJLOL5GVFJRHGTU2LNMZHEMA,B07V1MHNKS,Cell_Phones_and_Accessories,1580168096268
AGVVUU3QRQBHNASSGI5YQLPYOI2Q,B07P9S6R9Y,Cell_Phones_and_Accessories,1562009517798
AEZ5SFMDJRYHJUGJN2MGWRMPVOKQ,B07GZ2Q5PP,Cell_Phones_and_Accessories,1563737812400
AEVQ3KP55X4XECXWMHN6DHIDBYFQ,B06VXYPWMC,Cell_Phones_and_Accessories,1544472756658
AEVQ3KP55X4XECXWMHN6DHIDBYFQ,B07B4V4X1V,Cell_Phones_and_Accessories,1544129295153
AEVQ3KP55X4XECXWMHN6DHIDBYFQ,B07B4RY6NQ,Cell_Phones_and_Accessories,1526859408824
AEVQ3KP55X4XECXWMHN6DHIDBYFQ,B01M8GTGRF,Cell_Phones_and_Accessories,1507213374208
AEVQ3KP55X4XECXWMHN6DHIDBYFQ,B0050JFPM4,Cell_Phones_and_Accessories,1406164981000
AEVQ3KP55X4XECXWMHN6DHIDBYFQ,B00AMARCP4,Cell_Phones_and_Accessories,1382292738000
AE3ZEVN65B3MWKIBLFRBGMJDGJCA,B0BXP115DF,Cell_Phones_and_Accessories,1590728021651
AF7JT6CKVCYYXMMVB23LBN2VSQ5A,B07P7Q3RL3,Cell_Phones_and_Accessories,1598065110383
AF7JT6CKVCYYXMMVB23LBN2VSQ5A,B07P9S6R9Y,Cell_Phones_and_Accessories,1554925376980
AFAIJYOUO3NAWLBDIKTQSC3DASWA,B08L8GNSZR,Cell_Phones_and_Accessories,1619128359680
AFAIJYOUO3NAWLBDIKTQSC3DASWA,B07DD7HTZR,Cell_Phones_and_Accessories,1528755841453
AFAIJYOUO3NAWLBDIKTQSC3DASWA,B0751HGSMQ,Cell_Phones_and_Accessories,1518144431693
AFAIJYOUO3NAWLBDIKTQSC3DASWA,B07GVHG85Y,Cell_Phones_and_Accessories,1516675009754
AFAIJYOUO3NAWLBDIKTQSC3DASWA,B01G2E7WV2,Cell_Phones_and_Accessories,1509905592875
AFAIJYOUO3NAWLBDIKTQSC3DASWA,B01G2E7XX4,Cell_Phones_and_Accessories,1509905359490
AGG3LLILZEGKCA4SAS4Q7X2Y7ISQ,B07T6XWW65,Cell_Phones_and_Accessories,1639981876402
AGU7O3UW7U2UMZGSZMKNZ6K6VHUA,B098KPTG7H,Cell_Phones_and_Accessories,1652819631175
AGU7O3UW7U2UMZGSZMKNZ6K6VHUA,B00NGZMNH4,Cell_Phones_and_Accessories,1420092444000
AGU7O3UW7U2UMZGSZMKNZ6K6VHUA,B07BYZDPJ3,Cell_Phones_and_Accessories,1420091435000
AHZ4WODDQMLDMFH2X4QHJAMRJCTA,B09MHTMLN5,Cell_Phones_and_Accessories,1635493966982
AHZ4WODDQMLDMFH2X4QHJAMRJCTA,B08SQ3DDNV,Cell_Phones_and_Accessories,1622634914265
AHZ4WODDQMLDMFH2X4QHJAMRJCTA,B0C55MYGPV,Cell_Phones_and_Accessories,1531404761010
AHZ4WODDQMLDMFH2X4QHJAMRJCTA,B01HYTZJMS,Cell_Phones_and_Accessories,1481652984000
AH4O5W3EM4CKQGHMBVTSPCJRYF7Q,B0BM9DVXDN,Cell_Phones_and_Accessories,1622119963347
AH4O5W3EM4CKQGHMBVTSPCJRYF7Q,B08DNR7663,Cell_Phones_and_Accessories,1597502088291
AH4O5W3EM4CKQGHMBVTSPCJRYF7Q,B07MFHPD61,Cell_Phones_and_Accessories,1596302738282
AH4O5W3EM4CKQGHMBVTSPCJRYF7Q,B076PTRHKK,Cell_Phones_and_Accessories,1546787686992
AH4O5W3EM4CKQGHMBVTSPCJRYF7Q,B01I0Y0GQU,Cell_Phones_and_Accessories,1528323959386
AH4O5W3EM4CKQGHMBVTSPCJRYF7Q,B01JZ1NJPC,Cell_Phones_and_Accessories,1478528447000
AH4O5W3EM4CKQGHMBVTSPCJRYF7Q,B015CMD692,Cell_Phones_and_Accessories,1478261691000
AH4O5W3EM4CKQGHMBVTSPCJRYF7Q,B00LL338UE,Cell_Phones_and_Accessories,1428666216000
AFPBVAEV3FCQOHKJJGAKQLZLTCZQ,B07QGZQ4R4,Cell_Phones_and_Accessories,1613662534881
AFKZENTNBQ7A7V7UXW5JJI6UGRYQ,B09NSZ5QMF,Clothing_Shoes_and_Jewelry,1677938767351
AFKZENTNBQ7A7V7UXW5JJI6UGRYQ,B08NGL3X17,Clothing_Shoes_and_Jewelry,1677083819242
AFKZENTNBQ7A7V7UXW5JJI6UGRYQ,B07RGM3DYC,Clothing_Shoes_and_Jewelry,1675524098918
AFKZENTNBQ7A7V7UXW5JJI6UGRYQ,B07BWS4CSM,Clothing_Shoes_and_Jewelry,1545114577507
AGGZ357AO26RQZVRLGU4D4N52DZQ,B09GY6SG2C,Clothing_Shoes_and_Jewelry,1645223372746
AGGZ357AO26RQZVRLGU4D4N52DZQ,B07HJ84J9M,Clothing_Shoes_and_Jewelry,1624587865782
AGGZ357AO26RQZVRLGU4D4N52DZQ,B01DDC83C8,Clothing_Shoes_and_Jewelry,1569786718716
AGGZ357AO26RQZVRLGU4D4N52DZQ,B0BNP511CS,Clothing_Shoes_and_Jewelry,1490800837000
AGGZ357AO26RQZVRLGU4D4N52DZQ,B01KY0E8TO,Clothing_Shoes_and_Jewelry,1483321346000
AGGZ357AO26RQZVRLGU4D4N52DZQ,B07V6PKCCG,Clothing_Shoes_and_Jewelry,1483320893000
AGGZ357AO26RQZVRLGU4D4N52DZQ,B07L6QT33F,Clothing_Shoes_and_Jewelry,1440038761000
AGGZ357AO26RQZVRLGU4D4N52DZQ,B00HF64G7U,Clothing_Shoes_and_Jewelry,1413130406000
AGGZ357AO26RQZVRLGU4D4N52DZQ,B003MZ01CM,Clothing_Shoes_and_Jewelry,1370958618000
AGGZ357AO26RQZVRLGU4D4N52DZQ,B009RTBRVG,Clothing_Shoes_and_Jewelry,1349041740000
AGKASBHYZPGTEPO6LWZPVJWB2BVA,B07TVHSDMQ,Clothing_Shoes_and_Jewelry,1665060712748
AGKASBHYZPGTEPO6LWZPVJWB2BVA,B0773MFW9C,Clothing_Shoes_and_Jewelry,1571664616179
AGKASBHYZPGTEPO6LWZPVJWB2BVA,B013R5TGMM,Clothing_Shoes_and_Jewelry,1491713380000
AGKASBHYZPGTEPO6LWZPVJWB2BVA,B00RDJE9H6,Clothing_Shoes_and_Jewelry,1473551398000
AGKASBHYZPGTEPO6LWZPVJWB2BVA,B01AXSSY4M,Clothing_Shoes_and_Jewelry,1473551260000
AGKASBHYZPGTEPO6LWZPVJWB2BVA,B01BPZRR22,Clothing_Shoes_and_Jewelry,1473551128000
AGKASBHYZPGTEPO6LWZPVJWB2BVA,B011VWUKQE,Clothing_Shoes_and_Jewelry,1472247671000
AGKASBHYZPGTEPO6LWZPVJWB2BVA,B00M8E5O2K,Clothing_Shoes_and_Jewelry,1471552432000
AGKASBHYZPGTEPO6LWZPVJWB2BVA,B0BXC3M958,Clothing_Shoes_and_Jewelry,1471551081000
AGKASBHYZPGTEPO6LWZPVJWB2BVA,B01360ACAS,Clothing_Shoes_and_Jewelry,1471545841000
AGKASBHYZPGTEPO6LWZPVJWB2BVA,B00ZXLMUF4,Clothing_Shoes_and_Jewelry,1464898818000
AGKASBHYZPGTEPO6LWZPVJWB2BVA,B0921PKFQ9,Clothing_Shoes_and_Jewelry,1461103484000
AGKASBHYZPGTEPO6LWZPVJWB2BVA,B001UHMUXC,Clothing_Shoes_and_Jewelry,1452650548000
AGKASBHYZPGTEPO6LWZPVJWB2BVA,B079YXJ4R9,Clothing_Shoes_and_Jewelry,1452647744000
AGKASBHYZPGTEPO6LWZPVJWB2BVA,B0098X5DAM,Clothing_Shoes_and_Jewelry,1445207786000
AG2L7H23R5LLKDKLBEF2Q3L2MVDA,B08K31FCDT,Clothing_Shoes_and_Jewelry,1676602267120
AG2L7H23R5LLKDKLBEF2Q3L2MVDA,B0BGJ85RYM,Clothing_Shoes_and_Jewelry,1676601865253
AG2L7H23R5LLKDKLBEF2Q3L2MVDA,B0943Y5LJ1,Clothing_Shoes_and_Jewelry,1676601720832
AG2L7H23R5LLKDKLBEF2Q3L2MVDA,B07PDP14YY,Clothing_Shoes_and_Jewelry,1676601376389
AG2L7H23R5LLKDKLBEF2Q3L2MVDA,B08R8W8GP9,Clothing_Shoes_and_Jewelry,1676509002873
AG2L7H23R5LLKDKLBEF2Q3L2MVDA,B0B51SHVKW,Clothing_Shoes_and_Jewelry,1671844565657
AG2L7H23R5LLKDKLBEF2Q3L2MVDA,B088F8PM6L,Clothing_Shoes_and_Jewelry,1648513134670
AG2L7H23R5LLKDKLBEF2Q3L2MVDA,B09871KL8Z,Clothing_Shoes_and_Jewelry,1637635724968
AG2L7H23R5LLKDKLBEF2Q3L2MVDA,B07LBP3L54,Clothing_Shoes_and_Jewelry,1600753653091
AG2L7H23R5LLKDKLBEF2Q3L2MVDA,B00PUXB1UK,Clothing_Shoes_and_Jewelry,1454486129000
AGCI7FAH4GL5FI65HYLKWTMFZ2CQ,B08CGL5F85,Clothing_Shoes_and_Jewelry,1640973648422
AGCI7FAH4GL5FI65HYLKWTMFZ2CQ,B01GGOKVAW,Clothing_Shoes_and_Jewelry,1570635531717
AGCI7FAH4GL5FI65HYLKWTMFZ2CQ,B07DB5HGQB,Clothing_Shoes_and_Jewelry,1547352845482
AGCI7FAH4GL5FI65HYLKWTMFZ2CQ,B01GZP4SRY,Clothing_Shoes_and_Jewelry,1547317387858
AGCI7FAH4GL5FI65HYLKWTMFZ2CQ,B009Q1E5AA,Clothing_Shoes_and_Jewelry,1456772660000
AGCI7FAH4GL5FI65HYLKWTMFZ2CQ,B006SRT01E,Clothing_Shoes_and_Jewelry,1456772377000
AGCI7FAH4GL5FI65HYLKWTMFZ2CQ,B016YWH0RS,Clothing_Shoes_and_Jewelry,1456772238000
AGXVBIUFLFGMVLATYXHJYL4A5Q7Q,B0925BQY1H,Clothing_Shoes_and_Jewelry,1617723172295
AGXVBIUFLFGMVLATYXHJYL4A5Q7Q,B08P3YBW2V,Clothing_Shoes_and_Jewelry,1607702967771
AGXVBIUFLFGMVLATYXHJYL4A5Q7Q,B08P3YBW2V,Clothing_Shoes_and_Jewelry,1607702939672
AGXVBIUFLFGMVLATYXHJYL4A5Q7Q,B07C71DHBG,Clothing_Shoes_and_Jewelry,1530556907913
AGXVBIUFLFGMVLATYXHJYL4A5Q7Q,B003ES5SCK,Clothing_Shoes_and_Jewelry,1428326100000
AGXVBIUFLFGMVLATYXHJYL4A5Q7Q,B07QPPXS2X,Clothing_Shoes_and_Jewelry,1417102521000
AGKHLEW2SOWHNMFQIJGBECAF7INQ,B09P66ZLDX,Clothing_Shoes_and_Jewelry,1674767297260
AGKHLEW2SOWHNMFQIJGBECAF7INQ,B09Q7G1MMW,Clothing_Shoes_and_Jewelry,1628137560563
AGKHLEW2SOWHNMFQIJGBECAF7INQ,B09Q7D5NZW,Clothing_Shoes_and_Jewelry,1628137202366
AGKHLEW2SOWHNMFQIJGBECAF7INQ,B00IP8QFNK,Clothing_Shoes_and_Jewelry,1588626339041
AGKHLEW2SOWHNMFQIJGBECAF7INQ,B0BRX8TCWS,Clothing_Shoes_and_Jewelry,1588626158128
AGKHLEW2SOWHNMFQIJGBECAF7INQ,B0C1TDJ9HZ,Clothing_Shoes_and_Jewelry,1563855378879
AGKHLEW2SOWHNMFQIJGBECAF7INQ,B01KUKY2O4,Clothing_Shoes_and_Jewelry,1527371912404
AGKHLEW2SOWHNMFQIJGBECAF7INQ,B0BRGXK97Q,Clothing_Shoes_and_Jewelry,1527371620159
AGKHLEW2SOWHNMFQIJGBECAF7INQ,B01KORWZBU,Clothing_Shoes_and_Jewelry,1527371520090
AGKHLEW2SOWHNMFQIJGBECAF7INQ,B085RX192V,Clothing_Shoes_and_Jewelry,1504999106713
AGKHLEW2SOWHNMFQIJGBECAF7INQ,B01HP7L6QC,Clothing_Shoes_and_Jewelry,1504830056856
AFE337D2J37YRU5U6MVTVKNDKWDA,B07GWQ8BG1,Clothing_Shoes_and_Jewelry,1615506705418
AFE337D2J37YRU5U6MVTVKNDKWDA,B07WP1VDG9,Clothing_Shoes_and_Jewelry,1604547651788
AGBFYI2DDIKXC5Y4FARTYDTQBMFQ,B0C4H7ZB6F,Clothing_Shoes_and_Jewelry,1620358581098
AGBFYI2DDIKXC5Y4FARTYDTQBMFQ,B087P7MTPH,Clothing_Shoes_and_Jewelry,1620358383073
AGBFYI2DDIKXC5Y4FARTYDTQBMFQ,B08DTC2659,Clothing_Shoes_and_Jewelry,1620158657236
AGBFYI2DDIKXC5Y4FARTYDTQBMFQ,B015GI5HR6,Clothing_Shoes_and_Jewelry,1620105129497
AGBFYI2DDIKXC5Y4FARTYDTQBMFQ,B0823SMVS7,Clothing_Shoes_and_Jewelry,1620105030721
AGBFYI2DDIKXC5Y4FARTYDTQBMFQ,B07SP6P8FZ,Clothing_Shoes_and_Jewelry,1617075051642
AGBFYI2DDIKXC5Y4FARTYDTQBMFQ,B0C41ZSV6Y,Clothing_Shoes_and_Jewelry,1614032645270
AGBFYI2DDIKXC5Y4FARTYDTQBMFQ,B07G8KHX8V,Clothing_Shoes_and_Jewelry,1611936807324
AGBFYI2DDIKXC5Y4FARTYDTQBMFQ,B08TK24632,Clothing_Shoes_and_Jewelry,1606762356071
AGBFYI2DDIKXC5Y4FARTYDTQBMFQ,B0714D5LNJ,Clothing_Shoes_and_Jewelry,1605455790941
AGBFYI2DDIKXC5Y4FARTYDTQBMFQ,B09WBFZRWD,Clothing_Shoes_and_Jewelry,1603133024154
AGBFYI2DDIKXC5Y4FARTYDTQBMFQ,B00NQYTXXW,Clothing_Shoes_and_Jewelry,1602553538522
AGBFYI2DDIKXC5Y4FARTYDTQBMFQ,B07Z9ZK14T,Clothing_Shoes_and_Jewelry,1602547838778
AGBFYI2DDIKXC5Y4FARTYDTQBMFQ,B0BP19WZ3T,Clothing_Shoes_and_Jewelry,1597947942379
AGBFYI2DDIKXC5Y4FARTYDTQBMFQ,B0099EWZ38,Clothing_Shoes_and_Jewelry,1597714651263
AGBFYI2DDIKXC5Y4FARTYDTQBMFQ,B07PG33SK5,Clothing_Shoes_and_Jewelry,1589549024280
AGBFYI2DDIKXC5Y4FARTYDTQBMFQ,B0B9ZYDDZ1,Clothing_Shoes_and_Jewelry,1582053546384
AGBFYI2DDIKXC5Y4FARTYDTQBMFQ,B0BYT41CVB,Clothing_Shoes_and_Jewelry,1578527465894
AGBFYI2DDIKXC5Y4FARTYDTQBMFQ,B0BBSM8SSR,Clothing_Shoes_and_Jewelry,1549383447542
AGBFYI2DDIKXC5Y4FARTYDTQBMFQ,B0BH4XV9JC,Clothing_Shoes_and_Jewelry,1540580639054
AGBFYI2DDIKXC5Y4FARTYDTQBMFQ,B09ZL4W5T8,Clothing_Shoes_and_Jewelry,1535058677377
AGBFYI2DDIKXC5Y4FARTYDTQBMFQ,B083G34TB8,Clothing_Shoes_and_Jewelry,1535058634800
AGBFYI2DDIKXC5Y4FARTYDTQBMFQ,B075B41Y9Z,Clothing_Shoes_and_Jewelry,1535056286906
AGBFYI2DDIKXC5Y4FARTYDTQBMFQ,B01N9VHLUB,Clothing_Shoes_and_Jewelry,1535056006571
AGBFYI2DDIKXC5Y4FARTYDTQBMFQ,B01D8MNCPG,Clothing_Shoes_and_Jewelry,1481817389000
AGBFYI2DDIKXC5Y4FARTYDTQBMFQ,B07YSWFQPS,Clothing_Shoes_and_Jewelry,1481124514000
AGBFYI2DDIKXC5Y4FARTYDTQBMFQ,B0BB11SLBC,Clothing_Shoes_and_Jewelry,1479071543000
AGBFYI2DDIKXC5Y4FARTYDTQBMFQ,B00Q5DT37W,Clothing_Shoes_and_Jewelry,1476417690000
AGBFYI2DDIKXC5Y4FARTYDTQBMFQ,B08CF316KG,Clothing_Shoes_and_Jewelry,1475175292000
AGBFYI2DDIKXC5Y4FARTYDTQBMFQ,B0074SCNCY,Clothing_Shoes_and_Jewelry,1424294690000
AGBFYI2DDIKXC5Y4FARTYDTQBMFQ,B0073RLB6U,Clothing_Shoes_and_Jewelry,1422307966000
AEVWAM3YWN5URJVJIZZ6XPD2MKIA,B0C3YJMRRD,Clothing_Shoes_and_Jewelry,1673397902885
AEVWAM3YWN5URJVJIZZ6XPD2MKIA,B07HHVNZ9W,Clothing_Shoes_and_Jewelry,1619729796494
AEVWAM3YWN5URJVJIZZ6XPD2MKIA,B01LZENPEB,Clothing_Shoes_and_Jewelry,1552909442128
AEVWAM3YWN5URJVJIZZ6XPD2MKIA,B07JJC3DJ2,Clothing_Shoes_and_Jewelry,1544805879178
AEVWAM3YWN5URJVJIZZ6XPD2MKIA,B00VMGV29Y,Clothing_Shoes_and_Jewelry,1523968852213
AEWUBEVXD7CKWOQ46K56K7BIQPBQ,B0C6M9GWDF,Clothing_Shoes_and_Jewelry,1603201626032
AFTC6ZR5IKNRDG5JCPVNVMU3XV2Q,B08XVRZB7N,Clothing_Shoes_and_Jewelry,1577637498169
AFTC6ZR5IKNRDG5JCPVNVMU3XV2Q,B00PY064TW,Clothing_Shoes_and_Jewelry,1464791870000
AFTC6ZR5IKNRDG5JCPVNVMU3XV2Q,B0713TKXLT,Clothing_Shoes_and_Jewelry,1464791758000
AFTC6ZR5IKNRDG5JCPVNVMU3XV2Q,B0B2RL44XD,Clothing_Shoes_and_Jewelry,1427592066000
AEAUZK2OLWXD75AWJOCCGGCL3H2A,B07MZ4JBPH,Clothing_Shoes_and_Jewelry,1574353212775
AEAUZK2OLWXD75AWJOCCGGCL3H2A,B008GS1PJS,Clothing_Shoes_and_Jewelry,1376359966000
AE74DYR3QUGVPZJ3P7RFWBGIX7XQ,B091FRBPKQ,Clothing_Shoes_and_Jewelry,1674581906594
AE74DYR3QUGVPZJ3P7RFWBGIX7XQ,B0BG25LHV2,Clothing_Shoes_and_Jewelry,1672460373313
AE74DYR3QUGVPZJ3P7RFWBGIX7XQ,B09VN5J1YZ,Clothing_Shoes_and_Jewelry,1667624355866
AE74DYR3QUGVPZJ3P7RFWBGIX7XQ,B0876WXMWZ,Clothing_Shoes_and_Jewelry,1663015990719
AE74DYR3QUGVPZJ3P7RFWBGIX7XQ,B09Q892F4X,Clothing_Shoes_and_Jewelry,1661827498586
AE74DYR3QUGVPZJ3P7RFWBGIX7XQ,B09BTPGYG8,Clothing_Shoes_and_Jewelry,1661225181640
AE74DYR3QUGVPZJ3P7RFWBGIX7XQ,B09Q6TQ6SP,Clothing_Shoes_and_Jewelry,1661147197323
AE74DYR3QUGVPZJ3P7RFWBGIX7XQ,B07FNBKCKT,Clothing_Shoes_and_Jewelry,1641182447786
AE74DYR3QUGVPZJ3P7RFWBGIX7XQ,B07BHSZNZ8,Clothing_Shoes_and_Jewelry,1638716360388
AE74DYR3QUGVPZJ3P7RFWBGIX7XQ,B07WMZ1Y95,Clothing_Shoes_and_Jewelry,1638039645551
AE74DYR3QUGVPZJ3P7RFWBGIX7XQ,B0C4LG6249,Clothing_Shoes_and_Jewelry,1635870350547
AE74DYR3QUGVPZJ3P7RFWBGIX7XQ,B082XS4N7F,Clothing_Shoes_and_Jewelry,1635870295066
AE74DYR3QUGVPZJ3P7RFWBGIX7XQ,B079PX432V,Clothing_Shoes_and_Jewelry,1635870122800
AE74DYR3QUGVPZJ3P7RFWBGIX7XQ,B08P4KTHZV,Clothing_Shoes_and_Jewelry,1628891581072
AE74DYR3QUGVPZJ3P7RFWBGIX7XQ,B097QZ1RGR,Clothing_Shoes_and_Jewelry,1623606672514
AE74DYR3QUGVPZJ3P7RFWBGIX7XQ,B0C4DGQZK2,Clothing_Shoes_and_Jewelry,1623606573260
AE74DYR3QUGVPZJ3P7RFWBGIX7XQ,B09NWG7D65,Clothing_Shoes_and_Jewelry,1623422786449
AE74DYR3QUGVPZJ3P7RFWBGIX7XQ,B088PNKPKG,Clothing_Shoes_and_Jewelry,1623422589351
AE74DYR3QUGVPZJ3P7RFWBGIX7XQ,B0BMZD27Q1,Clothing_Shoes_and_Jewelry,1612033148480
AE74DYR3QUGVPZJ3P7RFWBGIX7XQ,B0746QFSZB,Clothing_Shoes_and_Jewelry,1608595967985
AE74DYR3QUGVPZJ3P7RFWBGIX7XQ,B08925637L,Clothing_Shoes_and_Jewelry,1594489036636
AE74DYR3QUGVPZJ3P7RFWBGIX7XQ,B09CDXCV76,Clothing_Shoes_and_Jewelry,1590270871997
AE74DYR3QUGVPZJ3P7RFWBGIX7XQ,B0817PMCNH,Clothing_Shoes_and_Jewelry,1590270632527
AE74DYR3QUGVPZJ3P7RFWBGIX7XQ,B0866HHMQZ,Clothing_Shoes_and_Jewelry,1589484516094
AE74DYR3QUGVPZJ3P7RFWBGIX7XQ,B07Q4VK996,Clothing_Shoes_and_Jewelry,1582479565129
AE74DYR3QUGVPZJ3P7RFWBGIX7XQ,B06XJ4YDRW,Clothing_Shoes_and_Jewelry,1565223307168
AE74DYR3QUGVPZJ3P7RFWBGIX7XQ,B074Z6264S,Clothing_Shoes_and_Jewelry,1565223195227
AE74DYR3QUGVPZJ3P7RFWBGIX7XQ,B00YNKGR6E,Clothing_Shoes_and_Jewelry,1483326480000
AFAHVT5FXHSIGNDR7YZK3FOCW3YA,B0982FRC3T,Clothing_Shoes_and_Jewelry,1533057444153
AFQLNQNQYFWQZPJQZS6V3NZU4QBQ,B09N3KC5QG,Clothing_Shoes_and_Jewelry,1609279147370
AFQLNQNQYFWQZPJQZS6V3NZU4QBQ,B089368ZCX,Clothing_Shoes_and_Jewelry,1608426076568
AFQLNQNQYFWQZPJQZS6V3NZU4QBQ,B07C1Z2JLC,Clothing_Shoes_and_Jewelry,1606084208122
AHITBJSS7KYUBVZPX7M2WJCOIVKQ,B09ZHV5FN3,Clothing_Shoes_and_Jewelry,1668741370968
AHITBJSS7KYUBVZPX7M2WJCOIVKQ,B07V33GN1Q,Clothing_Shoes_and_Jewelry,1651801776168
AHITBJSS7KYUBVZPX7M2WJCOIVKQ,B01IB0KNFC,Clothing_Shoes_and_Jewelry,1627655483913
AHITBJSS7KYUBVZPX7M2WJCOIVKQ,B08C7VDJ2H,Clothing_Shoes_and_Jewelry,1606858557779
AHITBJSS7KYUBVZPX7M2WJCOIVKQ,B0BJ52SNMY,Clothing_Shoes_and_Jewelry,1603299626014
AHITBJSS7KYUBVZPX7M2WJCOIVKQ,B079N49KN2,Clothing_Shoes_and_Jewelry,1603299350263
AHITBJSS7KYUBVZPX7M2WJCOIVKQ,B07FDWZBPK,Clothing_Shoes_and_Jewelry,1603299210234
AHITBJSS7KYUBVZPX7M2WJCOIVKQ,B07DRRV34R,Clothing_Shoes_and_Jewelry,1603299007946
AHITBJSS7KYUBVZPX7M2WJCOIVKQ,B01MT1L2P7,Clothing_Shoes_and_Jewelry,1603298714513
AHITBJSS7KYUBVZPX7M2WJCOIVKQ,B0BWJQBN27,Clothing_Shoes_and_Jewelry,1603297789226
AHITBJSS7KYUBVZPX7M2WJCOIVKQ,B074N8H5NP,Clothing_Shoes_and_Jewelry,1598748438659
AHITBJSS7KYUBVZPX7M2WJCOIVKQ,B077GQV9V2,Clothing_Shoes_and_Jewelry,1598748286817
AHITBJSS7KYUBVZPX7M2WJCOIVKQ,B082TMPTXH,Clothing_Shoes_and_Jewelry,1581732308857
AHITBJSS7KYUBVZPX7M2WJCOIVKQ,B08TCS5TPF,Clothing_Shoes_and_Jewelry,1574096882055
AHITBJSS7KYUBVZPX7M2WJCOIVKQ,B07L1FKVPD,Clothing_Shoes_and_Jewelry,1562948646246
AHITBJSS7KYUBVZPX7M2WJCOIVKQ,B09175BYM6,Clothing_Shoes_and_Jewelry,1561776140744
AHITBJSS7KYUBVZPX7M2WJCOIVKQ,B01B4URVBU,Clothing_Shoes_and_Jewelry,1560027987787
AHITBJSS7KYUBVZPX7M2WJCOIVKQ,B005A5SUES,Clothing_Shoes_and_Jewelry,1560027193053
AHITBJSS7KYUBVZPX7M2WJCOIVKQ,B09HSVSDCH,Clothing_Shoes_and_Jewelry,1560027109961
AHITBJSS7KYUBVZPX7M2WJCOIVKQ,B0C3WLLYW9,Clothing_Shoes_and_Jewelry,1560014405907
AHITBJSS7KYUBVZPX7M2WJCOIVKQ,B075MH7PZ9,Clothing_Shoes_and_Jewelry,1560013814394
AHITBJSS7KYUBVZPX7M2WJCOIVKQ,B07BW9GYFY,Clothing_Shoes_and_Jewelry,1560013530974
AHITBJSS7KYUBVZPX7M2WJCOIVKQ,B07BZDXVSB,Clothing_Shoes_and_Jewelry,1560013090931
AHITBJSS7KYUBVZPX7M2WJCOIVKQ,B01E2JH7O6,Clothing_Shoes_and_Jewelry,1472169507000
AHITBJSS7KYUBVZPX7M2WJCOIVKQ,B00FB6J8YW,Clothing_Shoes_and_Jewelry,1449794917000
AHITBJSS7KYUBVZPX7M2WJCOIVKQ,B00J8IHFGC,Clothing_Shoes_and_Jewelry,1432342934000
AHITBJSS7KYUBVZPX7M2WJCOIVKQ,B00F1CCBS6,Clothing_Shoes_and_Jewelry,1432342723000
AHITBJSS7KYUBVZPX7M2WJCOIVKQ,B09M6XCMHJ,Clothing_Shoes_and_Jewelry,1432342373000
AERGOXGAFZ2J3ZMHXVLZQGTW36RA,B07PF1T3PN,Clothing_Shoes_and_Jewelry,1650083248901
AHVC23XPR4J63SSNSIRNG4H6AEWQ,B09Y2TYH71,Clothing_Shoes_and_Jewelry,1630214256752
AHVC23XPR4J63SSNSIRNG4H6AEWQ,B079N49KN2,Clothing_Shoes_and_Jewelry,1596406447002
AHVC23XPR4J63SSNSIRNG4H6AEWQ,B07S22BQCK,Clothing_Shoes_and_Jewelry,1574889662835
AHVC23XPR4J63SSNSIRNG4H6AEWQ,B0C55V2Y3Q,Clothing_Shoes_and_Jewelry,1564106017621
AHVC23XPR4J63SSNSIRNG4H6AEWQ,B09BPW6HPX,Clothing_Shoes_and_Jewelry,1561500912460
AHNCL7NLOKEPI7UADY4TIXN3UTFA,B08S398SK5,Clothing_Shoes_and_Jewelry,1673032189807
AHNCL7NLOKEPI7UADY4TIXN3UTFA,B094W6VZGC,Clothing_Shoes_and_Jewelry,1614333755843
AFEAJQIVVIZCTKQNNHD73H7VQSPQ,B01N4GEZTB,Clothing_Shoes_and_Jewelry,1575942693323
AFVNEEPDEIH5SPUN5BWC6NKL3WNQ,B08S382SDX,Clothing_Shoes_and_Jewelry,1672581397938
AFVNEEPDEIH5SPUN5BWC6NKL3WNQ,B096TL6GP9,Clothing_Shoes_and_Jewelry,1640948070879
AFVNEEPDEIH5SPUN5BWC6NKL3WNQ,B0714CRNL5,Clothing_Shoes_and_Jewelry,1637115134933
AFVNEEPDEIH5SPUN5BWC6NKL3WNQ,B0B62QD6RK,Clothing_Shoes_and_Jewelry,1608918655526
AFVNEEPDEIH5SPUN5BWC6NKL3WNQ,B08F8KW9V9,Clothing_Shoes_and_Jewelry,1580472017318
AFVNEEPDEIH5SPUN5BWC6NKL3WNQ,B07MQ4217D,Clothing_Shoes_and_Jewelry,1580471523959
AFVNEEPDEIH5SPUN5BWC6NKL3WNQ,B07GCXLLTM,Clothing_Shoes_and_Jewelry,1580471436982
AFVNEEPDEIH5SPUN5BWC6NKL3WNQ,B07D34BF9S,Clothing_Shoes_and_Jewelry,1554057659472
AFVNEEPDEIH5SPUN5BWC6NKL3WNQ,B07KCN4G6T,Clothing_Shoes_and_Jewelry,1546821254933
AFVNEEPDEIH5SPUN5BWC6NKL3WNQ,B072BXHPC5,Clothing_Shoes_and_Jewelry,1546289623165
AFVNEEPDEIH5SPUN5BWC6NKL3WNQ,B000XR4OC0,Clothing_Shoes_and_Jewelry,1546289589069
AGQW2VVGIE5EVX6QUHDBHJCAH6PQ,B0C6G987VK,Clothing_Shoes_and_Jewelry,1669412803943
AFDERBL3G23J5U6HHQBAZLTREKOA,B0BQVWJRMR,Clothing_Shoes_and_Jewelry,1673115988719
AFDERBL3G23J5U6HHQBAZLTREKOA,B073XLK7FF,Clothing_Shoes_and_Jewelry,1658600062459
AFDERBL3G23J5U6HHQBAZLTREKOA,B08HCGZ7VZ,Clothing_Shoes_and_Jewelry,1645724916764
AFDERBL3G23J5U6HHQBAZLTREKOA,B074CSSC8S,Clothing_Shoes_and_Jewelry,1642883314956
AHXSBZT52TCPZUBVCBRICTHWUCBA,B0BYC79F57,Clothing_Shoes_and_Jewelry,1649887121671
AHXSBZT52TCPZUBVCBRICTHWUCBA,B08QRQCL63,Clothing_Shoes_and_Jewelry,1518124423434
AHXSBZT52TCPZUBVCBRICTHWUCBA,B07BJL7L62,Clothing_Shoes_and_Jewelry,1415023898000
AHXSBZT52TCPZUBVCBRICTHWUCBA,B006VSRKN0,Clothing_Shoes_and_Jewelry,1415023838000
AHGTHCERTEZUXNBLJ5SWHK2CDLXA,B01MTDK0I0,Clothing_Shoes_and_Jewelry,1664181246613
AHGTHCERTEZUXNBLJ5SWHK2CDLXA,B08YDWX6B7,Clothing_Shoes_and_Jewelry,1656372778146
AHGTHCERTEZUXNBLJ5SWHK2CDLXA,B09TGX1TWT,Clothing_Shoes_and_Jewelry,1656032614041
AHGTHCERTEZUXNBLJ5SWHK2CDLXA,B0859KW5NV,Clothing_Shoes_and_Jewelry,1649103945383
AHGTHCERTEZUXNBLJ5SWHK2CDLXA,B0779VRNK6,Clothing_Shoes_and_Jewelry,1640829494099
AHGTHCERTEZUXNBLJ5SWHK2CDLXA,B085L8HS4T,Clothing_Shoes_and_Jewelry,1624397856580
AHGTHCERTEZUXNBLJ5SWHK2CDLXA,B0928S65FW,Clothing_Shoes_and_Jewelry,1624236093872
AHGTHCERTEZUXNBLJ5SWHK2CDLXA,B09VW6VSNN,Clothing_Shoes_and_Jewelry,1618876380603
AHGTHCERTEZUXNBLJ5SWHK2CDLXA,B082771XLV,Clothing_Shoes_and_Jewelry,1613945195190
AHGTHCERTEZUXNBLJ5SWHK2CDLXA,B07D38LTVZ,Clothing_Shoes_and_Jewelry,1606863472383
AHGTHCERTEZUXNBLJ5SWHK2CDLXA,B0781ZRNJZ,Clothing_Shoes_and_Jewelry,1594383256460
AHGTHCERTEZUXNBLJ5SWHK2CDLXA,B097WZT5F8,Clothing_Shoes_and_Jewelry,1498081986130
AHGTHCERTEZUXNBLJ5SWHK2CDLXA,B01J23NWOG,Clothing_Shoes_and_Jewelry,1491431341000
AFEIN7QWSQ6EFW45LKD7ZOCSMLGQ,B07H5G8D7R,Clothing_Shoes_and_Jewelry,1640758290535
AFEIN7QWSQ6EFW45LKD7ZOCSMLGQ,B09SGTVP68,Clothing_Shoes_and_Jewelry,1623534969445
AFEIN7QWSQ6EFW45LKD7ZOCSMLGQ,B07PLZQ6YV,Clothing_Shoes_and_Jewelry,1561490600866
AFEIN7QWSQ6EFW45LKD7ZOCSMLGQ,B00AMBMGXG,Clothing_Shoes_and_Jewelry,1396076957000
AHBHMMUTJ5W3SZUHVKUP35ZYKUHA,B095W5WHNC,Clothing_Shoes_and_Jewelry,1658950102411
AHBHMMUTJ5W3SZUHVKUP35ZYKUHA,B07JZ5Z926,Clothing_Shoes_and_Jewelry,1596734642008
AHBHMMUTJ5W3SZUHVKUP35ZYKUHA,B07Q84R7RW,Clothing_Shoes_and_Jewelry,1584832942353
AHBHMMUTJ5W3SZUHVKUP35ZYKUHA,B08476NC5X,Clothing_Shoes_and_Jewelry,1581646917084
AHBHMMUTJ5W3SZUHVKUP35ZYKUHA,B09WL6LJ4Z,Clothing_Shoes_and_Jewelry,1581102682869
AHBHMMUTJ5W3SZUHVKUP35ZYKUHA,B07YDNKS9F,Clothing_Shoes_and_Jewelry,1579580419197
AHBHMMUTJ5W3SZUHVKUP35ZYKUHA,B06XCVK54F,Clothing_Shoes_and_Jewelry,1578370433391
AHBHMMUTJ5W3SZUHVKUP35ZYKUHA,B07DDB5YFJ,Clothing_Shoes_and_Jewelry,1571702295294
AHBHMMUTJ5W3SZUHVKUP35ZYKUHA,B09M5ZN97B,Clothing_Shoes_and_Jewelry,1569210712345
AHBHMMUTJ5W3SZUHVKUP35ZYKUHA,B074TWL5HV,Clothing_Shoes_and_Jewelry,1569210588576
AHBHMMUTJ5W3SZUHVKUP35ZYKUHA,B07DB1MT4R,Clothing_Shoes_and_Jewelry,1569210320954
AHBHMMUTJ5W3SZUHVKUP35ZYKUHA,B07G6Y5RSJ,Clothing_Shoes_and_Jewelry,1558116811260
AHBHMMUTJ5W3SZUHVKUP35ZYKUHA,B09MHTR424,Clothing_Shoes_and_Jewelry,1558116732580
AHBHMMUTJ5W3SZUHVKUP35ZYKUHA,B01MXEZE6O,Clothing_Shoes_and_Jewelry,1558116625818
AHBHMMUTJ5W3SZUHVKUP35ZYKUHA,B09MHMFKJQ,Clothing_Shoes_and_Jewelry,1558116344250
AHBHMMUTJ5W3SZUHVKUP35ZYKUHA,B07CQS33L3,Clothing_Shoes_and_Jewelry,1556067623022
AHBHMMUTJ5W3SZUHVKUP35ZYKUHA,B07X1G5PBB,Clothing_Shoes_and_Jewelry,1554256285054
AHBHMMUTJ5W3SZUHVKUP35ZYKUHA,B07C9RJB7J,Clothing_Shoes_and_Jewelry,1548354420729
AHBHMMUTJ5W3SZUHVKUP35ZYKUHA,B00A26LUUQ,Clothing_Shoes_and_Jewelry,1546301125945
AHBHMMUTJ5W3SZUHVKUP35ZYKUHA,B015JH1ZZC,Clothing_Shoes_and_Jewelry,1543358325082
AHBHMMUTJ5W3SZUHVKUP35ZYKUHA,B099NF11VV,Clothing_Shoes_and_Jewelry,1537918542271
AHBHMMUTJ5W3SZUHVKUP35ZYKUHA,B01MQIQ9KU,Clothing_Shoes_and_Jewelry,1536511744987
AHBHMMUTJ5W3SZUHVKUP35ZYKUHA,B078XF8WHD,Clothing_Shoes_and_Jewelry,1533782179427
AHBHMMUTJ5W3SZUHVKUP35ZYKUHA,B0896WXHH5,Clothing_Shoes_and_Jewelry,1504373330181
AHBHMMUTJ5W3SZUHVKUP35ZYKUHA,B017KYHIB2,Clothing_Shoes_and_Jewelry,1497817074584
AHBHMMUTJ5W3SZUHVKUP35ZYKUHA,B00KSZ231G,Clothing_Shoes_and_Jewelry,1432585117000
AHBHMMUTJ5W3SZUHVKUP35ZYKUHA,B00N9OKVVM,Clothing_Shoes_and_Jewelry,1431278706000
AFJTRBXMURLHS5EGNXLUHDHIZRFQ,B0C62QP4L8,Clothing_Shoes_and_Jewelry,1645543057139
AFJTRBXMURLHS5EGNXLUHDHIZRFQ,B01MT8NEMQ,Clothing_Shoes_and_Jewelry,1637557663193
AFJTRBXMURLHS5EGNXLUHDHIZRFQ,B07K6LGV3B,Clothing_Shoes_and_Jewelry,1563125213280
AFJTRBXMURLHS5EGNXLUHDHIZRFQ,B07MBFBVX4,Clothing_Shoes_and_Jewelry,1561659184562
AFJTRBXMURLHS5EGNXLUHDHIZRFQ,B07QYN3S48,Clothing_Shoes_and_Jewelry,1561659092672
AFJTRBXMURLHS5EGNXLUHDHIZRFQ,B07C8M11PK,Clothing_Shoes_and_Jewelry,1561658948999
AFJTRBXMURLHS5EGNXLUHDHIZRFQ,B07G9SPHF3,Clothing_Shoes_and_Jewelry,1561658672552
AFJTRBXMURLHS5EGNXLUHDHIZRFQ,B07CXRG3D9,Clothing_Shoes_and_Jewelry,1561658443150
AFJTRBXMURLHS5EGNXLUHDHIZRFQ,B01DDVFT8U,Clothing_Shoes_and_Jewelry,1561658328203
AHSPLDNW5OOUK2PLH7GXLACFBZNQ,B000VK6QTI,Clothing_Shoes_and_Jewelry,1658595214218
AHSPLDNW5OOUK2PLH7GXLACFBZNQ,B09PBQN578,Clothing_Shoes_and_Jewelry,1647406928443
AHSPLDNW5OOUK2PLH7GXLACFBZNQ,B07L6J25KG,Clothing_Shoes_and_Jewelry,1574891342292
AHSPLDNW5OOUK2PLH7GXLACFBZNQ,B07KVR5P2V,Clothing_Shoes_and_Jewelry,1568739832872
AHSPLDNW5OOUK2PLH7GXLACFBZNQ,B07QFP53QS,Clothing_Shoes_and_Jewelry,1568739654639
AHSPLDNW5OOUK2PLH7GXLACFBZNQ,B017BFAPGA,Clothing_Shoes_and_Jewelry,1563967101617
AHSPLDNW5OOUK2PLH7GXLACFBZNQ,B00EJCM1KW,Clothing_Shoes_and_Jewelry,1556388378813
AHSPLDNW5OOUK2PLH7GXLACFBZNQ,B00MBR5OHO,Clothing_Shoes_and_Jewelry,1449000859000
AHSPLDNW5OOUK2PLH7GXLACFBZNQ,B07CDP44DB,Clothing_Shoes_and_Jewelry,1449000576000
AHSPLDNW5OOUK2PLH7GXLACFBZNQ,B01G1LHC0C,Clothing_Shoes_and_Jewelry,1449000499000
AHSPLDNW5OOUK2PLH7GXLACFBZNQ,B004A9FI2M,Clothing_Shoes_and_Jewelry,1448999475000
AHSPLDNW5OOUK2PLH7GXLACFBZNQ,B017NY0QYU,Clothing_Shoes_and_Jewelry,1445877032000
AHSPLDNW5OOUK2PLH7GXLACFBZNQ,B00A6G8IT8,Clothing_Shoes_and_Jewelry,1414763594000
AHSPLDNW5OOUK2PLH7GXLACFBZNQ,B00EXFC042,Clothing_Shoes_and_Jewelry,1369596525000
AHP33HWZXHK3LO2EOA5YJKF4KDIQ,B075JDMV12,Clothing_Shoes_and_Jewelry,1575418003801
AHP33HWZXHK3LO2EOA5YJKF4KDIQ,B07LCG7SQM,Clothing_Shoes_and_Jewelry,1575417824100
AHTTU2FL6FCNBBAESCJHOHHSSW7A,B07SXH69DR,Clothing_Shoes_and_Jewelry,1609960927203
AGBUJDDLRJIUJFTKPABJT6CJTHRQ,B078P1K2M7,Clothing_Shoes_and_Jewelry,1577439068344
AGBUJDDLRJIUJFTKPABJT6CJTHRQ,B099ZKM2XZ,Clothing_Shoes_and_Jewelry,1577439014093
AGBUJDDLRJIUJFTKPABJT6CJTHRQ,B07W7VMKYF,Clothing_Shoes_and_Jewelry,1577438828122
AGBUJDDLRJIUJFTKPABJT6CJTHRQ,B07PMH9GFC,Clothing_Shoes_and_Jewelry,1576168445685
AGXFEGMNVCSTSYYA5UWXDV7AFSXA,B07HRDFDHB,Clothing_Shoes_and_Jewelry,1676753882056
AGXFEGMNVCSTSYYA5UWXDV7AFSXA,B09K44FY9V,Clothing_Shoes_and_Jewelry,1676752331493
AGXFEGMNVCSTSYYA5UWXDV7AFSXA,B0BV29CJLM,Clothing_Shoes_and_Jewelry,1674762024638
AGXFEGMNVCSTSYYA5UWXDV7AFSXA,B0B6CJWDXB,Clothing_Shoes_and_Jewelry,1666289869739
AGXFEGMNVCSTSYYA5UWXDV7AFSXA,B084VL8ZYJ,Clothing_Shoes_and_Jewelry,1661609264591
AGXFEGMNVCSTSYYA5UWXDV7AFSXA,B08X8MW636,Clothing_Shoes_and_Jewelry,1660503859882
AGXFEGMNVCSTSYYA5UWXDV7AFSXA,B09N16L76J,Clothing_Shoes_and_Jewelry,1658693468271
AGXFEGMNVCSTSYYA5UWXDV7AFSXA,B098QHKH4B,Clothing_Shoes_and_Jewelry,1650825108913
AGXFEGMNVCSTSYYA5UWXDV7AFSXA,B08VHBJ845,Clothing_Shoes_and_Jewelry,1624044562536
AGXFEGMNVCSTSYYA5UWXDV7AFSXA,B0C15FHBQ2,Clothing_Shoes_and_Jewelry,1619302058392
AGXFEGMNVCSTSYYA5UWXDV7AFSXA,B01LD8KTJ4,Clothing_Shoes_and_Jewelry,1618177801741
AGXFEGMNVCSTSYYA5UWXDV7AFSXA,B08SMDJG1H,Clothing_Shoes_and_Jewelry,1618177263390
AGXFEGMNVCSTSYYA5UWXDV7AFSXA,B09HT4YFZW,Clothing_Shoes_and_Jewelry,1618177126437
AGXFEGMNVCSTSYYA5UWXDV7AFSXA,B0C15FHBQ2,Clothing_Shoes_and_Jewelry,1618177014065
AGXFEGMNVCSTSYYA5UWXDV7AFSXA,B088W475MS,Clothing_Shoes_and_Jewelry,1612045703176
AGXFEGMNVCSTSYYA5UWXDV7AFSXA,B0BLXPNPQV,Clothing_Shoes_and_Jewelry,1612045323773
AGXFEGMNVCSTSYYA5UWXDV7AFSXA,B07R9RJM81,Clothing_Shoes_and_Jewelry,1602100548420
AGXFEGMNVCSTSYYA5UWXDV7AFSXA,B0B4JK43ZP,Clothing_Shoes_and_Jewelry,1602100182383
AGXFEGMNVCSTSYYA5UWXDV7AFSXA,B0813X1RBR,Clothing_Shoes_and_Jewelry,1596306172353
AGXFEGMNVCSTSYYA5UWXDV7AFSXA,B073RHZ35F,Clothing_Shoes_and_Jewelry,1589664381343
AGXFEGMNVCSTSYYA5UWXDV7AFSXA,B0C3B6HZGC,Clothing_Shoes_and_Jewelry,1574775043026
AGXFEGMNVCSTSYYA5UWXDV7AFSXA,B0BLTQDRT5,Clothing_Shoes_and_Jewelry,1574774971200
AGXFEGMNVCSTSYYA5UWXDV7AFSXA,B07YP57VPK,Clothing_Shoes_and_Jewelry,1574774916277
AGXFEGMNVCSTSYYA5UWXDV7AFSXA,B07C2NRP3K,Clothing_Shoes_and_Jewelry,1574774820395
AGXFEGMNVCSTSYYA5UWXDV7AFSXA,B07T7RFKSR,Clothing_Shoes_and_Jewelry,1563637946511
AGXFEGMNVCSTSYYA5UWXDV7AFSXA,B098L46KLZ,Clothing_Shoes_and_Jewelry,1563637866470
AGXFEGMNVCSTSYYA5UWXDV7AFSXA,B09MWCMMN5,Clothing_Shoes_and_Jewelry,1543699572135
AGXFEGMNVCSTSYYA5UWXDV7AFSXA,B06XPDWKGZ,Clothing_Shoes_and_Jewelry,1541884221453
AGXFEGMNVCSTSYYA5UWXDV7AFSXA,B004W2OD1Y,Clothing_Shoes_and_Jewelry,1541884169267
AGXFEGMNVCSTSYYA5UWXDV7AFSXA,B07DNZ4GJZ,Clothing_Shoes_and_Jewelry,1541884131981
AGXFEGMNVCSTSYYA5UWXDV7AFSXA,B07892ZC4X,Clothing_Shoes_and_Jewelry,1529790248928
AGXFEGMNVCSTSYYA5UWXDV7AFSXA,B01K1TJRM6,Clothing_Shoes_and_Jewelry,1529790086016
AGXFEGMNVCSTSYYA5UWXDV7AFSXA,B0778DNLJL,Clothing_Shoes_and_Jewelry,1529789757884
AGXFEGMNVCSTSYYA5UWXDV7AFSXA,B0BV3C27HW,Clothing_Shoes_and_Jewelry,1529789542480
AGXFEGMNVCSTSYYA5UWXDV7AFSXA,B00HYMAMVY,Clothing_Shoes_and_Jewelry,1529789356631
AGXFEGMNVCSTSYYA5UWXDV7AFSXA,B017XEECM2,Clothing_Shoes_and_Jewelry,1497460866224
AGXFEGMNVCSTSYYA5UWXDV7AFSXA,B07CNR7DS8,Clothing_Shoes_and_Jewelry,1417804314000
AGXFEGMNVCSTSYYA5UWXDV7AFSXA,B001CBFPQ0,Clothing_Shoes_and_Jewelry,1387720767000
AGXFEGMNVCSTSYYA5UWXDV7AFSXA,B07ZPQDGV3,Clothing_Shoes_and_Jewelry,1386115419000
AGXFEGMNVCSTSYYA5UWXDV7AFSXA,B085YVFQLR,Clothing_Shoes_and_Jewelry,1386115151000
AGXFEGMNVCSTSYYA5UWXDV7AFSXA,B00166LSY4,Clothing_Shoes_and_Jewelry,1386115010000
AGXFEGMNVCSTSYYA5UWXDV7AFSXA,B000EITQOE,Clothing_Shoes_and_Jewelry,1350319397000
AGXFEGMNVCSTSYYA5UWXDV7AFSXA,B002BDUHAM,Clothing_Shoes_and_Jewelry,1350319324000
AGXFEGMNVCSTSYYA5UWXDV7AFSXA,B002KANNWU,Clothing_Shoes_and_Jewelry,1350319241000
AGXFEGMNVCSTSYYA5UWXDV7AFSXA,B006L3V5BI,Clothing_Shoes_and_Jewelry,1350318944000
AGXFEGMNVCSTSYYA5UWXDV7AFSXA,B002UXRXEQ,Clothing_Shoes_and_Jewelry,1350318737000
AEFKF6R2GUSK2AWPSWRR4ZO36JVQ,B010GNGBJ4,Clothing_Shoes_and_Jewelry,1623111207084
AEFKF6R2GUSK2AWPSWRR4ZO36JVQ,B08QZW6G6Q,Clothing_Shoes_and_Jewelry,1613452439869
AEFKF6R2GUSK2AWPSWRR4ZO36JVQ,B09DTQXJDP,Clothing_Shoes_and_Jewelry,1612914810222
AEFKF6R2GUSK2AWPSWRR4ZO36JVQ,B07F57ZSTD,Clothing_Shoes_and_Jewelry,1612914527829
AEFKF6R2GUSK2AWPSWRR4ZO36JVQ,B07BVB6W9B,Clothing_Shoes_and_Jewelry,1609828727288
AEFKF6R2GUSK2AWPSWRR4ZO36JVQ,B07QTVKNNQ,Clothing_Shoes_and_Jewelry,1579389803052
AEFKF6R2GUSK2AWPSWRR4ZO36JVQ,B0B2BCZR6D,Clothing_Shoes_and_Jewelry,1577257546812
AEFKF6R2GUSK2AWPSWRR4ZO36JVQ,B0C4TNBGVG,Clothing_Shoes_and_Jewelry,1577257038253
AEFKF6R2GUSK2AWPSWRR4ZO36JVQ,B0C3YBXFYM,Clothing_Shoes_and_Jewelry,1577256730002
AEFKF6R2GUSK2AWPSWRR4ZO36JVQ,B08JSDVT61,Clothing_Shoes_and_Jewelry,1475834055000
AF4BOHAQZZBMDYP7B6IWIKQNHTCA,B07Z1M9156,Clothing_Shoes_and_Jewelry,1651703109126
AF4BOHAQZZBMDYP7B6IWIKQNHTCA,B005MXHQXO,Clothing_Shoes_and_Jewelry,1498090118750
AFOXGPLG5WFK3D3ALTCXFQNPWZPQ,B082CXRB4F,Clothing_Shoes_and_Jewelry,1620661137877
AFOXGPLG5WFK3D3ALTCXFQNPWZPQ,B07TDTVD5C,Clothing_Shoes_and_Jewelry,1620661015782
AFFR7R7ADZWGXB57TLBOHHSFC53A,B0C2Q3NFQ1,Clothing_Shoes_and_Jewelry,1669859699648
AFFR7R7ADZWGXB57TLBOHHSFC53A,B0BB6BDP5F,Clothing_Shoes_and_Jewelry,1652264614058
AH4MB6HER73XDOV6I4ICPNT24YQQ,B07D3P1B7F,Clothing_Shoes_and_Jewelry,1651627598858
AH4MB6HER73XDOV6I4ICPNT24YQQ,B092CN783D,Clothing_Shoes_and_Jewelry,1630175977792
AH4MB6HER73XDOV6I4ICPNT24YQQ,B0B2TZDV7Y,Clothing_Shoes_and_Jewelry,1623470098067
AH4MB6HER73XDOV6I4ICPNT24YQQ,B07TVHSDMQ,Clothing_Shoes_and_Jewelry,1611943782221
AH4MB6HER73XDOV6I4ICPNT24YQQ,B071CVH7VW,Clothing_Shoes_and_Jewelry,1578888742970
AH4MB6HER73XDOV6I4ICPNT24YQQ,B09NPJRNYQ,Clothing_Shoes_and_Jewelry,1578888603687
AH4MB6HER73XDOV6I4ICPNT24YQQ,B01KSLDRQO,Clothing_Shoes_and_Jewelry,1509332232867
AH4MB6HER73XDOV6I4ICPNT24YQQ,B00T6LHERQ,Clothing_Shoes_and_Jewelry,1495150536000
AGMJ3EMDVL6OWBJF7CA5RGJLXN5A,B0C2W4FFBW,Clothing_Shoes_and_Jewelry,1580089375931
AFWHJ6O3PV4JC7PVOJH6CPULO2KQ,B07W5VKVTD,Clothing_Shoes_and_Jewelry,1618986447980
AFWHJ6O3PV4JC7PVOJH6CPULO2KQ,B07SFY2JTM,Clothing_Shoes_and_Jewelry,1612225457304
AFWHJ6O3PV4JC7PVOJH6CPULO2KQ,B0BWJQHT97,Clothing_Shoes_and_Jewelry,1524767620422
AFWHJ6O3PV4JC7PVOJH6CPULO2KQ,B09MS24623,Clothing_Shoes_and_Jewelry,1524767584680
AFWHJ6O3PV4JC7PVOJH6CPULO2KQ,B08VK9S8BL,Clothing_Shoes_and_Jewelry,1524767327891
AFWHJ6O3PV4JC7PVOJH6CPULO2KQ,B08YD9L5BT,Clothing_Shoes_and_Jewelry,1524337868859
AFWHJ6O3PV4JC7PVOJH6CPULO2KQ,B07112NVK3,Clothing_Shoes_and_Jewelry,1504898775974
AFWHJ6O3PV4JC7PVOJH6CPULO2KQ,B00V5JSA6G,Clothing_Shoes_and_Jewelry,1503616144834
AHCPZDDPHJE3G7M6ST5WGRPLXHOA,B09G27HGW9,Clothing_Shoes_and_Jewelry,1650590553078
AHCPZDDPHJE3G7M6ST5WGRPLXHOA,B08FM5686D,Clothing_Shoes_and_Jewelry,1646224678188
AHCPZDDPHJE3G7M6ST5WGRPLXHOA,B07HWS68BX,Clothing_Shoes_and_Jewelry,1646224315020
AHCPZDDPHJE3G7M6ST5WGRPLXHOA,B071S285G5,Clothing_Shoes_and_Jewelry,1563662089572
AHCPZDDPHJE3G7M6ST5WGRPLXHOA,B07GCXLLTM,Clothing_Shoes_and_Jewelry,1552148584214
AHCPZDDPHJE3G7M6ST5WGRPLXHOA,B072135YQN,Clothing_Shoes_and_Jewelry,1552148510628
AHCPZDDPHJE3G7M6ST5WGRPLXHOA,B0788JGVQ3,Clothing_Shoes_and_Jewelry,1552148237937
AHCPZDDPHJE3G7M6ST5WGRPLXHOA,B07CYCQ7YQ,Clothing_Shoes_and_Jewelry,1548623422817
AHCPZDDPHJE3G7M6ST5WGRPLXHOA,B000UMI0LO,Clothing_Shoes_and_Jewelry,1293021652000
AEWJXW46LKSW22FWTGRYTLNE7TGA,B07CKYHSP6,Clothing_Shoes_and_Jewelry,1673268943921
AEWJXW46LKSW22FWTGRYTLNE7TGA,B098F8FLYJ,Clothing_Shoes_and_Jewelry,1645977662464
AEWJXW46LKSW22FWTGRYTLNE7TGA,B097RQPKP9,Clothing_Shoes_and_Jewelry,1645977428684
AEWJXW46LKSW22FWTGRYTLNE7TGA,B083C5MHQZ,Clothing_Shoes_and_Jewelry,1645977000264
AEWJXW46LKSW22FWTGRYTLNE7TGA,B0C4STXW3B,Clothing_Shoes_and_Jewelry,1631818015842
AEWJXW46LKSW22FWTGRYTLNE7TGA,B08FG32YN3,Clothing_Shoes_and_Jewelry,1631817511408
AEWJXW46LKSW22FWTGRYTLNE7TGA,B08H38QX2Y,Clothing_Shoes_and_Jewelry,1631816577305
AEWJXW46LKSW22FWTGRYTLNE7TGA,B092VLGG3Y,Clothing_Shoes_and_Jewelry,1629403988512
AEWJXW46LKSW22FWTGRYTLNE7TGA,B0BN9DY5FV,Clothing_Shoes_and_Jewelry,1629403701100
AEWJXW46LKSW22FWTGRYTLNE7TGA,B0BV8F1H41,Clothing_Shoes_and_Jewelry,1620864555149
AEWJXW46LKSW22FWTGRYTLNE7TGA,B07BXQHQC6,Clothing_Shoes_and_Jewelry,1620864215249
AEWJXW46LKSW22FWTGRYTLNE7TGA,B098L6JFWY,Clothing_Shoes_and_Jewelry,1607973437714
AEWJXW46LKSW22FWTGRYTLNE7TGA,B0936QP9RG,Clothing_Shoes_and_Jewelry,1597178482891
AEWJXW46LKSW22FWTGRYTLNE7TGA,B01NAM4BB8,Clothing_Shoes_and_Jewelry,1580172042321
AEWJXW46LKSW22FWTGRYTLNE7TGA,B005FYNXBY,Clothing_Shoes_and_Jewelry,1572226685685
AEWJXW46LKSW22FWTGRYTLNE7TGA,B0935RZ8MX,Clothing_Shoes_and_Jewelry,1543585678948
AEWJXW46LKSW22FWTGRYTLNE7TGA,B07F5KG8V8,Clothing_Shoes_and_Jewelry,1543584336120
AEWJXW46LKSW22FWTGRYTLNE7TGA,B074R9CQVD,Clothing_Shoes_and_Jewelry,1530641682736
AEWJXW46LKSW22FWTGRYTLNE7TGA,B07BHDFD2X,Clothing_Shoes_and_Jewelry,1530641337248
AEWJXW46LKSW22FWTGRYTLNE7TGA,B012995G80,Clothing_Shoes_and_Jewelry,1515883779439
AEWJXW46LKSW22FWTGRYTLNE7TGA,B078RJP263,Clothing_Shoes_and_Jewelry,1515882775216
AEWJXW46LKSW22FWTGRYTLNE7TGA,B0BWQKLZ71,Clothing_Shoes_and_Jewelry,1515882608062
AEWJXW46LKSW22FWTGRYTLNE7TGA,B00JULWOFE,Clothing_Shoes_and_Jewelry,1515882354093
AEWJXW46LKSW22FWTGRYTLNE7TGA,B0161T5HOC,Clothing_Shoes_and_Jewelry,1488731019000
AEWJXW46LKSW22FWTGRYTLNE7TGA,B016GK26L8,Clothing_Shoes_and_Jewelry,1486463034000
AFUZ5E7QAHSVTLIY253GFAYZPN2Q,B09P785ZGZ,Clothing_Shoes_and_Jewelry,1629166991569
AH6PDU5N7P7TLLVFHCY64IFV7HIQ,B07GFJ6DRQ,Clothing_Shoes_and_Jewelry,1617208581553
AH6PDU5N7P7TLLVFHCY64IFV7HIQ,B00FPG8236,Clothing_Shoes_and_Jewelry,1519232165507
AHDZ3PFHIGTE7EOQBUMVRBFRMWJQ,B083XHFY4V,Clothing_Shoes_and_Jewelry,1665005059380
AHDZ3PFHIGTE7EOQBUMVRBFRMWJQ,B0B72B538P,Clothing_Shoes_and_Jewelry,1647207224869
AHDZ3PFHIGTE7EOQBUMVRBFRMWJQ,B07VKN1LYB,Clothing_Shoes_and_Jewelry,1647206580382
AHDZ3PFHIGTE7EOQBUMVRBFRMWJQ,B075VVRFL2,Clothing_Shoes_and_Jewelry,1647206060720
AGCS6HSZBL6OPU4V4LD5H6GMBC4Q,B0B5KNK89F,Clothing_Shoes_and_Jewelry,1678548159865
AGCS6HSZBL6OPU4V4LD5H6GMBC4Q,B08V1KPWS6,Clothing_Shoes_and_Jewelry,1626900260290
AGCS6HSZBL6OPU4V4LD5H6GMBC4Q,B07V46T4QL,Clothing_Shoes_and_Jewelry,1625711303875
AGCS6HSZBL6OPU4V4LD5H6GMBC4Q,B0B5PLB7VR,Clothing_Shoes_and_Jewelry,1591542311527
AGCS6HSZBL6OPU4V4LD5H6GMBC4Q,B01M0B3MH7,Clothing_Shoes_and_Jewelry,1578442819722
AGCS6HSZBL6OPU4V4LD5H6GMBC4Q,B07V1MKG1S,Clothing_Shoes_and_Jewelry,1575749035320
AGCS6HSZBL6OPU4V4LD5H6GMBC4Q,B07NJQ66H4,Clothing_Shoes_and_Jewelry,1575748943422
AGCS6HSZBL6OPU4V4LD5H6GMBC4Q,B01HINVZWS,Clothing_Shoes_and_Jewelry,1575748915806
AGCS6HSZBL6OPU4V4LD5H6GMBC4Q,B01LFZYSTW,Clothing_Shoes_and_Jewelry,1555542118857
AHXBL3QDWZGJYH7A5CMPFNUPMF7Q,B089QSSP7P,Clothing_Shoes_and_Jewelry,1624802329041
AHXBL3QDWZGJYH7A5CMPFNUPMF7Q,B08Z6WN1N7,Clothing_Shoes_and_Jewelry,1623757828262
AHXBL3QDWZGJYH7A5CMPFNUPMF7Q,B08YNVBYHL,Clothing_Shoes_and_Jewelry,1619272819514
AHXBL3QDWZGJYH7A5CMPFNUPMF7Q,B07G55375D,Clothing_Shoes_and_Jewelry,1596069293057
AHXBL3QDWZGJYH7A5CMPFNUPMF7Q,B07938P1FC,Clothing_Shoes_and_Jewelry,1593707967189
AHXBL3QDWZGJYH7A5CMPFNUPMF7Q,B086Z1BCH4,Clothing_Shoes_and_Jewelry,1593647376230
AHXBL3QDWZGJYH7A5CMPFNUPMF7Q,B07R1X5B9L,Clothing_Shoes_and_Jewelry,1573006786670
AHXBL3QDWZGJYH7A5CMPFNUPMF7Q,B07T1PG5PK,Clothing_Shoes_and_Jewelry,1567126778121
AHXBL3QDWZGJYH7A5CMPFNUPMF7Q,B07BQNGXLN,Clothing_Shoes_and_Jewelry,1562851512569
AHXBL3QDWZGJYH7A5CMPFNUPMF7Q,B07146J9LQ,Clothing_Shoes_and_Jewelry,1530876830788
AHXBL3QDWZGJYH7A5CMPFNUPMF7Q,B013FA38G4,Clothing_Shoes_and_Jewelry,1494981119000
AHXBL3QDWZGJYH7A5CMPFNUPMF7Q,B01ENYDQJU,Clothing_Shoes_and_Jewelry,1494981062000
AHXBL3QDWZGJYH7A5CMPFNUPMF7Q,B0BG4ZBG8Z,Clothing_Shoes_and_Jewelry,1476664776000
AHXBL3QDWZGJYH7A5CMPFNUPMF7Q,B01GVSC4H6,Clothing_Shoes_and_Jewelry,1467674997000
AHXBL3QDWZGJYH7A5CMPFNUPMF7Q,B00LPKA7PC,Clothing_Shoes_and_Jewelry,1444511817000
AHXBL3QDWZGJYH7A5CMPFNUPMF7Q,B00EYINH4K,Clothing_Shoes_and_Jewelry,1438554614000
AHXBL3QDWZGJYH7A5CMPFNUPMF7Q,B006ZGQZ8E,Clothing_Shoes_and_Jewelry,1425245153000
AGPR2UDFIJJCBA3EKFEEAJBWKROQ,B082F8JX3Z,Clothing_Shoes_and_Jewelry,1656958615197
AGPR2UDFIJJCBA3EKFEEAJBWKROQ,B0BPMQY64S,Clothing_Shoes_and_Jewelry,1618069729259
AGPR2UDFIJJCBA3EKFEEAJBWKROQ,B079CD46XR,Clothing_Shoes_and_Jewelry,1591370768588
AGPR2UDFIJJCBA3EKFEEAJBWKROQ,B08ZVF3LJT,Clothing_Shoes_and_Jewelry,1582834700257
AGPR2UDFIJJCBA3EKFEEAJBWKROQ,B0B4BRW7JT,Clothing_Shoes_and_Jewelry,1581884888493
AGPR2UDFIJJCBA3EKFEEAJBWKROQ,B01G80505U,Clothing_Shoes_and_Jewelry,1534096598797
AGPR2UDFIJJCBA3EKFEEAJBWKROQ,B07DC46FT3,Clothing_Shoes_and_Jewelry,1534096585270
AGPR2UDFIJJCBA3EKFEEAJBWKROQ,B08YD9L5BT,Clothing_Shoes_and_Jewelry,1534096326994
AGPR2UDFIJJCBA3EKFEEAJBWKROQ,B005GVIPDW,Clothing_Shoes_and_Jewelry,1531840079695
AGPR2UDFIJJCBA3EKFEEAJBWKROQ,B078MZY61R,Clothing_Shoes_and_Jewelry,1527864318310
AGPR2UDFIJJCBA3EKFEEAJBWKROQ,B0C2WP4RVN,Clothing_Shoes_and_Jewelry,1527864132899
AGPR2UDFIJJCBA3EKFEEAJBWKROQ,B086Z7CFJ7,Clothing_Shoes_and_Jewelry,1527864102064
AGPR2UDFIJJCBA3EKFEEAJBWKROQ,B019EG644Q,Clothing_Shoes_and_Jewelry,1527864044605
AGPR2UDFIJJCBA3EKFEEAJBWKROQ,B084GFBZ7Y,Clothing_Shoes_and_Jewelry,1527863941841
AGPR2UDFIJJCBA3EKFEEAJBWKROQ,B07BZY6MP3,Clothing_Shoes_and_Jewelry,1461046001000
AG6BAEKWLCWH2TW3KKLVK773YF6A,B01G6B91T2,Clothing_Shoes_and_Jewelry,1662424445159
AG6BAEKWLCWH2TW3KKLVK773YF6A,B09HGJY9H2,Clothing_Shoes_and_Jewelry,1636513911197
AG6BAEKWLCWH2TW3KKLVK773YF6A,B07ZHNR4LG,Clothing_Shoes_and_Jewelry,1617150767964
AG6BAEKWLCWH2TW3KKLVK773YF6A,B07K1XPXTT,Clothing_Shoes_and_Jewelry,1573795636610
AHOEIYJJHZ7ITX75BOFQYNXVVJQQ,B08791NBYT,Clothing_Shoes_and_Jewelry,1677845675371
AHOEIYJJHZ7ITX75BOFQYNXVVJQQ,B07C316SYF,Clothing_Shoes_and_Jewelry,1677845118391
AHOEIYJJHZ7ITX75BOFQYNXVVJQQ,B095CKC26Y,Clothing_Shoes_and_Jewelry,1674352062607
AHOEIYJJHZ7ITX75BOFQYNXVVJQQ,B092VJNVPB,Clothing_Shoes_and_Jewelry,1671289689640
AHOEIYJJHZ7ITX75BOFQYNXVVJQQ,B0BVZM8KQ9,Clothing_Shoes_and_Jewelry,1670035090705
AHOEIYJJHZ7ITX75BOFQYNXVVJQQ,B0B46BSMCK,Clothing_Shoes_and_Jewelry,1662750210253
AHOEIYJJHZ7ITX75BOFQYNXVVJQQ,B006OY37V0,Clothing_Shoes_and_Jewelry,1640891954618
AHOEIYJJHZ7ITX75BOFQYNXVVJQQ,B077J872LH,Clothing_Shoes_and_Jewelry,1635608434511
AHOEIYJJHZ7ITX75BOFQYNXVVJQQ,B081XZT5FX,Clothing_Shoes_and_Jewelry,1635608026671
AHOEIYJJHZ7ITX75BOFQYNXVVJQQ,B072KH7J91,Clothing_Shoes_and_Jewelry,1620266615269
AHEZIVRGCNRMZSGHJHORIETQJSOA,B091JK38RZ,Clothing_Shoes_and_Jewelry,1666917286251
AHEZIVRGCNRMZSGHJHORIETQJSOA,B07T3V81ZF,Clothing_Shoes_and_Jewelry,1576690337137
AGFNKUPLGHJ7X5IRLMJBDIMCLMKA,B0B3RT3L9D,Clothing_Shoes_and_Jewelry,1671483784899
AGFNKUPLGHJ7X5IRLMJBDIMCLMKA,B07X4BLRMY,Clothing_Shoes_and_Jewelry,1671483653642
AGFNKUPLGHJ7X5IRLMJBDIMCLMKA,B07WPFZ1C7,Clothing_Shoes_and_Jewelry,1671483536161
AGFNKUPLGHJ7X5IRLMJBDIMCLMKA,B0B4W4ZQR6,Clothing_Shoes_and_Jewelry,1671483446471
AGFNKUPLGHJ7X5IRLMJBDIMCLMKA,B09XJZNRFF,Clothing_Shoes_and_Jewelry,1600612511789
AGFNKUPLGHJ7X5IRLMJBDIMCLMKA,B07D7VBMMR,Clothing_Shoes_and_Jewelry,1542511035597
AHLC5H2CEWSAOXOA53VIIROLPZKA,B08SVWRGV5,Clothing_Shoes_and_Jewelry,1678914875340
AHLC5H2CEWSAOXOA53VIIROLPZKA,B0BKZKJPSX,Clothing_Shoes_and_Jewelry,1659558017468
AHLC5H2CEWSAOXOA53VIIROLPZKA,B07Z7S6116,Clothing_Shoes_and_Jewelry,1584963324168
AEQAYV7RXZEBXMQIQPL6KCT2CFWQ,B0B69WF5ZX,Clothing_Shoes_and_Jewelry,1666812552861
AEQAYV7RXZEBXMQIQPL6KCT2CFWQ,B08JD5QWMW,Clothing_Shoes_and_Jewelry,1642723768613
AEQAYV7RXZEBXMQIQPL6KCT2CFWQ,B07TT8JMX5,Clothing_Shoes_and_Jewelry,1642723709410
AEQAYV7RXZEBXMQIQPL6KCT2CFWQ,B016YKHXL8,Clothing_Shoes_and_Jewelry,1642723614566
AEQAYV7RXZEBXMQIQPL6KCT2CFWQ,B0BWJQBN27,Clothing_Shoes_and_Jewelry,1642723356568
AEQAYV7RXZEBXMQIQPL6KCT2CFWQ,B01NCWA797,Clothing_Shoes_and_Jewelry,1642723198489
AEQAYV7RXZEBXMQIQPL6KCT2CFWQ,B08PD77TSX,Clothing_Shoes_and_Jewelry,1642722992529
AEQAYV7RXZEBXMQIQPL6KCT2CFWQ,B08PD91X76,Clothing_Shoes_and_Jewelry,1642722893611
AEQAYV7RXZEBXMQIQPL6KCT2CFWQ,B0BSX47TRY,Clothing_Shoes_and_Jewelry,1642722317430
AEQAYV7RXZEBXMQIQPL6KCT2CFWQ,B0B2DWXCFR,Clothing_Shoes_and_Jewelry,1642722081312
AEQAYV7RXZEBXMQIQPL6KCT2CFWQ,B00OGU2SSW,Clothing_Shoes_and_Jewelry,1642721303770
AEQAYV7RXZEBXMQIQPL6KCT2CFWQ,B08H82ZCKL,Clothing_Shoes_and_Jewelry,1630753204968
AEQAYV7RXZEBXMQIQPL6KCT2CFWQ,B079VSJCVY,Clothing_Shoes_and_Jewelry,1630753049136
AEQAYV7RXZEBXMQIQPL6KCT2CFWQ,B08RNMYKZW,Clothing_Shoes_and_Jewelry,1630752721692
AEQAYV7RXZEBXMQIQPL6KCT2CFWQ,B0BY7L97MC,Clothing_Shoes_and_Jewelry,1595101291052
AEQAYV7RXZEBXMQIQPL6KCT2CFWQ,B07X9V6HZX,Clothing_Shoes_and_Jewelry,1588679010607
AEQAYV7RXZEBXMQIQPL6KCT2CFWQ,B077F8FD9K,Clothing_Shoes_and_Jewelry,1582477330982
AEQAYV7RXZEBXMQIQPL6KCT2CFWQ,B07WX1YYPB,Clothing_Shoes_and_Jewelry,1582476551508
AEQAYV7RXZEBXMQIQPL6KCT2CFWQ,B09QT3ZDGK,Clothing_Shoes_and_Jewelry,1565312243792
AEQAYV7RXZEBXMQIQPL6KCT2CFWQ,B0C5S65B9S,Clothing_Shoes_and_Jewelry,1565312190608
AEQAYV7RXZEBXMQIQPL6KCT2CFWQ,B0921PRQJS,Clothing_Shoes_and_Jewelry,1386940886000
AFNT6ZJCYQN3WDIKUSWHJDXNND2Q,B0B8CJNXG5,Clothing_Shoes_and_Jewelry,1677552579030
AFNT6ZJCYQN3WDIKUSWHJDXNND2Q,B089WQRYM2,Clothing_Shoes_and_Jewelry,1677552015925
AFNT6ZJCYQN3WDIKUSWHJDXNND2Q,B09GKJYJKJ,Clothing_Shoes_and_Jewelry,1676513109567
AFNT6ZJCYQN3WDIKUSWHJDXNND2Q,B07KF857CW,Clothing_Shoes_and_Jewelry,1673234311050
AFNT6ZJCYQN3WDIKUSWHJDXNND2Q,B083NJLHNT,Clothing_Shoes_and_Jewelry,1661229942787
AFNT6ZJCYQN3WDIKUSWHJDXNND2Q,B08CCVBLHY,Clothing_Shoes_and_Jewelry,1661229664480
AFNT6ZJCYQN3WDIKUSWHJDXNND2Q,B073HK69GL,Clothing_Shoes_and_Jewelry,1569528847410
AFNT6ZJCYQN3WDIKUSWHJDXNND2Q,B0747XCRK1,Clothing_Shoes_and_Jewelry,1569528194494
AFNT6ZJCYQN3WDIKUSWHJDXNND2Q,B07GRPXTX4,Clothing_Shoes_and_Jewelry,1569528106176
AFNT6ZJCYQN3WDIKUSWHJDXNND2Q,B07F773CKY,Clothing_Shoes_and_Jewelry,1560110511205
AFNT6ZJCYQN3WDIKUSWHJDXNND2Q,B08MZJ4BPB,Clothing_Shoes_and_Jewelry,1560110435811
AFNT6ZJCYQN3WDIKUSWHJDXNND2Q,B09Z9G8PVL,Clothing_Shoes_and_Jewelry,1558068866757
AFNT6ZJCYQN3WDIKUSWHJDXNND2Q,B0002TR7QY,Clothing_Shoes_and_Jewelry,1454601201000
AFNT6ZJCYQN3WDIKUSWHJDXNND2Q,B07CHSX68N,Clothing_Shoes_and_Jewelry,1454600877000
AFNT6ZJCYQN3WDIKUSWHJDXNND2Q,B00RF14XKK,Clothing_Shoes_and_Jewelry,1442177461000
AHUVQ4UNB2JGV6MY4ZT75SZLPUBQ,B09RP2WKN7,Clothing_Shoes_and_Jewelry,1655059742359
AHUVQ4UNB2JGV6MY4ZT75SZLPUBQ,B07NBTJJ6K,Clothing_Shoes_and_Jewelry,1646622803253
AHUVQ4UNB2JGV6MY4ZT75SZLPUBQ,B08P4SSFX4,Clothing_Shoes_and_Jewelry,1613248627145
AHUVQ4UNB2JGV6MY4ZT75SZLPUBQ,B07BJB844X,Clothing_Shoes_and_Jewelry,1501283038621
AF232QQ7UDHGQOVR6LZ3X7ZVQ3ZA,B07G7JHXJY,Clothing_Shoes_and_Jewelry,1595771480106
AF232QQ7UDHGQOVR6LZ3X7ZVQ3ZA,B06WWMRXY7,Clothing_Shoes_and_Jewelry,1578795870093
AF232QQ7UDHGQOVR6LZ3X7ZVQ3ZA,B099F6GD6R,Clothing_Shoes_and_Jewelry,1537631278333
AFKZENTNBQ7A7V7UXW5JJI6UGRYQ,B083NRGZMM,Electronics,1658185117948
AFKZENTNBQ7A7V7UXW5JJI6UGRYQ,B07N69T6TM,Electronics,1592678549731
AFKZENTNBQ7A7V7UXW5JJI6UGRYQ,B01G8JO5F2,Electronics,1523093017534
AGGZ357AO26RQZVRLGU4D4N52DZQ,B001OC5JKY,Electronics,1290278495000
AG2L7H23R5LLKDKLBEF2Q3L2MVDA,B07CJYMRWM,Electronics,1676601581238
AGCI7FAH4GL5FI65HYLKWTMFZ2CQ,B07CML419K,Electronics,1637522881041
AGCI7FAH4GL5FI65HYLKWTMFZ2CQ,B07BHHB5RH,Electronics,1565130879386
AGCI7FAH4GL5FI65HYLKWTMFZ2CQ,B09S6Y5BRG,Electronics,1541356831659
AGCI7FAH4GL5FI65HYLKWTMFZ2CQ,B01LW71IBJ,Electronics,1456772571000
AGCI7FAH4GL5FI65HYLKWTMFZ2CQ,B017T99JPG,Electronics,1456772365000
AGCI7FAH4GL5FI65HYLKWTMFZ2CQ,B00L0YLRUW,Electronics,1439226089000
AGCI7FAH4GL5FI65HYLKWTMFZ2CQ,B01HHURN3W,Electronics,1408995743000
AGCI7FAH4GL5FI65HYLKWTMFZ2CQ,B004S2JX7W,Electronics,1384912340000
AGCI7FAH4GL5FI65HYLKWTMFZ2CQ,B0047T79VS,Electronics,1344406083000
AGXVBIUFLFGMVLATYXHJYL4A5Q7Q,B00IXNUDG2,Electronics,1530556616080
AGXVBIUFLFGMVLATYXHJYL4A5Q7Q,B00PVCXB4Y,Electronics,1530556481268
AGXVBIUFLFGMVLATYXHJYL4A5Q7Q,B00X5C22SS,Electronics,1461331182000
AGXVBIUFLFGMVLATYXHJYL4A5Q7Q,B0BKQZGST4,Electronics,1428326275000
AGKHLEW2SOWHNMFQIJGBECAF7INQ,B01LQF8B7G,Electronics,1486320479000
AEM663T6XHZFWLODF4US2RCOCUSA,B075X8471B,Electronics,1509491262120
AFE337D2J37YRU5U6MVTVKNDKWDA,B0B2DLVCF3,Electronics,1643011912524
AGBFYI2DDIKXC5Y4FARTYDTQBMFQ,B0199HAOAU,Electronics,1597714311689
AGBFYI2DDIKXC5Y4FARTYDTQBMFQ,B0093162RM,Electronics,1578593798362
AGBFYI2DDIKXC5Y4FARTYDTQBMFQ,B07FCZY1ZB,Electronics,1544200044036
AGBFYI2DDIKXC5Y4FARTYDTQBMFQ,B00RH29CJO,Electronics,1535118501776
AGBFYI2DDIKXC5Y4FARTYDTQBMFQ,B08P3VMW76,Electronics,1483327495000
AGBFYI2DDIKXC5Y4FARTYDTQBMFQ,B013KPXNSW,Electronics,1453856042000
AEVWAM3YWN5URJVJIZZ6XPD2MKIA,B0862W5BQ8,Electronics,1484481615000
AEVWAM3YWN5URJVJIZZ6XPD2MKIA,B004XC6GJ0,Electronics,1409848855000
AFTC6ZR5IKNRDG5JCPVNVMU3XV2Q,B0BNX9QVXZ,Electronics,1638832601151
AFTC6ZR5IKNRDG5JCPVNVMU3XV2Q,B0BN534JBB,Electronics,1603918014826
AFTC6ZR5IKNRDG5JCPVNVMU3XV2Q,B08X4R1T16,Electronics,1601660312073
AFTC6ZR5IKNRDG5JCPVNVMU3XV2Q,B08932J7NC,Electronics,1599158339350
AFTC6ZR5IKNRDG5JCPVNVMU3XV2Q,B078LLS33F,Electronics,1570934951031
AFTC6ZR5IKNRDG5JCPVNVMU3XV2Q,B00V3KLZSW,Electronics,1464791980000
AFTC6ZR5IKNRDG5JCPVNVMU3XV2Q,B012ASFKOU,Electronics,1464791683000
AFTC6ZR5IKNRDG5JCPVNVMU3XV2Q,B001FWYGJS,Electronics,1427592277000
AFTC6ZR5IKNRDG5JCPVNVMU3XV2Q,B08YP2F6VG,Electronics,1382629272000
AEAUZK2OLWXD75AWJOCCGGCL3H2A,B0C8HDXFXN,Electronics,1593484216259
AEAUZK2OLWXD75AWJOCCGGCL3H2A,B00RBGYGPG,Electronics,1443274800000
AEAUZK2OLWXD75AWJOCCGGCL3H2A,B007EVDJV0,Electronics,1342554164000
AEAUZK2OLWXD75AWJOCCGGCL3H2A,B00KLZLBCK,Electronics,1214848351000
AE74DYR3QUGVPZJ3P7RFWBGIX7XQ,B09NHSGWPD,Electronics,1635870179357
AFQLNQNQYFWQZPJQZS6V3NZU4QBQ,B095KHWNLK,Electronics,1658263333664
AFQLNQNQYFWQZPJQZS6V3NZU4QBQ,B08BRJ98H3,Electronics,1606084429795
AHITBJSS7KYUBVZPX7M2WJCOIVKQ,B08912RRG5,Electronics,1653252147409
AHITBJSS7KYUBVZPX7M2WJCOIVKQ,B07GVWH35S,Electronics,1560028052317
AHITBJSS7KYUBVZPX7M2WJCOIVKQ,B06VTQK7CB,Electronics,1560014186774
AHITBJSS7KYUBVZPX7M2WJCOIVKQ,B0776DSP7Y,Electronics,1526085167886
AHITBJSS7KYUBVZPX7M2WJCOIVKQ,B00NWXM5U0,Electronics,1432345739000
AHITBJSS7KYUBVZPX7M2WJCOIVKQ,B01DDIAX1Q,Electronics,1432345612000
AHITBJSS7KYUBVZPX7M2WJCOIVKQ,B00L49X8E6,Electronics,1432345403000
AHITBJSS7KYUBVZPX7M2WJCOIVKQ,B09HDZ8FQY,Electronics,1432344106000
AHITBJSS7KYUBVZPX7M2WJCOIVKQ,B00PQBDQPO,Electronics,1432344054000
AHITBJSS7KYUBVZPX7M2WJCOIVKQ,B00CRF9V2O,Electronics,1432342639000
AHITBJSS7KYUBVZPX7M2WJCOIVKQ,B00BHC7ZTE,Electronics,1432342265000
AHITBJSS7KYUBVZPX7M2WJCOIVKQ,B00852JEPW,Electronics,1419885573000
AERGOXGAFZ2J3ZMHXVLZQGTW36RA,B09ZTXZ1MQ,Electronics,1650083467057
AHNCL7NLOKEPI7UADY4TIXN3UTFA,B09MYGF318,Electronics,1614333940793
AFEAJQIVVIZCTKQNNHD73H7VQSPQ,B07VV6TT69,Electronics,1588171605329
AFVNEEPDEIH5SPUN5BWC6NKL3WNQ,B07BRHB8C1,Electronics,1580471673218
AFVNEEPDEIH5SPUN5BWC6NKL3WNQ,B07Z6BPJXQ,Electronics,1546821300925
AFDERBL3G23J5U6HHQBAZLTREKOA,B083YHS7SV,Electronics,1647795494239
AHXSBZT52TCPZUBVCBRICTHWUCBA,B0046EDOWW,Electronics,1424355917000
AHXSBZT52TCPZUBVCBRICTHWUCBA,B0045DT3A6,Electronics,1424355889000
AFEIN7QWSQ6EFW45LKD7ZOCSMLGQ,B09DSSQ52Q,Electronics,1619198055317
AFEIN7QWSQ6EFW45LKD7ZOCSMLGQ,B07H3PN7K3,Electronics,1597959924239
AHBHMMUTJ5W3SZUHVKUP35ZYKUHA,B0733GXPYZ,Electronics,1523660960862
AFJTRBXMURLHS5EGNXLUHDHIZRFQ,B07TPLH5YK,Electronics,1622018763645
AFJTRBXMURLHS5EGNXLUHDHIZRFQ,B07FPQ343D,Electronics,1597775270949
AHSPLDNW5OOUK2PLH7GXLACFBZNQ,B00VKIY9RG,Electronics,1449000623000
AHSPLDNW5OOUK2PLH7GXLACFBZNQ,B07BJ8KD6X,Electronics,1435699671000
AHSPLDNW5OOUK2PLH7GXLACFBZNQ,B0061F6QUG,Electronics,1421083734000
AHTTU2FL6FCNBBAESCJHOHHSSW7A,B09DRXBKVG,Electronics,1633370907342
AGBUJDDLRJIUJFTKPABJT6CJTHRQ,B09TB71VLY,Electronics,1667533229459
AGXFEGMNVCSTSYYA5UWXDV7AFSXA,B002N3MM6W,Electronics,1589664572977
AHZIJGKEWRTAEOZ673G5B3SNXEGQ,B07KTYJ769,Electronics,1602938037276
AHZIJGKEWRTAEOZ673G5B3SNXEGQ,B07PGL2N7J,Electronics,1577750248406
AEFKF6R2GUSK2AWPSWRR4ZO36JVQ,B07J2GSF3S,Electronics,1652912051169
AEFKF6R2GUSK2AWPSWRR4ZO36JVQ,B07Z9QXZMW,Electronics,1609829129344
AEFKF6R2GUSK2AWPSWRR4ZO36JVQ,B07Q585X37,Electronics,1606976384165
AEFKF6R2GUSK2AWPSWRR4ZO36JVQ,B07P97SHQP,Electronics,1606976242921
AEFKF6R2GUSK2AWPSWRR4ZO36JVQ,B07B3TX6MF,Electronics,1606976120998
AEFKF6R2GUSK2AWPSWRR4ZO36JVQ,B07WPY2W4Y,Electronics,1602739379388
AEFKF6R2GUSK2AWPSWRR4ZO36JVQ,B083Z3QCY6,Electronics,1601415558295
AEFKF6R2GUSK2AWPSWRR4ZO36JVQ,B07F71KFMQ,Electronics,1571208636737
AEFKF6R2GUSK2AWPSWRR4ZO36JVQ,B07547WSQQ,Electronics,1571208521372
AEFKF6R2GUSK2AWPSWRR4ZO36JVQ,B07P7KG4TJ,Electronics,1571208205557
AEFKF6R2GUSK2AWPSWRR4ZO36JVQ,B01LYC6A8M,Electronics,1560379116204
AEFKF6R2GUSK2AWPSWRR4ZO36JVQ,B0B2Y5WYRG,Electronics,1560378947332
AEFKF6R2GUSK2AWPSWRR4ZO36JVQ,B08KG14KCT,Electronics,1560378722775
AEFKF6R2GUSK2AWPSWRR4ZO36JVQ,B09FF1RNDT,Electronics,1560378510311
AEFKF6R2GUSK2AWPSWRR4ZO36JVQ,B00FGI4C14,Electronics,1556496563960
AEFKF6R2GUSK2AWPSWRR4ZO36JVQ,B07B4BF3KT,Electronics,1556496350059
AEFKF6R2GUSK2AWPSWRR4ZO36JVQ,B08XBLP2V8,Electronics,1556495697617
AEFKF6R2GUSK2AWPSWRR4ZO36JVQ,B018S7DPU8,Electronics,1538613893334
AEFKF6R2GUSK2AWPSWRR4ZO36JVQ,B00MYU0E0K,Electronics,1533024545470
AEFKF6R2GUSK2AWPSWRR4ZO36JVQ,B000Q85WOK,Electronics,1532072088895
AEFKF6R2GUSK2AWPSWRR4ZO36JVQ,B01KWY71BO,Electronics,1532071758130
AEFKF6R2GUSK2AWPSWRR4ZO36JVQ,B008I64LC6,Electronics,1532071574087
AEFKF6R2GUSK2AWPSWRR4ZO36JVQ,B079Y46M3N,Electronics,1532071498050
AEFKF6R2GUSK2AWPSWRR4ZO36JVQ,B01MZ45YUU,Electronics,1532071361162
AEFKF6R2GUSK2AWPSWRR4ZO36JVQ,B074V4CWFD,Electronics,1532071264670
AEFKF6R2GUSK2AWPSWRR4ZO36JVQ,B0083J8DFY,Electronics,1474373146000
AEFKF6R2GUSK2AWPSWRR4ZO36JVQ,B09N7SXX1X,Electronics,1474373024000
AEFKF6R2GUSK2AWPSWRR4ZO36JVQ,B00X4XEBTQ,Electronics,1474372166000
AEFKF6R2GUSK2AWPSWRR4ZO36JVQ,B001CJOLBW,Electronics,1414899483000
AEFKF6R2GUSK2AWPSWRR4ZO36JVQ,B0032FOKME,Electronics,1411381479000
AEFKF6R2GUSK2AWPSWRR4ZO36JVQ,B002WBX7TQ,Electronics,1373178197000
AEFKF6R2GUSK2AWPSWRR4ZO36JVQ,B07CB22VVJ,Electronics,1364085496000
AEFKF6R2GUSK2AWPSWRR4ZO36JVQ,B0002MQGK4,Electronics,1364085267000
AEFKF6R2GUSK2AWPSWRR4ZO36JVQ,B0092TGP4A,Electronics,1364085263000
AEFKF6R2GUSK2AWPSWRR4ZO36JVQ,B00552PA7G,Electronics,1364084449000
AEFKF6R2GUSK2AWPSWRR4ZO36JVQ,B07CDCX945,Electronics,1360234553000
AEFKF6R2GUSK2AWPSWRR4ZO36JVQ,B07BYZBG2X,Electronics,1360234417000
AEFKF6R2GUSK2AWPSWRR4ZO36JVQ,B07CBLV151,Electronics,1360234179000
AEFKF6R2GUSK2AWPSWRR4ZO36JVQ,B000SJ2TJ8,Electronics,1360233955000
AEFKF6R2GUSK2AWPSWRR4ZO36JVQ,B003UT2C4U,Electronics,1328817489000
AFO6QN6ICKWUFQV3UEWK5EECIQTQ,B084JBVY4S,Electronics,1604683658037
AFO6QN6ICKWUFQV3UEWK5EECIQTQ,B0075VFKI4,Electronics,1437870001000
AFO6QN6ICKWUFQV3UEWK5EECIQTQ,B009RUZ7TS,Electronics,1437787267000
AH4MB6HER73XDOV6I4ICPNT24YQQ,B071CMGRLL,Electronics,1546457863630
AHFY2QSS6PK5MHSYZFI6TXUYNPLQ,B006ZZXVCI,Electronics,1590503106817
AGMJ3EMDVL6OWBJF7CA5RGJLXN5A,B01DFKC6CQ,Electronics,1550433425841
AGMJ3EMDVL6OWBJF7CA5RGJLXN5A,B07P9W1SMH,Electronics,1549140939410
AFWHJ6O3PV4JC7PVOJH6CPULO2KQ,B01M3ULMWP,Electronics,1524768302342
AFWHJ6O3PV4JC7PVOJH6CPULO2KQ,B071HXSW4Y,Electronics,1524768017909
AFWHJ6O3PV4JC7PVOJH6CPULO2KQ,B0CCDMQZM7,Electronics,1524767516997
AFWHJ6O3PV4JC7PVOJH6CPULO2KQ,B005HSG31K,Electronics,1402777805000
AEZGPLOYTSAPR3DHZKKXEFPAXUAA,B00D2J8558,Electronics,1384872193000
AHCPZDDPHJE3G7M6ST5WGRPLXHOA,B0BFHVDPTG,Electronics,1678797076214
AHCPZDDPHJE3G7M6ST5WGRPLXHOA,B08N4M55K5,Electronics,1650590494801
AHCPZDDPHJE3G7M6ST5WGRPLXHOA,B0945WPX5W,Electronics,1650463455243
AHCPZDDPHJE3G7M6ST5WGRPLXHOA,B09K7K5J3N,Electronics,1646223741743
AHCPZDDPHJE3G7M6ST5WGRPLXHOA,B084ZJFNKN,Electronics,1631912742152
AHCPZDDPHJE3G7M6ST5WGRPLXHOA,B0B3T4JWN9,Electronics,1594809004571
AHCPZDDPHJE3G7M6ST5WGRPLXHOA,B07S5JVP78,Electronics,1584569430726
AHCPZDDPHJE3G7M6ST5WGRPLXHOA,B0935ZDCYD,Electronics,1552148401603
AHCPZDDPHJE3G7M6ST5WGRPLXHOA,B075LX7S6B,Electronics,1548623818849
AHCPZDDPHJE3G7M6ST5WGRPLXHOA,B001L5SN5M,Electronics,1548623480669
AHCPZDDPHJE3G7M6ST5WGRPLXHOA,B000WOIFO2,Electronics,1393687975000
AHCPZDDPHJE3G7M6ST5WGRPLXHOA,B00365EB3I,Electronics,1293021749000
AFUZ5E7QAHSVTLIY253GFAYZPN2Q,B07XZ1YDKP,Electronics,1613535143001
AHXBL3QDWZGJYH7A5CMPFNUPMF7Q,B09CD8GVY5,Electronics,1652269033002
AHXBL3QDWZGJYH7A5CMPFNUPMF7Q,B09V28P31X,Electronics,1633716473223
AHXBL3QDWZGJYH7A5CMPFNUPMF7Q,B01D0PVYH4,Electronics,1502497660099
AGMXMZWCPYOPWYT3AGRU25Y7QLOQ,B017SJKHIK,Electronics,1551098024544
AGPR2UDFIJJCBA3EKFEEAJBWKROQ,B0BWNQZT64,Electronics,1675347222917
AGPR2UDFIJJCBA3EKFEEAJBWKROQ,B08F9ZCTCL,Electronics,1671550358512
AGPR2UDFIJJCBA3EKFEEAJBWKROQ,B08F9NJMW7,Electronics,1643752429281
AGPR2UDFIJJCBA3EKFEEAJBWKROQ,B01L2VGEQE,Electronics,1632614999311
AGPR2UDFIJJCBA3EKFEEAJBWKROQ,B0BW4PFM58,Electronics,1516990377487
AGPR2UDFIJJCBA3EKFEEAJBWKROQ,B00MNB1OD6,Electronics,1455295636000
AG6BAEKWLCWH2TW3KKLVK773YF6A,B00TIRFCXQ,Electronics,1628906577074
AG6BAEKWLCWH2TW3KKLVK773YF6A,B08N51H3LB,Electronics,1621923303423
AHOEIYJJHZ7ITX75BOFQYNXVVJQQ,B09KRX2QJC,Electronics,1677845459106
AHOEIYJJHZ7ITX75BOFQYNXVVJQQ,B09V28Y3HH,Electronics,1671288812718
AHOEIYJJHZ7ITX75BOFQYNXVVJQQ,B0C5XK6534,Electronics,1661433539246
AHOEIYJJHZ7ITX75BOFQYNXVVJQQ,B0BTHV3YSV,Electronics,1659507904300
AGFNKUPLGHJ7X5IRLMJBDIMCLMKA,B0BRKGSJKH,Electronics,1649425073009
AGFNKUPLGHJ7X5IRLMJBDIMCLMKA,B00JQZJ4OS,Electronics,1542511552928
AHLC5H2CEWSAOXOA53VIIROLPZKA,B08BJWB991,Electronics,1657624348819
AHLC5H2CEWSAOXOA53VIIROLPZKA,B09JNRLN4W,Electronics,1649855719384
AHLC5H2CEWSAOXOA53VIIROLPZKA,B07HHY1MWS,Electronics,1507807396012
AHLC5H2CEWSAOXOA53VIIROLPZKA,B00IYM0Y2A,Electronics,1490051732000
AHLC5H2CEWSAOXOA53VIIROLPZKA,B01HNL545Y,Electronics,1460921246000
AEQAYV7RXZEBXMQIQPL6KCT2CFWQ,B08RJJ97VW,Electronics,1666812722382
AEQAYV7RXZEBXMQIQPL6KCT2CFWQ,B01KXHYDXO,Electronics,1565312485934
AEQAYV7RXZEBXMQIQPL6KCT2CFWQ,B071KJ97ZL,Electronics,1565309451332
AEQAYV7RXZEBXMQIQPL6KCT2CFWQ,B07QWP1RYY,Electronics,1565309254882
AEQAYV7RXZEBXMQIQPL6KCT2CFWQ,B0772SXNSC,Electronics,1565309191878
AFNT6ZJCYQN3WDIKUSWHJDXNND2Q,B08W69YRFB,Electronics,1676007193335
AHUVQ4UNB2JGV6MY4ZT75SZLPUBQ,B073J9QWKY,Electronics,1550631502824
AHUVQ4UNB2JGV6MY4ZT75SZLPUBQ,B073M1NGHJ,Electronics,1550631463711
AEVPPTMG43C6GWSR7I2UGRQN7WFQ,B0B8N1CQD1,Electronics,1675356177140
AEVPPTMG43C6GWSR7I2UGRQN7WFQ,B085XZGVN5,Electronics,1663827329757
AEVPPTMG43C6GWSR7I2UGRQN7WFQ,B09GV31691,Electronics,1649908812607
AEVPPTMG43C6GWSR7I2UGRQN7WFQ,B09KPLV3WD,Electronics,1649908548422
AEVPPTMG43C6GWSR7I2UGRQN7WFQ,B093YD69JB,Electronics,1649908409915
AEVPPTMG43C6GWSR7I2UGRQN7WFQ,B09KM3BZSS,Electronics,1649781352697
AEVPPTMG43C6GWSR7I2UGRQN7WFQ,B0992TJFM3,Electronics,1648848728866
AEVPPTMG43C6GWSR7I2UGRQN7WFQ,B07ZWCTNJH,Electronics,1645891497397
AEVPPTMG43C6GWSR7I2UGRQN7WFQ,B07VKFSLKN,Electronics,1645828547460
AEVPPTMG43C6GWSR7I2UGRQN7WFQ,B00MJ1YR8Y,Electronics,1645827869312
AEVPPTMG43C6GWSR7I2UGRQN7WFQ,B08ZZYS2P3,Electronics,1643589328843
AEVPPTMG43C6GWSR7I2UGRQN7WFQ,B007JYZ3BG,Electronics,1638907855775
AEVPPTMG43C6GWSR7I2UGRQN7WFQ,B08L1N8TG9,Electronics,1625195284773
AEVPPTMG43C6GWSR7I2UGRQN7WFQ,B07G95FFN3,Electronics,1620231668072
AEVPPTMG43C6GWSR7I2UGRQN7WFQ,B083WD2J3F,Electronics,1614044304124
AEVPPTMG43C6GWSR7I2UGRQN7WFQ,B08TTVLTWT,Electronics,1613517249405
AEVPPTMG43C6GWSR7I2UGRQN7WFQ,B095KG3VZG,Electronics,1611190258708
AEVPPTMG43C6GWSR7I2UGRQN7WFQ,B088DJQ2PQ,Electronics,1603657378639
AHSXXZHYMXDRVKC643TJZYQ7XGYA,B00UVSJU4S,Electronics,1485121166000
AHSXXZHYMXDRVKC643TJZYQ7XGYA,B0BJ13Q5JG,Electronics,1442075469000
AH6CATODIVPVUOJEWHRSRCSKAOHA,B07QQPH27F,Electronics,1571519124501
AH6CATODIVPVUOJEWHRSRCSKAOHA,B00PYG7LH0,Electronics,1499886760066
AH6CATODIVPVUOJEWHRSRCSKAOHA,B07S764D9V,Electronics,1414371421000
AFGUPTDFAWOHHL4LZDV27ERDNOYQ,B071WRSYML,Electronics,1544399144751
AFGUPTDFAWOHHL4LZDV27ERDNOYQ,B00BKX75YA,Electronics,1534104333169
AFGUPTDFAWOHHL4LZDV27ERDNOYQ,B09FN58JBR,Electronics,1423500475000
AFGUPTDFAWOHHL4LZDV27ERDNOYQ,B0032GU1LW,Electronics,1389624337000
AHBPNB4OFDSGKU7UM5IATLVSPGJQ,B0B9HR3T4B,Electronics,1659194892908
AFGGQCSEGPS7EKWJ4GG2L4LV4TKQ,B07LC6VRD6,Electronics,1563719618518
AGI5WCODFNNY5MKGED2667RA4ZAA,B01KUEGE1E,Electronics,1580573900038
AFIWYBPRAGQIAJOBA4QGIKL2BZAQ,B08KGQHF67,Electronics,1622918165665
AFIWYBPRAGQIAJOBA4QGIKL2BZAQ,B0C9DP86HZ,Electronics,1612195631482
AFIWYBPRAGQIAJOBA4QGIKL2BZAQ,B089W47DTX,Electronics,1597796839392
AFIWYBPRAGQIAJOBA4QGIKL2BZAQ,B00EQ94566,Electronics,1594069887331
AFIWYBPRAGQIAJOBA4QGIKL2BZAQ,B07SPFR8VB,Electronics,1583774387618
AFIWYBPRAGQIAJOBA4QGIKL2BZAQ,B00KQQK87S,Electronics,1564868249779
AFIWYBPRAGQIAJOBA4QGIKL2BZAQ,B07KTYJ769,Electronics,1544970437406
AFIWYBPRAGQIAJOBA4QGIKL2BZAQ,B06X95BTH4,Electronics,1506371418304
AFIWYBPRAGQIAJOBA4QGIKL2BZAQ,B005L38VRU,Electronics,1481575052000
AFIWYBPRAGQIAJOBA4QGIKL2BZAQ,B00V3CSE4I,Electronics,1434302627000
AFIWYBPRAGQIAJOBA4QGIKL2BZAQ,B003MVYTBU,Electronics,1414668015000
AFIWYBPRAGQIAJOBA4QGIKL2BZAQ,B006R9O2PC,Electronics,1414667989000
AFIWYBPRAGQIAJOBA4QGIKL2BZAQ,B00D8XNU6C,Electronics,1414667977000
AH6PLOGWYIVIWLJTY756BHNFD4YA,B00E0ISVLI,Electronics,1645290854067
AH6PLOGWYIVIWLJTY756BHNFD4YA,B08HC6J3H1,Electronics,1645290550218
AH6PLOGWYIVIWLJTY756BHNFD4YA,B07RJZPTLX,Electronics,1626817302116
AH6PLOGWYIVIWLJTY756BHNFD4YA,B09DTP4L96,Electronics,1599267820882
AH6PLOGWYIVIWLJTY756BHNFD4YA,B004M5MVNS,Electronics,1570376659629
AH6PLOGWYIVIWLJTY756BHNFD4YA,B008I636D6,Electronics,1562253641232
AH6PLOGWYIVIWLJTY756BHNFD4YA,B072LX4LTV,Electronics,1562252450458
AH6PLOGWYIVIWLJTY756BHNFD4YA,B0068LWHPQ,Electronics,1331655933000
AGFETIUFABYTBKH3H237OWO2FLBA,B08JYY4FDG,Electronics,1636333282792
AGFETIUFABYTBKH3H237OWO2FLBA,B09Q5BNT76,Electronics,1624546479507
AGFETIUFABYTBKH3H237OWO2FLBA,B08FRLCF2W,Electronics,1624546396779
AGFETIUFABYTBKH3H237OWO2FLBA,B09Q5BNT76,Electronics,1623026215028
AGFETIUFABYTBKH3H237OWO2FLBA,B07FP8VLXS,Electronics,1564293087397
AEI4YPQZG6TZOWHDFP7I22S4MQZQ,B09GLQ2PFV,Electronics,1665620636899
AEI4YPQZG6TZOWHDFP7I22S4MQZQ,B09KTMJVJW,Electronics,1640036267719
AEYORY2AVPMCPDV57CE337YU5LXA,B08PNW6WGX,Electronics,1644265092897
AEYORY2AVPMCPDV57CE337YU5LXA,B0791TX5P5,Electronics,1595793524199
AEYFU5FQAJYXFREC4KHQ34EGZ3LQ,B07VYM342S,Electronics,1562177589351
AEYFU5FQAJYXFREC4KHQ34EGZ3LQ,B00IYA2SMQ,Electronics,1468033545000
AEINY4XOINMMJCK5GZ3M6MMHBN6A,B07S764D9V,Electronics,1445487371000
AEINY4XOINMMJCK5GZ3M6MMHBN6A,B00B20M8CU,Electronics,1443992009000
AE3Q6AEWP7Y7CH4N6IWEP4YBNP2A,B0C2PTV9ZW,Electronics,1668210366893
AE3Q6AEWP7Y7CH4N6IWEP4YBNP2A,B07X4854MR,Electronics,1646078564809
AE3Q6AEWP7Y7CH4N6IWEP4YBNP2A,B0BBMN8HMM,Electronics,1575748816504
AE3Q6AEWP7Y7CH4N6IWEP4YBNP2A,B09CFY36RN,Electronics,1569186556716
AGJSTXSEWFVQWVQINO6QKMNBUUNA,B08FZPS1N1,Electronics,1645676912530
AGJSTXSEWFVQWVQINO6QKMNBUUNA,B00L1KFWSI,Electronics,1633126163370
AGJSTXSEWFVQWVQINO6QKMNBUUNA,B00007AP2O,Electronics,1514847485835
AGJSTXSEWFVQWVQINO6QKMNBUUNA,B00KMFN8E8,Electronics,1428846398000
AGJSTXSEWFVQWVQINO6QKMNBUUNA,B004WX0XP8,Electronics,1428846292000
AEJDETWITK2KGACH7FUBMY33PPSQ,B0BVY4JVNG,Electronics,1677363536532
AEJDETWITK2KGACH7FUBMY33PPSQ,B075X8471B,Electronics,1519939757127
AEJDETWITK2KGACH7FUBMY33PPSQ,B01D2WRSF2,Electronics,1501864667611
AGSMNIT5YGSO35M2YRIE2OZIOSUQ,B0C2BVCBRV,Electronics,1652319034627
AFSKPY37N3C43SOI5IEXEK5JSIYA,B0BBFFXWVH,Electronics,1657474493271
AFSKPY37N3C43SOI5IEXEK5JSIYA,B0997HW4JP,Electronics,1643545217473
AFSKPY37N3C43SOI5IEXEK5JSIYA,B0B19M78LS,Electronics,1643479203456
AFSKPY37N3C43SOI5IEXEK5JSIYA,B092D3LR5M,Electronics,1623072046015
AFSKPY37N3C43SOI5IEXEK5JSIYA,B08SW8DMM5,Electronics,1620603881512
AFSKPY37N3C43SOI5IEXEK5JSIYA,B08K3FS8VJ,Electronics,1609250639187
AFSKPY37N3C43SOI5IEXEK5JSIYA,B08LYQ7MBZ,Electronics,1608657775229
AFSKPY37N3C43SOI5IEXEK5JSIYA,B08G56K774,Electronics,1602443858544
AFSKPY37N3C43SOI5IEXEK5JSIYA,B089DZNCZJ,Electronics,1600021168093
AFSKPY37N3C43SOI5IEXEK5JSIYA,B09Y37DKJV,Electronics,1599313582464
AFSKPY37N3C43SOI5IEXEK5JSIYA,B08CKSDF3M,Electronics,1597868179115
AFSKPY37N3C43SOI5IEXEK5JSIYA,B09CYHT3VK,Electronics,1597365347346
AFSKPY37N3C43SOI5IEXEK5JSIYA,B08735Q7LS,Electronics,1595685488569
AFSKPY37N3C43SOI5IEXEK5JSIYA,B08NPZ574Z,Electronics,1594335186460
AFSKPY37N3C43SOI5IEXEK5JSIYA,B085M686ST,Electronics,1587558699549
AFSKPY37N3C43SOI5IEXEK5JSIYA,B082CJ19WL,Electronics,1583069221450
AFSKPY37N3C43SOI5IEXEK5JSIYA,B081STV3XJ,Electronics,1572002262037
AFSKPY37N3C43SOI5IEXEK5JSIYA,B095LLDH4H,Electronics,1565705206096
AFSKPY37N3C43SOI5IEXEK5JSIYA,B07JGKCKKR,Electronics,1558214408085
AFSKPY37N3C43SOI5IEXEK5JSIYA,B07DTRYMQQ,Electronics,1541571911426
AFSKPY37N3C43SOI5IEXEK5JSIYA,B0787GLJNQ,Electronics,1529435841158
AFSKPY37N3C43SOI5IEXEK5JSIYA,B074QQP2T2,Electronics,1513511417891
AFSKPY37N3C43SOI5IEXEK5JSIYA,B075QC3TZY,Electronics,1512846743542
AFSKPY37N3C43SOI5IEXEK5JSIYA,B0719QH4JP,Electronics,1503839626086
AFSKPY37N3C43SOI5IEXEK5JSIYA,B01MREKZDP,Electronics,1492033986000
AFSKPY37N3C43SOI5IEXEK5JSIYA,B01HCVG51M,Electronics,1479936846000
AFSKPY37N3C43SOI5IEXEK5JSIYA,B012D4IEUI,Electronics,1451304220000
AFSKPY37N3C43SOI5IEXEK5JSIYA,B00YEX1Y1S,Electronics,1442272933000
AFSKPY37N3C43SOI5IEXEK5JSIYA,B01MQGLIKL,Electronics,1438104090000
AFSKPY37N3C43SOI5IEXEK5JSIYA,B000LY1UMC,Electronics,1437657538000
AFSKPY37N3C43SOI5IEXEK5JSIYA,B004WMSV76,Electronics,1437657405000
AFSKPY37N3C43SOI5IEXEK5JSIYA,B005J7Y98I,Electronics,1432465781000
AFSKPY37N3C43SOI5IEXEK5JSIYA,B00KTCN43E,Electronics,1425306587000
AFSKPY37N3C43SOI5IEXEK5JSIYA,B019CB11IM,Electronics,1416251303000
AFSKPY37N3C43SOI5IEXEK5JSIYA,B00BTVSUNI,Electronics,1414966515000
AFSKPY37N3C43SOI5IEXEK5JSIYA,B00WHEUS22,Electronics,1411650573000
AFSKPY37N3C43SOI5IEXEK5JSIYA,B003XNSBXY,Electronics,1406727962000
AFSKPY37N3C43SOI5IEXEK5JSIYA,B00ENY0ZLS,Electronics,1402600413000
AFSKPY37N3C43SOI5IEXEK5JSIYA,B00IHVNMYK,Electronics,1390055336000
AFSKPY37N3C43SOI5IEXEK5JSIYA,B00GXXJF72,Electronics,1382534233000
AFSKPY37N3C43SOI5IEXEK5JSIYA,B00DLKE8C2,Electronics,1382034109000
AFSKPY37N3C43SOI5IEXEK5JSIYA,B00C27S0M4,Electronics,1374006874000
AFSKPY37N3C43SOI5IEXEK5JSIYA,B00ARDJ5BU,Electronics,1370541807000
AFSKPY37N3C43SOI5IEXEK5JSIYA,B008HK3U6Q,Electronics,1366309902000
AFSKPY37N3C43SOI5IEXEK5JSIYA,B007Q8GOGI,Electronics,1365856522000
AFSKPY37N3C43SOI5IEXEK5JSIYA,B009WZRCO6,Electronics,1363890950000
AFSKPY37N3C43SOI5IEXEK5JSIYA,B0046W5EQI,Electronics,1360580855000
AFSKPY37N3C43SOI5IEXEK5JSIYA,B008ULPDIK,Electronics,1360579918000
AFSKPY37N3C43SOI5IEXEK5JSIYA,B008GFRBBW,Electronics,1360452112000
AFSKPY37N3C43SOI5IEXEK5JSIYA,B00QU5CR6E,Electronics,1356544911000
AFSKPY37N3C43SOI5IEXEK5JSIYA,B00XIUKJDW,Electronics,1355251751000
AFSKPY37N3C43SOI5IEXEK5JSIYA,B008DF53W4,Electronics,1351001019000
AFSKPY37N3C43SOI5IEXEK5JSIYA,B00A4QXIRM,Electronics,1349799652000
AFSKPY37N3C43SOI5IEXEK5JSIYA,B007GFX798,Electronics,1345646375000
AFSKPY37N3C43SOI5IEXEK5JSIYA,B003VAGXZC,Electronics,1336571123000
AFSKPY37N3C43SOI5IEXEK5JSIYA,B005OB1TU0,Electronics,1331156191000
AFSKPY37N3C43SOI5IEXEK5JSIYA,B004TPJKEY,Electronics,1329832562000
AFSKPY37N3C43SOI5IEXEK5JSIYA,B005K69PLE,Electronics,1325701900000
AFSKPY37N3C43SOI5IEXEK5JSIYA,B005NHR6MU,Electronics,1324483176000
AFSKPY37N3C43SOI5IEXEK5JSIYA,B004DNWCZ6,Electronics,1314193720000
AFSKPY37N3C43SOI5IEXEK5JSIYA,B0058GAOO8,Electronics,1312594386000
AFSKPY37N3C43SOI5IEXEK5JSIYA,B0020HRE1Y,Electronics,1304289666000
AFSKPY37N3C43SOI5IEXEK5JSIYA,B00305GHAE,Electronics,1301613603000
AFSKPY37N3C43SOI5IEXEK5JSIYA,B00XI3MMMA,Electronics,1296078714000
AFSKPY37N3C43SOI5IEXEK5JSIYA,B0035JJJPK,Electronics,1290261710000
AFSKPY37N3C43SOI5IEXEK5JSIYA,B00BWH2SWI,Electronics,1286448109000
AFSKPY37N3C43SOI5IEXEK5JSIYA,B0032AN4N0,Electronics,1279795334000
AFSKPY37N3C43SOI5IEXEK5JSIYA,B001Q9F0BS,Electronics,1253490565000
AFSKPY37N3C43SOI5IEXEK5JSIYA,B002GP7ZT6,Electronics,1252877068000
AFSKPY37N3C43SOI5IEXEK5JSIYA,B002CWZ29S,Electronics,1250120500000
AFSKPY37N3C43SOI5IEXEK5JSIYA,B001VFUN82,Electronics,1248311066000
AFSKPY37N3C43SOI5IEXEK5JSIYA,B0023B14TK,Electronics,1245682716000
AFSKPY37N3C43SOI5IEXEK5JSIYA,B001DQRBSY,Electronics,1229796228000
AFSKPY37N3C43SOI5IEXEK5JSIYA,B000V2MK00,Electronics,1210707768000
AFSKPY37N3C43SOI5IEXEK5JSIYA,B000WOGA6C,Electronics,1208428585000
AGCIVNDDRX3PXIUINEG4NCRGWCRA,B00KSBB7EY,Electronics,1427130762000
AGCIVNDDRX3PXIUINEG4NCRGWCRA,B00INZSFUG,Electronics,1427130613000
AGCPAPUHXYA3EEIL2KGSQTGO5HRA,B078G91T8X,Electronics,1594588475042
AGCPAPUHXYA3EEIL2KGSQTGO5HRA,B01M2BIW94,Electronics,1508697525418
AEJB7HLH4CO5HXANXOW77PCK7ZLQ,B0B7XZB7V1,Electronics,1555110156344
AEJB7HLH4CO5HXANXOW77PCK7ZLQ,B08M5KCX78,Electronics,1555110124164
AFGNIWCBLQT2QIXXKIW7Q6VREZRQ,B0C4DTCKS5,Electronics,1629139505190
AFUOYIZBU3MTBOLYKOJE5Z35MBDA,B078PFDHN4,Electronics,1634768559809
AFUOYIZBU3MTBOLYKOJE5Z35MBDA,B07MKN9Q5B,Electronics,1593155356459
AFUOYIZBU3MTBOLYKOJE5Z35MBDA,B07G5ZG3Q4,Electronics,1583749444226
AFUOYIZBU3MTBOLYKOJE5Z35MBDA,B07G5YXYFL,Electronics,1567269220576
AG35BKPUEUMX7LV5YLOQ5YCQ3GOA,B07X92YR8W,Electronics,1678551488432
AG35BKPUEUMX7LV5YLOQ5YCQ3GOA,B07456BG8N,Electronics,1514400140400
AG35BKPUEUMX7LV5YLOQ5YCQ3GOA,B012BN15LQ,Electronics,1514399650260
AG35BKPUEUMX7LV5YLOQ5YCQ3GOA,B0756T7R5T,Electronics,1514399392410
AG35BKPUEUMX7LV5YLOQ5YCQ3GOA,B0833NKK5K,Electronics,1487194021000
AG35BKPUEUMX7LV5YLOQ5YCQ3GOA,B00KL2TENQ,Electronics,1421688030000
AG35BKPUEUMX7LV5YLOQ5YCQ3GOA,B008DWJ4KY,Electronics,1410576529000
AG35BKPUEUMX7LV5YLOQ5YCQ3GOA,B01MQJ2XE6,Electronics,1364584432000
AG35BKPUEUMX7LV5YLOQ5YCQ3GOA,B00009WBYL,Electronics,1364584203000
AG35BKPUEUMX7LV5YLOQ5YCQ3GOA,B0009X3JBU,Electronics,1364584100000
AG35BKPUEUMX7LV5YLOQ5YCQ3GOA,B07CG8G732,Electronics,1364583944000
AG35BKPUEUMX7LV5YLOQ5YCQ3GOA,B07R8L532P,Electronics,1364583430000
AG35BKPUEUMX7LV5YLOQ5YCQ3GOA,B0076GEMGO,Electronics,1364583347000
AG35BKPUEUMX7LV5YLOQ5YCQ3GOA,B0078YGN34,Electronics,1364582421000
AG35BKPUEUMX7LV5YLOQ5YCQ3GOA,B009HB2USI,Electronics,1364579786000
AG35BKPUEUMX7LV5YLOQ5YCQ3GOA,B004GJ0EEI,Electronics,1315213514000
AG35BKPUEUMX7LV5YLOQ5YCQ3GOA,B003L1ZYYW,Electronics,1297521057000
AGKFRCDY4WBW4RH6GFYFJ3T3XBSA,B099V8GPR4,Electronics,1624408055619
AGKFRCDY4WBW4RH6GFYFJ3T3XBSA,B0BPMM75N8,Electronics,1554774029793
AGKFRCDY4WBW4RH6GFYFJ3T3XBSA,B07GZMMYHT,Electronics,1554574558384
AGKFRCDY4WBW4RH6GFYFJ3T3XBSA,B01K1O7UH0,Electronics,1484023934000
AGKFRCDY4WBW4RH6GFYFJ3T3XBSA,B00OTXNUBU,Electronics,1444069866000
AGKFRCDY4WBW4RH6GFYFJ3T3XBSA,B00MICP8PA,Electronics,1431458685000
AGKFRCDY4WBW4RH6GFYFJ3T3XBSA,B0051VVOB2,Electronics,1327263388000
AHPUT3ITXCHQJO7OMF74LEMYHIVA,B07H65KP63,Electronics,1579474892069
AHPUT3ITXCHQJO7OMF74LEMYHIVA,B06XD94B2F,Electronics,1540745403758
AHGAOIZVODNHYMNCBV4DECZH42UQ,B07VWT32HX,Electronics,1640636402868
AHGAOIZVODNHYMNCBV4DECZH42UQ,B09P664R9L,Electronics,1640636145989
AHGAOIZVODNHYMNCBV4DECZH42UQ,B01054S5FM,Electronics,1623092543386
AHGAOIZVODNHYMNCBV4DECZH42UQ,B08PFZK4YZ,Electronics,1619962301071
AHGAOIZVODNHYMNCBV4DECZH42UQ,B08PNWVR4C,Electronics,1617731174569
AHGAOIZVODNHYMNCBV4DECZH42UQ,B0887P21Z2,Electronics,1617664131713
AHGAOIZVODNHYMNCBV4DECZH42UQ,B0BPN2DXC1,Electronics,1617661679209
AHGAOIZVODNHYMNCBV4DECZH42UQ,B07V4LLTSQ,Electronics,1582326536826
AHGAOIZVODNHYMNCBV4DECZH42UQ,B071DGXVWB,Electronics,1576419506518
AHGAOIZVODNHYMNCBV4DECZH42UQ,B0CBWV3Q8B,Electronics,1575567397115
AHGAOIZVODNHYMNCBV4DECZH42UQ,B07PLFCP3W,Electronics,1575411543887
AHGAOIZVODNHYMNCBV4DECZH42UQ,B07Y8H8STR,Electronics,1574195523469
AHGAOIZVODNHYMNCBV4DECZH42UQ,B07H9FG9SD,Electronics,1573590093415
AHGAOIZVODNHYMNCBV4DECZH42UQ,B07PGL2N7J,Electronics,1570734809888
AHGAOIZVODNHYMNCBV4DECZH42UQ,B0896VGNF7,Electronics,1565536924822
AHGAOIZVODNHYMNCBV4DECZH42UQ,B01LZJGEI2,Electronics,1559158022847
AHGAOIZVODNHYMNCBV4DECZH42UQ,B074512LY1,Electronics,1553711371255
AHGAOIZVODNHYMNCBV4DECZH42UQ,B09JKYBVJD,Electronics,1546876520404
AHGAOIZVODNHYMNCBV4DECZH42UQ,B06XDSMDKV,Electronics,1536880603696
AHGAOIZVODNHYMNCBV4DECZH42UQ,B008GVOVK0,Electronics,1535149296983
AHGAOIZVODNHYMNCBV4DECZH42UQ,B075X8471B,Electronics,1532476996921
AHGAOIZVODNHYMNCBV4DECZH42UQ,B00TOVTZ7K,Electronics,1527015767218
AHGAOIZVODNHYMNCBV4DECZH42UQ,B07P1FN7KQ,Electronics,1526333673780
AHGAOIZVODNHYMNCBV4DECZH42UQ,B075M3G8SV,Electronics,1517422864932
AHGAOIZVODNHYMNCBV4DECZH42UQ,B01K8B8YA8,Electronics,1513557475457
AHGAOIZVODNHYMNCBV4DECZH42UQ,B073VC4KGT,Electronics,1505174219735
AHGAOIZVODNHYMNCBV4DECZH42UQ,B01M60S5H2,Electronics,1501695375236
AHGAOIZVODNHYMNCBV4DECZH42UQ,B0122TWDH4,Electronics,1500086781876
AHGAOIZVODNHYMNCBV4DECZH42UQ,B0B9GFKYSZ,Electronics,1500086711526
AHGAOIZVODNHYMNCBV4DECZH42UQ,B008I646WG,Electronics,1497540700095
AHGAOIZVODNHYMNCBV4DECZH42UQ,B07454F4JH,Electronics,1494691925000
AHGAOIZVODNHYMNCBV4DECZH42UQ,B0C617749R,Electronics,1487362189000
AHGAOIZVODNHYMNCBV4DECZH42UQ,B00DOPW5L0,Electronics,1480001602000
AHGAOIZVODNHYMNCBV4DECZH42UQ,B00DS4BLLW,Electronics,1410198444000
AHGAOIZVODNHYMNCBV4DECZH42UQ,B005TUQV0E,Electronics,1361122200000
AGAJIGBX3UA7OEFS3XA42FR5SGWA,B0B2CJ3YSP,Electronics,1563827283195
AEDJZTFJDNOW6JDLMBZNK2QBN3GQ,B093DR9RWD,Electronics,1590535211868
AE7Y5RLYIKHOZB5NKKOEKYG2SPSQ,B08F6GPRH6,Electronics,1677189845500
AE7Y5RLYIKHOZB5NKKOEKYG2SPSQ,B08JQCJZQM,Electronics,1668436186891
AE7Y5RLYIKHOZB5NKKOEKYG2SPSQ,B07KTYJ769,Electronics,1668435677174
AE7Y5RLYIKHOZB5NKKOEKYG2SPSQ,B0BFVWWFZP,Electronics,1668434134415
AE7Y5RLYIKHOZB5NKKOEKYG2SPSQ,B09QLBKCZ3,Electronics,1663696876920
AE7Y5RLYIKHOZB5NKKOEKYG2SPSQ,B08F1P3BCC,Electronics,1630193736503
AE7Y5RLYIKHOZB5NKKOEKYG2SPSQ,B08L3PV71G,Electronics,1623472870329
AE7Y5RLYIKHOZB5NKKOEKYG2SPSQ,B09V19FR6M,Electronics,1621719205528
AE7Y5RLYIKHOZB5NKKOEKYG2SPSQ,B0B74ZCLQ7,Electronics,1608045779777
AE7Y5RLYIKHOZB5NKKOEKYG2SPSQ,B0BMT6TQSK,Electronics,1608045671737
AE7Y5RLYIKHOZB5NKKOEKYG2SPSQ,B0BJQ8TH85,Electronics,1608044760066
AE7Y5RLYIKHOZB5NKKOEKYG2SPSQ,B09QLBKCZ3,Electronics,1608044664376
AE7Y5RLYIKHOZB5NKKOEKYG2SPSQ,B096K4MF5V,Electronics,1608043569412
AE7Y5RLYIKHOZB5NKKOEKYG2SPSQ,B01DU67QZM,Electronics,1606666206062
AE7Y5RLYIKHOZB5NKKOEKYG2SPSQ,B00MVRBOIC,Electronics,1466541228000
AE7Y5RLYIKHOZB5NKKOEKYG2SPSQ,B00IVPU7AO,Electronics,1464612933000
AE7Y5RLYIKHOZB5NKKOEKYG2SPSQ,B000BBE9C8,Electronics,1166628463000
AEEPQNBGOQFIIR36NAUCIFL5F3MQ,B07XXZ1XGW,Electronics,1672189725155
AGVWGLLS7SG3ZQTICDD7K6EAPRMQ,B0170RBJ9Q,Electronics,1590619775944
AFGEM6BXCYHUILEOA3P2ZYBEF2TA,B08XVF418R,Electronics,1675535156280
AFGEM6BXCYHUILEOA3P2ZYBEF2TA,B0879L79L7,Electronics,1634270253287
AFGEM6BXCYHUILEOA3P2ZYBEF2TA,B01LXFFO8O,Electronics,1618894632130
AFGEM6BXCYHUILEOA3P2ZYBEF2TA,B06XDN9MBD,Electronics,1617621929131
AHOTTCH2V6EADWONZ3GAVU5KUP3A,B07QC4WTNC,Electronics,1593292845017
AH7DSQKRNRX45EP42R364AWLJ3TQ,B0791T9CV7,Electronics,1551665510820
AHHBXLYVZCDODBPA2NTPSACJD6CA,B08XLXS9P4,Electronics,1628227370852
AHHBXLYVZCDODBPA2NTPSACJD6CA,B07YRPBMC8,Electronics,1611087079657
AHHBXLYVZCDODBPA2NTPSACJD6CA,B07H65KP63,Electronics,1606716230811
AHHBXLYVZCDODBPA2NTPSACJD6CA,B07VHQW6F3,Electronics,1513727785161
AFE7OXQ2GPXOICDFCLDEOW55SKLA,B082TR27NZ,Electronics,1660412798426
AFE7OXQ2GPXOICDFCLDEOW55SKLA,B07KGVB6D6,Electronics,1573610892039
AFE7OXQ2GPXOICDFCLDEOW55SKLA,B00FHBH5SC,Electronics,1437354191000
AFE7OXQ2GPXOICDFCLDEOW55SKLA,B005I9IM4E,Electronics,1384099524000
AFE7OXQ2GPXOICDFCLDEOW55SKLA,B000F2KUK8,Electronics,1243311953000
AGC3Q6IXOVLTTDMS4Q55FPYUF6FQ,B09GGBWFP1,Electronics,1661088684918
AGC3Q6IXOVLTTDMS4Q55FPYUF6FQ,B09RZDNN93,Electronics,1661087642887
AGC3Q6IXOVLTTDMS4Q55FPYUF6FQ,B01K8B8YA8,Electronics,1483803264000
AEBEMKCZEMUFCPGTHMPVILJ7Z5VA,B08PBPZB5Z,Electronics,1654284285819
AEYS7TG2WOZAB7NLRVGTM5XZIG3Q,B07DCGFWNQ,Electronics,1571958013994
AEYS7TG2WOZAB7NLRVGTM5XZIG3Q,B07P5GWG56,Electronics,1571957924152
AEYS7TG2WOZAB7NLRVGTM5XZIG3Q,B079G2DFNC,Electronics,1567954549588
AGZHUIQEFS4VR23E7SKABSLIVEEA,B08KDZ2NZX,Electronics,1649954366194
AEOKAIB6OJVB5FRZGLEB3YAK5UBQ,B09SVJGMN1,Electronics,1545870091953
AEOKAIB6OJVB5FRZGLEB3YAK5UBQ,B07JL18G1D,Electronics,1512316495332
AEMO4BFY2UXCQE4XOFORK5EFFCDA,B0B5MZSSXG,Electronics,1656655439123
AEMO4BFY2UXCQE4XOFORK5EFFCDA,B0BS6KLLT1,Electronics,1585981800285
AEMO4BFY2UXCQE4XOFORK5EFFCDA,B00065XSP8,Electronics,1282864715000
AEXC2RWTZY5DQIVSVFXGUZANKMSQ,B015W2SJFS,Electronics,1598842996895
AGNLHE4I2AO2V23VQ5Q2BIBDFM2A,B0BS22ZZY8,Electronics,1677798396907
AHX4XWVVQUKT3FCNWCVASDF4Q56Q,B08F9ZCTCL,Electronics,1673616229196
AHX4XWVVQUKT3FCNWCVASDF4Q56Q,B09ZPV8WBV,Electronics,1659672399589
AHY7ZJB523OPTIKXRI63PS2V6FSQ,B08PBLGCNB,Electronics,1620733248370
AHY7ZJB523OPTIKXRI63PS2V6FSQ,B09V3TSYFX,Electronics,1528804461851
AHY7ZJB523OPTIKXRI63PS2V6FSQ,B00T38OHQ8,Electronics,1513007524318
AEYEP6B5W5QBNMM4OBQBQJDJ63SA,B09LQV1C2D,Electronics,1660959359250
AGMBLP4JLQK6M3UZQY655VZP73XA,B0BQD6LHL7,Electronics,1663470948217
AGMBLP4JLQK6M3UZQY655VZP73XA,B07PHB491R,Electronics,1644094633610
AGMBLP4JLQK6M3UZQY655VZP73XA,B08XQPY9BC,Electronics,1623554932583
AHZ6XMOLEWA67S3TX7IWEXXGWSOA,B07SCLKCRY,Electronics,1635634230826
AHZ6XMOLEWA67S3TX7IWEXXGWSOA,B092MV7LB5,Electronics,1626673539654
AHZ6XMOLEWA67S3TX7IWEXXGWSOA,B0925Z7N6N,Electronics,1624295222860
AHZ6XMOLEWA67S3TX7IWEXXGWSOA,B075KH6W4S,Electronics,1582757107700
AHZ6XMOLEWA67S3TX7IWEXXGWSOA,B09K8CBWBG,Electronics,1560782722523
AHZ6XMOLEWA67S3TX7IWEXXGWSOA,B0BTPBBL52,Electronics,1560782443284
AHZ6XMOLEWA67S3TX7IWEXXGWSOA,B076QBXVML,Electronics,1560780734095
AHZ6XMOLEWA67S3TX7IWEXXGWSOA,B0093UA2GA,Electronics,1556838859997
AHZ6XMOLEWA67S3TX7IWEXXGWSOA,B07MQQV5VR,Electronics,1556759196788
AHZ6XMOLEWA67S3TX7IWEXXGWSOA,B07589ZKM6,Electronics,1556758466277
AHZ6XMOLEWA67S3TX7IWEXXGWSOA,B00KC0HVTQ,Electronics,1556758190175
AHZ6XMOLEWA67S3TX7IWEXXGWSOA,B077DZYBLS,Electronics,1538950739338
AHZ6XMOLEWA67S3TX7IWEXXGWSOA,B078N1F14R,Electronics,1524855643005
AHZ6XMOLEWA67S3TX7IWEXXGWSOA,B01BT9SEDA,Electronics,1467575788000
AHZ6XMOLEWA67S3TX7IWEXXGWSOA,B0BXYXD1Q2,Electronics,1442520342000
AHZ6XMOLEWA67S3TX7IWEXXGWSOA,B00M0RH36U,Electronics,1434585437000
AHZ6XMOLEWA67S3TX7IWEXXGWSOA,B00BCGRX9M,Electronics,1434585362000
AHZ6XMOLEWA67S3TX7IWEXXGWSOA,B000EVM5DK,Electronics,1407989103000
AHZ6XMOLEWA67S3TX7IWEXXGWSOA,B09LYWCHJX,Electronics,1406384257000
AHZ6XMOLEWA67S3TX7IWEXXGWSOA,B00EUY59Z8,Electronics,1406137648000
AHZ6XMOLEWA67S3TX7IWEXXGWSOA,B0036WT3ZM,Electronics,1306350894000
AH6ZNRRCEEWR6P34CNLQ2LRLUU3Q,B08YF1VBYD,Electronics,1658867517920
AH6ZNRRCEEWR6P34CNLQ2LRLUU3Q,B07X23N387,Electronics,1583399563390
AH6ZNRRCEEWR6P34CNLQ2LRLUU3Q,B074CKFLR3,Electronics,1576801172918
AH6ZNRRCEEWR6P34CNLQ2LRLUU3Q,B003B4BBFK,Electronics,1571960658557
AEB7QWAL6J4YHBCBKR5KYQ42IRFQ,B08XNCHTCY,Electronics,1629595317583
AEB7QWAL6J4YHBCBKR5KYQ42IRFQ,B096V83KF4,Electronics,1605247095374
AFZUK3MTBIBEDQOPAK3OATUOUKLA,B06X9ZNT4P,Electronics,1677520770124
AFZUK3MTBIBEDQOPAK3OATUOUKLA,B08KSG2JMV,Electronics,1673653969320
AFZUK3MTBIBEDQOPAK3OATUOUKLA,B07H65KP63,Electronics,1673288983584
AFZUK3MTBIBEDQOPAK3OATUOUKLA,B08TBDBQ1C,Electronics,1673287008981
AFZUK3MTBIBEDQOPAK3OATUOUKLA,B0BC87S9SY,Electronics,1672533533148
AFZUK3MTBIBEDQOPAK3OATUOUKLA,B09B36FJVT,Electronics,1672532922952
AFZUK3MTBIBEDQOPAK3OATUOUKLA,B095KD3MNN,Electronics,1669496934526
AFZUK3MTBIBEDQOPAK3OATUOUKLA,B00VUIITTU,Electronics,1669496741002
AFZUK3MTBIBEDQOPAK3OATUOUKLA,B091SDZ3S1,Electronics,1661809932698
AFZUK3MTBIBEDQOPAK3OATUOUKLA,B091SDZ3S1,Electronics,1661808614994
AFZUK3MTBIBEDQOPAK3OATUOUKLA,B07Z18JVPH,Electronics,1659380683671
AFZUK3MTBIBEDQOPAK3OATUOUKLA,B0BNXXNBB4,Electronics,1659077550702
AFZUK3MTBIBEDQOPAK3OATUOUKLA,B09Y95BMKX,Electronics,1657987408714
AFZUK3MTBIBEDQOPAK3OATUOUKLA,B09DG877JS,Electronics,1655848331907
AFZUK3MTBIBEDQOPAK3OATUOUKLA,B07W1Q3X7S,Electronics,1655759306733
AFKZENTNBQ7A7V7UXW5JJI6UGRYQ,B00CM36GAQ,Grocery_and_Gourmet_Food,1587854482395
AFKZENTNBQ7A7V7UXW5JJI6UGRYQ,B0759B7KLH,Grocery_and_Gourmet_Food,1587854400380
AFKZENTNBQ7A7V7UXW5JJI6UGRYQ,B079TRNVHX,Grocery_and_Gourmet_Food,1587853224527
AFKZENTNBQ7A7V7UXW5JJI6UGRYQ,B07194LN2Z,Grocery_and_Gourmet_Food,1581313319614
AFKZENTNBQ7A7V7UXW5JJI6UGRYQ,B005CD4196,Grocery_and_Gourmet_Food,1581313294965
AFKZENTNBQ7A7V7UXW5JJI6UGRYQ,B0BG8M4XW7,Grocery_and_Gourmet_Food,1581313263026
AFKZENTNBQ7A7V7UXW5JJI6UGRYQ,B07VV7T465,Grocery_and_Gourmet_Food,1552878483550
AFKZENTNBQ7A7V7UXW5JJI6UGRYQ,B00ESE0DC4,Grocery_and_Gourmet_Food,1552878387841
AFKZENTNBQ7A7V7UXW5JJI6UGRYQ,B073DDP593,Grocery_and_Gourmet_Food,1552878262155
AFKZENTNBQ7A7V7UXW5JJI6UGRYQ,B009PO1JTS,Grocery_and_Gourmet_Food,1552878208860
AFKZENTNBQ7A7V7UXW5JJI6UGRYQ,B01KCG2OP0,Grocery_and_Gourmet_Food,1548208318951
AFKZENTNBQ7A7V7UXW5JJI6UGRYQ,B09JP7Q6W8,Grocery_and_Gourmet_Food,1548207988441
AFKZENTNBQ7A7V7UXW5JJI6UGRYQ,B0C5KQVWJL,Grocery_and_Gourmet_Food,1548207240942
AFKZENTNBQ7A7V7UXW5JJI6UGRYQ,B08KQLCRG7,Grocery_and_Gourmet_Food,1534441227514
AFKZENTNBQ7A7V7UXW5JJI6UGRYQ,B01NAYX4S3,Grocery_and_Gourmet_Food,1523093131195
AFKZENTNBQ7A7V7UXW5JJI6UGRYQ,B004OT1TA8,Grocery_and_Gourmet_Food,1441260352000
AGGZ357AO26RQZVRLGU4D4N52DZQ,B0B27QP6BG,Grocery_and_Gourmet_Food,1407430219000
AG2L7H23R5LLKDKLBEF2Q3L2MVDA,B08CZYTZ1B,Grocery_and_Gourmet_Food,1596736699316
AG2L7H23R5LLKDKLBEF2Q3L2MVDA,B0C396H8QB,Grocery_and_Gourmet_Food,1592532407673
AG2L7H23R5LLKDKLBEF2Q3L2MVDA,B07932BBRK,Grocery_and_Gourmet_Food,1591312855733
AG2L7H23R5LLKDKLBEF2Q3L2MVDA,B0106K2LFA,Grocery_and_Gourmet_Food,1591220000409
AG2L7H23R5LLKDKLBEF2Q3L2MVDA,B0BZZWHKHQ,Grocery_and_Gourmet_Food,1544743579282
AG2L7H23R5LLKDKLBEF2Q3L2MVDA,B0BCZDNTXD,Grocery_and_Gourmet_Food,1450456252000
AG2L7H23R5LLKDKLBEF2Q3L2MVDA,B00HPT9CUS,Grocery_and_Gourmet_Food,1416255309000
AGCI7FAH4GL5FI65HYLKWTMFZ2CQ,B07XGJR4BK,Grocery_and_Gourmet_Food,1459964842000
AGCI7FAH4GL5FI65HYLKWTMFZ2CQ,B000WB1YSE,Grocery_and_Gourmet_Food,1456772494000
AGCI7FAH4GL5FI65HYLKWTMFZ2CQ,B00C80IG5G,Grocery_and_Gourmet_Food,1408994682000
AGCI7FAH4GL5FI65HYLKWTMFZ2CQ,B004YN7XKY,Grocery_and_Gourmet_Food,1408993718000
AGCI7FAH4GL5FI65HYLKWTMFZ2CQ,B0082K6KOK,Grocery_and_Gourmet_Food,1408993642000
AGXVBIUFLFGMVLATYXHJYL4A5Q7Q,B079TRNVHX,Grocery_and_Gourmet_Food,1606831255882
AGKHLEW2SOWHNMFQIJGBECAF7INQ,B079TRNVHX,Grocery_and_Gourmet_Food,1674767344447
AGKHLEW2SOWHNMFQIJGBECAF7INQ,B09NX8TT5H,Grocery_and_Gourmet_Food,1674767150856
AGKHLEW2SOWHNMFQIJGBECAF7INQ,B08ZMS1BX2,Grocery_and_Gourmet_Food,1674766873252
AGKHLEW2SOWHNMFQIJGBECAF7INQ,B07NLMSNF2,Grocery_and_Gourmet_Food,1674766812550
AGKHLEW2SOWHNMFQIJGBECAF7INQ,B07NLFDSFF,Grocery_and_Gourmet_Food,1588615956361
AGKHLEW2SOWHNMFQIJGBECAF7INQ,B09BD4X5D2,Grocery_and_Gourmet_Food,1567783598041
AGKHLEW2SOWHNMFQIJGBECAF7INQ,B0CCYNZ6FV,Grocery_and_Gourmet_Food,1563855575182
AGKHLEW2SOWHNMFQIJGBECAF7INQ,B00MPX067C,Grocery_and_Gourmet_Food,1519317486997
AGKHLEW2SOWHNMFQIJGBECAF7INQ,B07MDTNZ66,Grocery_and_Gourmet_Food,1519317194462
AGKHLEW2SOWHNMFQIJGBECAF7INQ,B075DH1TZK,Grocery_and_Gourmet_Food,1519317026379
AGKHLEW2SOWHNMFQIJGBECAF7INQ,B0B97CPJ67,Grocery_and_Gourmet_Food,1504999017759
AGKHLEW2SOWHNMFQIJGBECAF7INQ,B006GCMI5Q,Grocery_and_Gourmet_Food,1481813814000
AEM663T6XHZFWLODF4US2RCOCUSA,B079TRNVHX,Grocery_and_Gourmet_Food,1607055605759
AEM663T6XHZFWLODF4US2RCOCUSA,B0BSW7QVPH,Grocery_and_Gourmet_Food,1607055350903
AFE337D2J37YRU5U6MVTVKNDKWDA,B0BLT8ZP3M,Grocery_and_Gourmet_Food,1650747204078
AFE337D2J37YRU5U6MVTVKNDKWDA,B079TRNVHX,Grocery_and_Gourmet_Food,1598473357859
AFE337D2J37YRU5U6MVTVKNDKWDA,B0BT2N7SB2,Grocery_and_Gourmet_Food,1595870906415
AGBFYI2DDIKXC5Y4FARTYDTQBMFQ,B08M4BXF4X,Grocery_and_Gourmet_Food,1589384201181
AGBFYI2DDIKXC5Y4FARTYDTQBMFQ,B079TRNVHX,Grocery_and_Gourmet_Food,1582053589159
AGBFYI2DDIKXC5Y4FARTYDTQBMFQ,B00UFMK45O,Grocery_and_Gourmet_Food,1536196489930
AGBFYI2DDIKXC5Y4FARTYDTQBMFQ,B07LFJF6TR,Grocery_and_Gourmet_Food,1425657220000
AEVWAM3YWN5URJVJIZZ6XPD2MKIA,B0C3WKSMXY,Grocery_and_Gourmet_Food,1640719876459
AEVWAM3YWN5URJVJIZZ6XPD2MKIA,B079TRNVHX,Grocery_and_Gourmet_Food,1639596988115
AEVWAM3YWN5URJVJIZZ6XPD2MKIA,B0BTGVRV5V,Grocery_and_Gourmet_Food,1639336319637
AEVWAM3YWN5URJVJIZZ6XPD2MKIA,B0000D9N12,Grocery_and_Gourmet_Food,1631304864059
AEVWAM3YWN5URJVJIZZ6XPD2MKIA,B00DSACNLI,Grocery_and_Gourmet_Food,1616621735480
AEVWAM3YWN5URJVJIZZ6XPD2MKIA,B00IV6DYTO,Grocery_and_Gourmet_Food,1530196497368
AEVWAM3YWN5URJVJIZZ6XPD2MKIA,B00EDJBHPQ,Grocery_and_Gourmet_Food,1527787404364
AEWUBEVXD7CKWOQ46K56K7BIQPBQ,B0C5M5N6ML,Grocery_and_Gourmet_Food,1607792108526
AEWUBEVXD7CKWOQ46K56K7BIQPBQ,B079TRNVHX,Grocery_and_Gourmet_Food,1607792044008
AFTC6ZR5IKNRDG5JCPVNVMU3XV2Q,B079TRNVHX,Grocery_and_Gourmet_Food,1570934825526
AFTC6ZR5IKNRDG5JCPVNVMU3XV2Q,B01BZV4XBE,Grocery_and_Gourmet_Food,1464792063000
AEAUZK2OLWXD75AWJOCCGGCL3H2A,B00MIK5NKM,Grocery_and_Gourmet_Food,1593571743614
AEAUZK2OLWXD75AWJOCCGGCL3H2A,B079TRNVHX,Grocery_and_Gourmet_Food,1536342956798
AE74DYR3QUGVPZJ3P7RFWBGIX7XQ,B01IDQ5KZW,Grocery_and_Gourmet_Food,1638716421220
AE74DYR3QUGVPZJ3P7RFWBGIX7XQ,B079TRNVHX,Grocery_and_Gourmet_Food,1589665352738
AFAHVT5FXHSIGNDR7YZK3FOCW3YA,B079TRNVHX,Grocery_and_Gourmet_Food,1572023063747
AFQLNQNQYFWQZPJQZS6V3NZU4QBQ,B079TRNVHX,Grocery_and_Gourmet_Food,1606084402751
AHITBJSS7KYUBVZPX7M2WJCOIVKQ,B079TRNVHX,Grocery_and_Gourmet_Food,1668741309007
AHITBJSS7KYUBVZPX7M2WJCOIVKQ,B08RJ53PPF,Grocery_and_Gourmet_Food,1603298429131
AHITBJSS7KYUBVZPX7M2WJCOIVKQ,B089WFDPYL,Grocery_and_Gourmet_Food,1603297517583
AHITBJSS7KYUBVZPX7M2WJCOIVKQ,B07BGJJYVB,Grocery_and_Gourmet_Food,1449795145000
AERGOXGAFZ2J3ZMHXVLZQGTW36RA,B079TRNVHX,Grocery_and_Gourmet_Food,1624823622612
AHVC23XPR4J63SSNSIRNG4H6AEWQ,B079TRNVHX,Grocery_and_Gourmet_Food,1574889165904
AHNCL7NLOKEPI7UADY4TIXN3UTFA,B079TRNVHX,Grocery_and_Gourmet_Food,1672782403260
AF7OANMNHQJC3PD4HRPX2FATECPA,B079TRNVHX,Grocery_and_Gourmet_Food,1629400501731
AFEAJQIVVIZCTKQNNHD73H7VQSPQ,B079TRNVHX,Grocery_and_Gourmet_Food,1588171799033
AFEAJQIVVIZCTKQNNHD73H7VQSPQ,B00G3XXPKK,Grocery_and_Gourmet_Food,1588171685731
AFVNEEPDEIH5SPUN5BWC6NKL3WNQ,B0721FWKSB,Grocery_and_Gourmet_Food,1674616428925
AFVNEEPDEIH5SPUN5BWC6NKL3WNQ,B079V3BX9N,Grocery_and_Gourmet_Food,1640948269857
AFVNEEPDEIH5SPUN5BWC6NKL3WNQ,B0BPXD91BT,Grocery_and_Gourmet_Food,1640948227072
AFVNEEPDEIH5SPUN5BWC6NKL3WNQ,B079TRNVHX,Grocery_and_Gourmet_Food,1637115028593
AGQW2VVGIE5EVX6QUHDBHJCAH6PQ,B079TRNVHX,Grocery_and_Gourmet_Food,1670289865506
AFDERBL3G23J5U6HHQBAZLTREKOA,B0B9C9DQYR,Grocery_and_Gourmet_Food,1673115912338
AFDERBL3G23J5U6HHQBAZLTREKOA,B08Q1J2TF1,Grocery_and_Gourmet_Food,1642883117493
AFDERBL3G23J5U6HHQBAZLTREKOA,B079TRNVHX,Grocery_and_Gourmet_Food,1642281448084
AHXSBZT52TCPZUBVCBRICTHWUCBA,B09QP4LKYH,Grocery_and_Gourmet_Food,1668477579899
AHXSBZT52TCPZUBVCBRICTHWUCBA,B079TRNVHX,Grocery_and_Gourmet_Food,1641952165331
AHXSBZT52TCPZUBVCBRICTHWUCBA,B0BHNDLPN7,Grocery_and_Gourmet_Food,1613854663794
AHGTHCERTEZUXNBLJ5SWHK2CDLXA,B00WI0T4HU,Grocery_and_Gourmet_Food,1664181017285
AHGTHCERTEZUXNBLJ5SWHK2CDLXA,B08XQJ8L2B,Grocery_and_Gourmet_Food,1658104908835
AHGTHCERTEZUXNBLJ5SWHK2CDLXA,B0BK4BP2DT,Grocery_and_Gourmet_Food,1653715491586
AHGTHCERTEZUXNBLJ5SWHK2CDLXA,B08XYJM34L,Grocery_and_Gourmet_Food,1643224037974
AHGTHCERTEZUXNBLJ5SWHK2CDLXA,B08K3LV5WS,Grocery_and_Gourmet_Food,1641585317946
AHGTHCERTEZUXNBLJ5SWHK2CDLXA,B079TRNVHX,Grocery_and_Gourmet_Food,1640478441981
AHGTHCERTEZUXNBLJ5SWHK2CDLXA,B07XVTZKYZ,Grocery_and_Gourmet_Food,1622949124655
AHGTHCERTEZUXNBLJ5SWHK2CDLXA,B07GL9FY5L,Grocery_and_Gourmet_Food,1620421997491
AHGTHCERTEZUXNBLJ5SWHK2CDLXA,B0C396H8QB,Grocery_and_Gourmet_Food,1620421630441
AHGTHCERTEZUXNBLJ5SWHK2CDLXA,B09G8D361T,Grocery_and_Gourmet_Food,1520541369571
AFEIN7QWSQ6EFW45LKD7ZOCSMLGQ,B079TRNVHX,Grocery_and_Gourmet_Food,1623535686829
AHBHMMUTJ5W3SZUHVKUP35ZYKUHA,B07QJ7S5NM,Grocery_and_Gourmet_Food,1581727609267
AHBHMMUTJ5W3SZUHVKUP35ZYKUHA,B079TRNVHX,Grocery_and_Gourmet_Food,1577154418437
AFJTRBXMURLHS5EGNXLUHDHIZRFQ,B0012S1LJ8,Grocery_and_Gourmet_Food,1635051681822
AFJTRBXMURLHS5EGNXLUHDHIZRFQ,B0BVWMVCVP,Grocery_and_Gourmet_Food,1635051575778
AFJTRBXMURLHS5EGNXLUHDHIZRFQ,B073XVY6BB,Grocery_and_Gourmet_Food,1629005030582
AFJTRBXMURLHS5EGNXLUHDHIZRFQ,B00LUK2TGC,Grocery_and_Gourmet_Food,1628045133456
AFJTRBXMURLHS5EGNXLUHDHIZRFQ,B07W6XYLLY,Grocery_and_Gourmet_Food,1610937316480
AFJTRBXMURLHS5EGNXLUHDHIZRFQ,B00MEBT00O,Grocery_and_Gourmet_Food,1608416223257
AFJTRBXMURLHS5EGNXLUHDHIZRFQ,B09RFSJKGD,Grocery_and_Gourmet_Food,1604772407288
AFJTRBXMURLHS5EGNXLUHDHIZRFQ,B07MQ6DB8Z,Grocery_and_Gourmet_Food,1604771704109
AFJTRBXMURLHS5EGNXLUHDHIZRFQ,B07MGXZMRF,Grocery_and_Gourmet_Food,1597708611093
AFJTRBXMURLHS5EGNXLUHDHIZRFQ,B074H73HV5,Grocery_and_Gourmet_Food,1597708527291
AFJTRBXMURLHS5EGNXLUHDHIZRFQ,B01ARJVZ0M,Grocery_and_Gourmet_Food,1597531540338
AFJTRBXMURLHS5EGNXLUHDHIZRFQ,B0BZLS1QY1,Grocery_and_Gourmet_Food,1592180284330
AFJTRBXMURLHS5EGNXLUHDHIZRFQ,B00LOP3YCQ,Grocery_and_Gourmet_Food,1592099666698
AFJTRBXMURLHS5EGNXLUHDHIZRFQ,B079TRNVHX,Grocery_and_Gourmet_Food,1561146600142
AEE3CNDECT73KX7PTOMJ5PUAUQVQ,B079TRNVHX,Grocery_and_Gourmet_Food,1639424841586
AEE3CNDECT73KX7PTOMJ5PUAUQVQ,B073Q7JDMQ,Grocery_and_Gourmet_Food,1609031248559
AHSPLDNW5OOUK2PLH7GXLACFBZNQ,B071FFDF28,Grocery_and_Gourmet_Food,1670948242962
AHSPLDNW5OOUK2PLH7GXLACFBZNQ,B09RSJQ7M8,Grocery_and_Gourmet_Food,1670948005907
AHSPLDNW5OOUK2PLH7GXLACFBZNQ,B015OLF18A,Grocery_and_Gourmet_Food,1664594032363
AHSPLDNW5OOUK2PLH7GXLACFBZNQ,B0004LXWA0,Grocery_and_Gourmet_Food,1659986759525
AHSPLDNW5OOUK2PLH7GXLACFBZNQ,B089FNVZK4,Grocery_and_Gourmet_Food,1659986679486
AHSPLDNW5OOUK2PLH7GXLACFBZNQ,B07N21MQL6,Grocery_and_Gourmet_Food,1643225846201
AHSPLDNW5OOUK2PLH7GXLACFBZNQ,B086CMK1M9,Grocery_and_Gourmet_Food,1640734514222
AHSPLDNW5OOUK2PLH7GXLACFBZNQ,B01JFX44FY,Grocery_and_Gourmet_Food,1640095368558
AHSPLDNW5OOUK2PLH7GXLACFBZNQ,B0785X9MVP,Grocery_and_Gourmet_Food,1639425340926
AHSPLDNW5OOUK2PLH7GXLACFBZNQ,B079TRNVHX,Grocery_and_Gourmet_Food,1638660456208
AHSPLDNW5OOUK2PLH7GXLACFBZNQ,B07ZLF9WQ5,Grocery_and_Gourmet_Food,1637590978846
AHSPLDNW5OOUK2PLH7GXLACFBZNQ,B07N228CNJ,Grocery_and_Gourmet_Food,1637590374527
AHSPLDNW5OOUK2PLH7GXLACFBZNQ,B089ZVV1P8,Grocery_and_Gourmet_Food,1633540385440
AHSPLDNW5OOUK2PLH7GXLACFBZNQ,B078HZSR6W,Grocery_and_Gourmet_Food,1632231041181
AHSPLDNW5OOUK2PLH7GXLACFBZNQ,B07WW9QWMD,Grocery_and_Gourmet_Food,1628003805871
AHSPLDNW5OOUK2PLH7GXLACFBZNQ,B0C68TW5Z6,Grocery_and_Gourmet_Food,1628003396390
AHSPLDNW5OOUK2PLH7GXLACFBZNQ,B07YLCM6PW,Grocery_and_Gourmet_Food,1628003237826
AHSPLDNW5OOUK2PLH7GXLACFBZNQ,B08F5KFG8Q,Grocery_and_Gourmet_Food,1628003006605
AHSPLDNW5OOUK2PLH7GXLACFBZNQ,B007UHSEY0,Grocery_and_Gourmet_Food,1613666762649
AHSPLDNW5OOUK2PLH7GXLACFBZNQ,B07N15BL5P,Grocery_and_Gourmet_Food,1563026730456
AHSPLDNW5OOUK2PLH7GXLACFBZNQ,B07VGTCWZB,Grocery_and_Gourmet_Food,1556388555310
AHSPLDNW5OOUK2PLH7GXLACFBZNQ,B0779GXRXX,Grocery_and_Gourmet_Food,1508858480429
AHSPLDNW5OOUK2PLH7GXLACFBZNQ,B008TQPYBW,Grocery_and_Gourmet_Food,1508276517070
AHSPLDNW5OOUK2PLH7GXLACFBZNQ,B0BJLBPXVY,Grocery_and_Gourmet_Food,1466983736000
AHSPLDNW5OOUK2PLH7GXLACFBZNQ,B00CI9A0VK,Grocery_and_Gourmet_Food,1466163139000
AHSPLDNW5OOUK2PLH7GXLACFBZNQ,B0000E2YFL,Grocery_and_Gourmet_Food,1449000671000
AHP33HWZXHK3LO2EOA5YJKF4KDIQ,B079TRNVHX,Grocery_and_Gourmet_Food,1574214730651
AHWWLSPCJMALVHDDVSUGICL6RUCA,B075MTL9Y9,Grocery_and_Gourmet_Food,1666135364164
AHWWLSPCJMALVHDDVSUGICL6RUCA,B079TRNVHX,Grocery_and_Gourmet_Food,1664746897106
AHTTU2FL6FCNBBAESCJHOHHSSW7A,B079TRNVHX,Grocery_and_Gourmet_Food,1603306934207
AGBUJDDLRJIUJFTKPABJT6CJTHRQ,B079TRNVHX,Grocery_and_Gourmet_Food,1577438903054
AGBUJDDLRJIUJFTKPABJT6CJTHRQ,B0C8W3XK56,Grocery_and_Gourmet_Food,1576168494792
AGBUJDDLRJIUJFTKPABJT6CJTHRQ,B003AYEHQ6,Grocery_and_Gourmet_Food,1477615504000
AGXFEGMNVCSTSYYA5UWXDV7AFSXA,B0B6JBYC69,Grocery_and_Gourmet_Food,1676753411021
AGXFEGMNVCSTSYYA5UWXDV7AFSXA,B07MVP9VRG,Grocery_and_Gourmet_Food,1676752273615
AGXFEGMNVCSTSYYA5UWXDV7AFSXA,B079TRNVHX,Grocery_and_Gourmet_Food,1612045943946
AGXFEGMNVCSTSYYA5UWXDV7AFSXA,B08ZGZDBCC,Grocery_and_Gourmet_Food,1612045364902
AGXFEGMNVCSTSYYA5UWXDV7AFSXA,B0BC93VKBY,Grocery_and_Gourmet_Food,1589664315006
AGXFEGMNVCSTSYYA5UWXDV7AFSXA,B098ZK33GQ,Grocery_and_Gourmet_Food,1529789935822
AHZIJGKEWRTAEOZ673G5B3SNXEGQ,B079TRNVHX,Grocery_and_Gourmet_Food,1603333745642
AHZIJGKEWRTAEOZ673G5B3SNXEGQ,B098KZLL4P,Grocery_and_Gourmet_Food,1602937979285
AHZIJGKEWRTAEOZ673G5B3SNXEGQ,B0B6CPYTND,Grocery_and_Gourmet_Food,1602937899809
AHZIJGKEWRTAEOZ673G5B3SNXEGQ,B0015UY14K,Grocery_and_Gourmet_Food,1602937814018
AEFKF6R2GUSK2AWPSWRR4ZO36JVQ,B082P57LGG,Grocery_and_Gourmet_Food,1630312209595
AEFKF6R2GUSK2AWPSWRR4ZO36JVQ,B08JQPB3RZ,Grocery_and_Gourmet_Food,1624749113508
AEFKF6R2GUSK2AWPSWRR4ZO36JVQ,B07QNLWCF1,Grocery_and_Gourmet_Food,1624748717159
AEFKF6R2GUSK2AWPSWRR4ZO36JVQ,B079TRNVHX,Grocery_and_Gourmet_Food,1623111379149
AEFKF6R2GUSK2AWPSWRR4ZO36JVQ,B01HOS0KZK,Grocery_and_Gourmet_Food,1623110968312
AEFKF6R2GUSK2AWPSWRR4ZO36JVQ,B09FXQ7T3D,Grocery_and_Gourmet_Food,1623110807281
AEFKF6R2GUSK2AWPSWRR4ZO36JVQ,B07BJ6T9MV,Grocery_and_Gourmet_Food,1601415631366
AEFKF6R2GUSK2AWPSWRR4ZO36JVQ,B00NAQYR32,Grocery_and_Gourmet_Food,1546556311423
AEFKF6R2GUSK2AWPSWRR4ZO36JVQ,B077LF6JQ1,Grocery_and_Gourmet_Food,1532071142800
AF4BOHAQZZBMDYP7B6IWIKQNHTCA,B079TRNVHX,Grocery_and_Gourmet_Food,1626450455218
AFOXGPLG5WFK3D3ALTCXFQNPWZPQ,B079TRNVHX,Grocery_and_Gourmet_Food,1638473853205
AFFR7R7ADZWGXB57TLBOHHSFC53A,B079TRNVHX,Grocery_and_Gourmet_Food,1642298675591
AFO6QN6ICKWUFQV3UEWK5EECIQTQ,B079TRNVHX,Grocery_and_Gourmet_Food,1607904092557
AET3VOB7PYHAKDAPEDTFGPSEE6QQ,B0BPBQ8YB1,Grocery_and_Gourmet_Food,1621456000000
AET3VOB7PYHAKDAPEDTFGPSEE6QQ,B074QSZHQW,Grocery_and_Gourmet_Food,1614624573262
AET3VOB7PYHAKDAPEDTFGPSEE6QQ,B08KYBVR5X,Grocery_and_Gourmet_Food,1614624455674
AET3VOB7PYHAKDAPEDTFGPSEE6QQ,B07G7YBLQ6,Grocery_and_Gourmet_Food,1606167368143
AET3VOB7PYHAKDAPEDTFGPSEE6QQ,B079TRNVHX,Grocery_and_Gourmet_Food,1606166978116
AET3VOB7PYHAKDAPEDTFGPSEE6QQ,B0BML9NSX4,Grocery_and_Gourmet_Food,1606166792392
AET3VOB7PYHAKDAPEDTFGPSEE6QQ,B0BNW3QKWB,Grocery_and_Gourmet_Food,1577409199788
AET3VOB7PYHAKDAPEDTFGPSEE6QQ,B07956X8DD,Grocery_and_Gourmet_Food,1577409143297
AET3VOB7PYHAKDAPEDTFGPSEE6QQ,B013RNARP4,Grocery_and_Gourmet_Food,1577408920606
AET3VOB7PYHAKDAPEDTFGPSEE6QQ,B071D1T45G,Grocery_and_Gourmet_Food,1568714753548
AET3VOB7PYHAKDAPEDTFGPSEE6QQ,B00HT72O2O,Grocery_and_Gourmet_Food,1548340551971
AET3VOB7PYHAKDAPEDTFGPSEE6QQ,B00E3X22A6,Grocery_and_Gourmet_Food,1544551379063
AET3VOB7PYHAKDAPEDTFGPSEE6QQ,B09RVM87D7,Grocery_and_Gourmet_Food,1544551291381
AET3VOB7PYHAKDAPEDTFGPSEE6QQ,B00OWMIEYG,Grocery_and_Gourmet_Food,1508686221817
AET3VOB7PYHAKDAPEDTFGPSEE6QQ,B014A2F03K,Grocery_and_Gourmet_Food,1503327948957
AET3VOB7PYHAKDAPEDTFGPSEE6QQ,B0BL651XRN,Grocery_and_Gourmet_Food,1503327687713
AET3VOB7PYHAKDAPEDTFGPSEE6QQ,B0046HKLDE,Grocery_and_Gourmet_Food,1503327509942
AET3VOB7PYHAKDAPEDTFGPSEE6QQ,B08H5PM41G,Grocery_and_Gourmet_Food,1503327217647
AH4MB6HER73XDOV6I4ICPNT24YQQ,B0BPDTHW9X,Grocery_and_Gourmet_Food,1634765500199
AH4MB6HER73XDOV6I4ICPNT24YQQ,B079TRNVHX,Grocery_and_Gourmet_Food,1630176139152
AH4MB6HER73XDOV6I4ICPNT24YQQ,B07DYPQXY4,Grocery_and_Gourmet_Food,1586879365047
AH4MB6HER73XDOV6I4ICPNT24YQQ,B09Y6BJVYF,Grocery_and_Gourmet_Food,1473653272000
AHFY2QSS6PK5MHSYZFI6TXUYNPLQ,B079TRNVHX,Grocery_and_Gourmet_Food,1570992677767
AHFY2QSS6PK5MHSYZFI6TXUYNPLQ,B0777X9MFN,Grocery_and_Gourmet_Food,1556014695056
AGMJ3EMDVL6OWBJF7CA5RGJLXN5A,B01C0R0ZIM,Grocery_and_Gourmet_Food,1620201764509
AGMJ3EMDVL6OWBJF7CA5RGJLXN5A,B07BBYGS5N,Grocery_and_Gourmet_Food,1613523892527
AGMJ3EMDVL6OWBJF7CA5RGJLXN5A,B0C5LZBCYC,Grocery_and_Gourmet_Food,1612476735779
AGMJ3EMDVL6OWBJF7CA5RGJLXN5A,B005CUK20Q,Grocery_and_Gourmet_Food,1602828257772
AGMJ3EMDVL6OWBJF7CA5RGJLXN5A,B0BCX6VHCG,Grocery_and_Gourmet_Food,1600715532982
AGMJ3EMDVL6OWBJF7CA5RGJLXN5A,B000PC3G5Y,Grocery_and_Gourmet_Food,1600712134308
AGMJ3EMDVL6OWBJF7CA5RGJLXN5A,B0CBL9YPR4,Grocery_and_Gourmet_Food,1600367857395
AGMJ3EMDVL6OWBJF7CA5RGJLXN5A,B079TRNVHX,Grocery_and_Gourmet_Food,1595443671091
AGMJ3EMDVL6OWBJF7CA5RGJLXN5A,B07GHS61ZR,Grocery_and_Gourmet_Food,1584389328025
AGMJ3EMDVL6OWBJF7CA5RGJLXN5A,B0BGQVXJ8K,Grocery_and_Gourmet_Food,1584019088089
AGMJ3EMDVL6OWBJF7CA5RGJLXN5A,B08P7DZL9D,Grocery_and_Gourmet_Food,1580865199815
AGMJ3EMDVL6OWBJF7CA5RGJLXN5A,B08K97W38P,Grocery_and_Gourmet_Food,1576520911578
AGMJ3EMDVL6OWBJF7CA5RGJLXN5A,B07CJW73DB,Grocery_and_Gourmet_Food,1575508921799
AFWHJ6O3PV4JC7PVOJH6CPULO2KQ,B0C54W58WT,Grocery_and_Gourmet_Food,1655752441534
AFWHJ6O3PV4JC7PVOJH6CPULO2KQ,B0098WDHF6,Grocery_and_Gourmet_Food,1589298682166
AFWHJ6O3PV4JC7PVOJH6CPULO2KQ,B079TRNVHX,Grocery_and_Gourmet_Food,1586394087628
AFWHJ6O3PV4JC7PVOJH6CPULO2KQ,B0734HRTCV,Grocery_and_Gourmet_Food,1524767784381
AEZGPLOYTSAPR3DHZKKXEFPAXUAA,B08BKVVF8V,Grocery_and_Gourmet_Food,1672028825797
AEZGPLOYTSAPR3DHZKKXEFPAXUAA,B0BR9VDTZ5,Grocery_and_Gourmet_Food,1670467620918
AEZGPLOYTSAPR3DHZKKXEFPAXUAA,B0893KW4YR,Grocery_and_Gourmet_Food,1670467436200
AEZGPLOYTSAPR3DHZKKXEFPAXUAA,B07TV972JT,Grocery_and_Gourmet_Food,1670467058291
AEZGPLOYTSAPR3DHZKKXEFPAXUAA,B079TRNVHX,Grocery_and_Gourmet_Food,1670466656982
AEZGPLOYTSAPR3DHZKKXEFPAXUAA,B0BYXX68FY,Grocery_and_Gourmet_Food,1670466313482
AEZGPLOYTSAPR3DHZKKXEFPAXUAA,B00VWF9YLI,Grocery_and_Gourmet_Food,1662259046265
AHCPZDDPHJE3G7M6ST5WGRPLXHOA,B0BVZKNGMB,Grocery_and_Gourmet_Food,1651508674410
AHCPZDDPHJE3G7M6ST5WGRPLXHOA,B079TRNVHX,Grocery_and_Gourmet_Food,1646224239412
AGYMJY6FD5ZBRML5EWUDC6HVNS6A,B07BP11PSH,Grocery_and_Gourmet_Food,1647261690786
AGYMJY6FD5ZBRML5EWUDC6HVNS6A,B07QF4H8Y6,Grocery_and_Gourmet_Food,1647261561322
AGYMJY6FD5ZBRML5EWUDC6HVNS6A,B07W7W6HVQ,Grocery_and_Gourmet_Food,1548344086188
AGYMJY6FD5ZBRML5EWUDC6HVNS6A,B079TRNVHX,Grocery_and_Gourmet_Food,1544882320287
AEWJXW46LKSW22FWTGRYTLNE7TGA,B082BJ15B3,Grocery_and_Gourmet_Food,1673268332267
AEWJXW46LKSW22FWTGRYTLNE7TGA,B09XCRMYVV,Grocery_and_Gourmet_Food,1668440917768
AEWJXW46LKSW22FWTGRYTLNE7TGA,B0BMBBNKB5,Grocery_and_Gourmet_Food,1645976275166
AEWJXW46LKSW22FWTGRYTLNE7TGA,B09GL7TYWW,Grocery_and_Gourmet_Food,1631818113743
AEWJXW46LKSW22FWTGRYTLNE7TGA,B00DZZ6ZMO,Grocery_and_Gourmet_Food,1625275398418
AEWJXW46LKSW22FWTGRYTLNE7TGA,B0BRDWXFN9,Grocery_and_Gourmet_Food,1620864690347
AEWJXW46LKSW22FWTGRYTLNE7TGA,B0C3W13X11,Grocery_and_Gourmet_Food,1617413725016
AEWJXW46LKSW22FWTGRYTLNE7TGA,B0B9QRHVKV,Grocery_and_Gourmet_Food,1603378094157
AEWJXW46LKSW22FWTGRYTLNE7TGA,B0B1F7XQRD,Grocery_and_Gourmet_Food,1583627927329
AEWJXW46LKSW22FWTGRYTLNE7TGA,B079TRNVHX,Grocery_and_Gourmet_Food,1572227482706
AEWJXW46LKSW22FWTGRYTLNE7TGA,B07C6YSTWM,Grocery_and_Gourmet_Food,1569966257900
AFUZ5E7QAHSVTLIY253GFAYZPN2Q,B079TRNVHX,Grocery_and_Gourmet_Food,1616098229683
AFUZ5E7QAHSVTLIY253GFAYZPN2Q,B01865SYDA,Grocery_and_Gourmet_Food,1616097754093
AFUZ5E7QAHSVTLIY253GFAYZPN2Q,B07QQ89TNY,Grocery_and_Gourmet_Food,1614731354759
AGGSCAW3HMSA3LCLZWVHJUMMJRSQ,B079TRNVHX,Grocery_and_Gourmet_Food,1536838993794
AH6PDU5N7P7TLLVFHCY64IFV7HIQ,B079TRNVHX,Grocery_and_Gourmet_Food,1617208517437
AHDZ3PFHIGTE7EOQBUMVRBFRMWJQ,B09LMRTZ2Z,Grocery_and_Gourmet_Food,1647207176374
AHDZ3PFHIGTE7EOQBUMVRBFRMWJQ,B0C7RCHK34,Grocery_and_Gourmet_Food,1647207102881
AHDZ3PFHIGTE7EOQBUMVRBFRMWJQ,B079TRNVHX,Grocery_and_Gourmet_Food,1647206347792
AHDZ3PFHIGTE7EOQBUMVRBFRMWJQ,B004J0M22Q,Grocery_and_Gourmet_Food,1647206281945
AHDZ3PFHIGTE7EOQBUMVRBFRMWJQ,B072KP1G35,Grocery_and_Gourmet_Food,1590332927524
AGCS6HSZBL6OPU4V4LD5H6GMBC4Q,B079TRNVHX,Grocery_and_Gourmet_Food,1626979124066
AHXBL3QDWZGJYH7A5CMPFNUPMF7Q,B00X538Y7K,Grocery_and_Gourmet_Food,1678292628212
AHXBL3QDWZGJYH7A5CMPFNUPMF7Q,B0C9WN811G,Grocery_and_Gourmet_Food,1658800103265
AHXBL3QDWZGJYH7A5CMPFNUPMF7Q,B079TRNVHX,Grocery_and_Gourmet_Food,1616615265854
AHXBL3QDWZGJYH7A5CMPFNUPMF7Q,B07L2SXMMD,Grocery_and_Gourmet_Food,1556330853538
AHXBL3QDWZGJYH7A5CMPFNUPMF7Q,B08D3W96DK,Grocery_and_Gourmet_Food,1457280753000
AHXBL3QDWZGJYH7A5CMPFNUPMF7Q,B00916VF94,Grocery_and_Gourmet_Food,1425245202000
AGMXMZWCPYOPWYT3AGRU25Y7QLOQ,B079TRNVHX,Grocery_and_Gourmet_Food,1604697997793
AGPR2UDFIJJCBA3EKFEEAJBWKROQ,B079TRNVHX,Grocery_and_Gourmet_Food,1641591019405
AG6BAEKWLCWH2TW3KKLVK773YF6A,B079TRNVHX,Grocery_and_Gourmet_Food,1603227591603
AFAALG5D7CXVXASDADMX2INQH4OA,B079TRNVHX,Grocery_and_Gourmet_Food,1585856026510
AHOEIYJJHZ7ITX75BOFQYNXVVJQQ,B0BZQYVNKJ,Grocery_and_Gourmet_Food,1678114448681
AHOEIYJJHZ7ITX75BOFQYNXVVJQQ,B079TRNVHX,Grocery_and_Gourmet_Food,1677846081343
AHOEIYJJHZ7ITX75BOFQYNXVVJQQ,B0BZQYVNKJ,Grocery_and_Gourmet_Food,1677845765199
AHOEIYJJHZ7ITX75BOFQYNXVVJQQ,B09G8LZF5V,Grocery_and_Gourmet_Food,1676440594808
AHOEIYJJHZ7ITX75BOFQYNXVVJQQ,B0BC35SSBX,Grocery_and_Gourmet_Food,1618263424272
AHEZIVRGCNRMZSGHJHORIETQJSOA,B07PDHK769,Grocery_and_Gourmet_Food,1673118840140
AHEZIVRGCNRMZSGHJHORIETQJSOA,B071GVLDGS,Grocery_and_Gourmet_Food,1671046719471
AHEZIVRGCNRMZSGHJHORIETQJSOA,B0BF7D4PF7,Grocery_and_Gourmet_Food,1671046109732
AHEZIVRGCNRMZSGHJHORIETQJSOA,B092P5C29B,Grocery_and_Gourmet_Food,1671045962222
AHEZIVRGCNRMZSGHJHORIETQJSOA,B08KJ362H4,Grocery_and_Gourmet_Food,1608666749068
AHEZIVRGCNRMZSGHJHORIETQJSOA,B079TRNVHX,Grocery_and_Gourmet_Food,1608666487919
AGMF7G6Y5WX4WXHQUZXSBWZHEJIQ,B079TRNVHX,Grocery_and_Gourmet_Food,1656197764065
AGFNKUPLGHJ7X5IRLMJBDIMCLMKA,B079TRNVHX,Grocery_and_Gourmet_Food,1600612878904
AGFNKUPLGHJ7X5IRLMJBDIMCLMKA,B0BYJ4HK1L,Grocery_and_Gourmet_Food,1600612707658
AGFNKUPLGHJ7X5IRLMJBDIMCLMKA,B07C3Z95DQ,Grocery_and_Gourmet_Food,1600612638124
AGFNKUPLGHJ7X5IRLMJBDIMCLMKA,B08HQFPZL8,Grocery_and_Gourmet_Food,1520821094372
AHLC5H2CEWSAOXOA53VIIROLPZKA,B07LDWG6LH,Grocery_and_Gourmet_Food,1678915292781
AHLC5H2CEWSAOXOA53VIIROLPZKA,B0C65ZY5PG,Grocery_and_Gourmet_Food,1668474885767
AHLC5H2CEWSAOXOA53VIIROLPZKA,B008K81P08,Grocery_and_Gourmet_Food,1662757047073
AHLC5H2CEWSAOXOA53VIIROLPZKA,B00MBUT67U,Grocery_and_Gourmet_Food,1656016870904
AHLC5H2CEWSAOXOA53VIIROLPZKA,B0BT6QMTSY,Grocery_and_Gourmet_Food,1654117374254
AHLC5H2CEWSAOXOA53VIIROLPZKA,B07PFF8J2P,Grocery_and_Gourmet_Food,1652209034576
AHLC5H2CEWSAOXOA53VIIROLPZKA,B0BNLYWPPR,Grocery_and_Gourmet_Food,1646590956190
AHLC5H2CEWSAOXOA53VIIROLPZKA,B01KQW673K,Grocery_and_Gourmet_Food,1642188603344
AHLC5H2CEWSAOXOA53VIIROLPZKA,B076NZPJ2N,Grocery_and_Gourmet_Food,1640397464636
AHLC5H2CEWSAOXOA53VIIROLPZKA,B0BCX63N6N,Grocery_and_Gourmet_Food,1637557455113
AHLC5H2CEWSAOXOA53VIIROLPZKA,B0CBL8JJHW,Grocery_and_Gourmet_Food,1621275771095
AHLC5H2CEWSAOXOA53VIIROLPZKA,B079TRNVHX,Grocery_and_Gourmet_Food,1603738086178
AEQAYV7RXZEBXMQIQPL6KCT2CFWQ,B079TRNVHX,Grocery_and_Gourmet_Food,1666812358655
AEQAYV7RXZEBXMQIQPL6KCT2CFWQ,B0C2T61ZKK,Grocery_and_Gourmet_Food,1666812029301
AFNT6ZJCYQN3WDIKUSWHJDXNND2Q,B08XQJ8L2B,Grocery_and_Gourmet_Food,1677552867230
AFNT6ZJCYQN3WDIKUSWHJDXNND2Q,B00WI0T4HU,Grocery_and_Gourmet_Food,1677552281177
AFNT6ZJCYQN3WDIKUSWHJDXNND2Q,B01FW4ZCJM,Grocery_and_Gourmet_Food,1677551810197
AFNT6ZJCYQN3WDIKUSWHJDXNND2Q,B01FF96BNA,Grocery_and_Gourmet_Food,1677551613541
AFNT6ZJCYQN3WDIKUSWHJDXNND2Q,B0BRZVC2QQ,Grocery_and_Gourmet_Food,1676512852599
AFNT6ZJCYQN3WDIKUSWHJDXNND2Q,B000IXWDFO,Grocery_and_Gourmet_Food,1676512805768
AFNT6ZJCYQN3WDIKUSWHJDXNND2Q,B079TRNVHX,Grocery_and_Gourmet_Food,1676512463933
AFNT6ZJCYQN3WDIKUSWHJDXNND2Q,B0C4FKKMK2,Grocery_and_Gourmet_Food,1676007329711
AFNT6ZJCYQN3WDIKUSWHJDXNND2Q,B00O5S3SGQ,Grocery_and_Gourmet_Food,1676007277014
AFNT6ZJCYQN3WDIKUSWHJDXNND2Q,B01FF96B94,Grocery_and_Gourmet_Food,1674007080367
AFNT6ZJCYQN3WDIKUSWHJDXNND2Q,B09G6MRQ9V,Grocery_and_Gourmet_Food,1674006788346
AFNT6ZJCYQN3WDIKUSWHJDXNND2Q,B08ZZWLRVC,Grocery_and_Gourmet_Food,1667886664993
AFNT6ZJCYQN3WDIKUSWHJDXNND2Q,B0BL9KF4SK,Grocery_and_Gourmet_Food,1667886480357
AFNT6ZJCYQN3WDIKUSWHJDXNND2Q,B0BVQRT6P2,Grocery_and_Gourmet_Food,1667886274181
AFNT6ZJCYQN3WDIKUSWHJDXNND2Q,B07WYKQBSC,Grocery_and_Gourmet_Food,1664687294204
AFNT6ZJCYQN3WDIKUSWHJDXNND2Q,B00KOB82F0,Grocery_and_Gourmet_Food,1663951152246
AFNT6ZJCYQN3WDIKUSWHJDXNND2Q,B07XPF8Y9R,Grocery_and_Gourmet_Food,1663951085807
AFNT6ZJCYQN3WDIKUSWHJDXNND2Q,B00I9VC2AI,Grocery_and_Gourmet_Food,1661349322019
AFNT6ZJCYQN3WDIKUSWHJDXNND2Q,B0BYCDBKB6,Grocery_and_Gourmet_Food,1661348957170
AFNT6ZJCYQN3WDIKUSWHJDXNND2Q,B07LFSCR53,Grocery_and_Gourmet_Food,1660885605599
AFNT6ZJCYQN3WDIKUSWHJDXNND2Q,B07FZW35W5,Grocery_and_Gourmet_Food,1660885551526
AFNT6ZJCYQN3WDIKUSWHJDXNND2Q,B00DQ24JXS,Grocery_and_Gourmet_Food,1660885463461
AFNT6ZJCYQN3WDIKUSWHJDXNND2Q,B0868Y7CK4,Grocery_and_Gourmet_Food,1658344721596
AFNT6ZJCYQN3WDIKUSWHJDXNND2Q,B00C9RNQ8K,Grocery_and_Gourmet_Food,1658344621767
AFNT6ZJCYQN3WDIKUSWHJDXNND2Q,B0C64YDTZ6,Grocery_and_Gourmet_Food,1573344640200
AFNT6ZJCYQN3WDIKUSWHJDXNND2Q,B07Y5K36YV,Grocery_and_Gourmet_Food,1569529822741
AFNT6ZJCYQN3WDIKUSWHJDXNND2Q,B071SB1Y4V,Grocery_and_Gourmet_Food,1533585115066
AFNT6ZJCYQN3WDIKUSWHJDXNND2Q,B006P5Q6A2,Grocery_and_Gourmet_Food,1513808133039
AFNT6ZJCYQN3WDIKUSWHJDXNND2Q,B0C3KRT7XR,Grocery_and_Gourmet_Food,1513807635252
AFNT6ZJCYQN3WDIKUSWHJDXNND2Q,B015ZIH8CE,Grocery_and_Gourmet_Food,1453309300000
AFNT6ZJCYQN3WDIKUSWHJDXNND2Q,B0B5MK9NZ4,Grocery_and_Gourmet_Food,1442178047000
AFNT6ZJCYQN3WDIKUSWHJDXNND2Q,B07V4TLSV1,Grocery_and_Gourmet_Food,1442177924000
AHUVQ4UNB2JGV6MY4ZT75SZLPUBQ,B009ERFKZ0,Grocery_and_Gourmet_Food,1677550745553
AHUVQ4UNB2JGV6MY4ZT75SZLPUBQ,B079TRNVHX,Grocery_and_Gourmet_Food,1672624521271
AHUVQ4UNB2JGV6MY4ZT75SZLPUBQ,B0BSG5FK4G,Grocery_and_Gourmet_Food,1611058293304
AHUVQ4UNB2JGV6MY4ZT75SZLPUBQ,B0BC95XB92,Grocery_and_Gourmet_Food,1550631574466
AF232QQ7UDHGQOVR6LZ3X7ZVQ3ZA,B079TRNVHX,Grocery_and_Gourmet_Food,1594561233306
AEVPPTMG43C6GWSR7I2UGRQN7WFQ,B07D95K7Q8,Grocery_and_Gourmet_Food,1651342464512
AEVPPTMG43C6GWSR7I2UGRQN7WFQ,B09G8LZF5V,Grocery_and_Gourmet_Food,1611261600886
AEVPPTMG43C6GWSR7I2UGRQN7WFQ,B079TRNVHX,Grocery_and_Gourmet_Food,1610832386341
AHREXOGQPZDA6354MHH4ETSF3MCQ,B0BYZ647CY,Grocery_and_Gourmet_Food,1670878641597
AHREXOGQPZDA6354MHH4ETSF3MCQ,B079TRNVHX,Grocery_and_Gourmet_Food,1639011759307
AHREXOGQPZDA6354MHH4ETSF3MCQ,B0B6GMBDFX,Grocery_and_Gourmet_Food,1619703315141
AHREXOGQPZDA6354MHH4ETSF3MCQ,B09QN4PCPS,Grocery_and_Gourmet_Food,1618185992410
AEYCJLZHSNAWFO7IKKERBKF2VD5A,B079TRNVHX,Grocery_and_Gourmet_Food,1598758393931
AHSXXZHYMXDRVKC643TJZYQ7XGYA,B0C59M8CN9,Grocery_and_Gourmet_Food,1665710257500
AHSXXZHYMXDRVKC643TJZYQ7XGYA,B07KRMRFGP,Grocery_and_Gourmet_Food,1662142787389
AHSXXZHYMXDRVKC643TJZYQ7XGYA,B07KRMRFGP,Grocery_and_Gourmet_Food,1657045335159
AHSXXZHYMXDRVKC643TJZYQ7XGYA,B08HFZ5H92,Grocery_and_Gourmet_Food,1653696187465
AHSXXZHYMXDRVKC643TJZYQ7XGYA,B00N3FP5G8,Grocery_and_Gourmet_Food,1652801101579
AHSXXZHYMXDRVKC643TJZYQ7XGYA,B07WHJQDC2,Grocery_and_Gourmet_Food,1652801015136
AHSXXZHYMXDRVKC643TJZYQ7XGYA,B079TRNVHX,Grocery_and_Gourmet_Food,1592367945654
AHSXXZHYMXDRVKC643TJZYQ7XGYA,B08FVLQ5DD,Grocery_and_Gourmet_Food,1592367834935
AHSXXZHYMXDRVKC643TJZYQ7XGYA,B0CBL8BS1N,Grocery_and_Gourmet_Food,1578756279852
AHSXXZHYMXDRVKC643TJZYQ7XGYA,B00AAVK4KA,Grocery_and_Gourmet_Food,1449107680000
AHSXXZHYMXDRVKC643TJZYQ7XGYA,B0000EIEIU,Grocery_and_Gourmet_Food,1442075446000
AHSXXZHYMXDRVKC643TJZYQ7XGYA,B0002HDM06,Grocery_and_Gourmet_Food,1442074600000
AHSXXZHYMXDRVKC643TJZYQ7XGYA,B00CXVBAVC,Grocery_and_Gourmet_Food,1442073889000
AHSXXZHYMXDRVKC643TJZYQ7XGYA,B005LIBT8I,Grocery_and_Gourmet_Food,1415216737000
AH6CATODIVPVUOJEWHRSRCSKAOHA,B079TRNVHX,Grocery_and_Gourmet_Food,1601748029131
AH6CATODIVPVUOJEWHRSRCSKAOHA,B007SR8IP2,Grocery_and_Gourmet_Food,1582206749188
AH6CATODIVPVUOJEWHRSRCSKAOHA,B07YMG4VYW,Grocery_and_Gourmet_Food,1578845721515
AH6CATODIVPVUOJEWHRSRCSKAOHA,B073CZD7YV,Grocery_and_Gourmet_Food,1570666183485
AH6CATODIVPVUOJEWHRSRCSKAOHA,B07752YVQR,Grocery_and_Gourmet_Food,1484461760000
AH6CATODIVPVUOJEWHRSRCSKAOHA,B09HJCQ6BM,Grocery_and_Gourmet_Food,1417576866000
AFGUPTDFAWOHHL4LZDV27ERDNOYQ,B07Y88Z59B,Grocery_and_Gourmet_Food,1574581224174
AFGUPTDFAWOHHL4LZDV27ERDNOYQ,B079TRNVHX,Grocery_and_Gourmet_Food,1546662125854
AFGUPTDFAWOHHL4LZDV27ERDNOYQ,B08FVH85JP,Grocery_and_Gourmet_Food,1546662014429
AFGUPTDFAWOHHL4LZDV27ERDNOYQ,B07K3PF32Q,Grocery_and_Gourmet_Food,1546661847016
AFGUPTDFAWOHHL4LZDV27ERDNOYQ,B0C9LNTLC1,Grocery_and_Gourmet_Food,1544407271230
AFGUPTDFAWOHHL4LZDV27ERDNOYQ,B00IRYCLEE,Grocery_and_Gourmet_Food,1544406812497
AFGUPTDFAWOHHL4LZDV27ERDNOYQ,B0C1FP7K9L,Grocery_and_Gourmet_Food,1544406702694
AFGUPTDFAWOHHL4LZDV27ERDNOYQ,B018H3E4RG,Grocery_and_Gourmet_Food,1544406054877
AFGUPTDFAWOHHL4LZDV27ERDNOYQ,B076FFW9T8,Grocery_and_Gourmet_Food,1544405918289
AFGUPTDFAWOHHL4LZDV27ERDNOYQ,B07K3NFWTK,Grocery_and_Gourmet_Food,1544399222241
AHYIIOGHQYQNXYSSAOUSP4WYYBUA,B079TRNVHX,Grocery_and_Gourmet_Food,1616453451662
AEO4M665ZOCBF7HEFRMTUDHLSB5Q,B079TRNVHX,Grocery_and_Gourmet_Food,1655860813633
AELFJFAXQERUSMTXJQ6SYFFRDWMA,B079TRNVHX,Grocery_and_Gourmet_Food,1650229262756
AHBPNB4OFDSGKU7UM5IATLVSPGJQ,B097H6YNPW,Grocery_and_Gourmet_Food,1621020855384
AHBPNB4OFDSGKU7UM5IATLVSPGJQ,B079TRNVHX,Grocery_and_Gourmet_Food,1600281080347
AFGGQCSEGPS7EKWJ4GG2L4LV4TKQ,B079TRNVHX,Grocery_and_Gourmet_Food,1631129092211
AFGGQCSEGPS7EKWJ4GG2L4LV4TKQ,B084ZT93SK,Grocery_and_Gourmet_Food,1631128610072
AFZHGG66WZRBIJTYPCHDSHY5GIWA,B09MNLP9HP,Grocery_and_Gourmet_Food,1675331754746
AFZHGG66WZRBIJTYPCHDSHY5GIWA,B079TRNVHX,Grocery_and_Gourmet_Food,1638667421775
AHWRKUZUZNWALPR3HG6H3QBFEBDA,B079TRNVHX,Grocery_and_Gourmet_Food,1581460343675
AGHWZRZY7UYGZAYBZ2JADLTCSKKQ,B079TRNVHX,Grocery_and_Gourmet_Food,1658292266823
AEKDF2ANHCJWJQSPSMPV5TNTNZJA,B0C5CFH38Z,Grocery_and_Gourmet_Food,1595802579451
AEKDF2ANHCJWJQSPSMPV5TNTNZJA,B0778ZM4ZN,Grocery_and_Gourmet_Food,1595802132225
AEKDF2ANHCJWJQSPSMPV5TNTNZJA,B079TRNVHX,Grocery_and_Gourmet_Food,1595802091069
AHW2LP77UXV3E2T3SIERXOYD7DDA,B07KCR5J2Z,Grocery_and_Gourmet_Food,1678669994039
AHW2LP77UXV3E2T3SIERXOYD7DDA,B00D97N1VQ,Grocery_and_Gourmet_Food,1673073704327
AHW2LP77UXV3E2T3SIERXOYD7DDA,B079TRNVHX,Grocery_and_Gourmet_Food,1673073019666
AHW2LP77UXV3E2T3SIERXOYD7DDA,B00AU4B12C,Grocery_and_Gourmet_Food,1666981011971
AEUH4EH6XHROLT7UZPUYU2YKTYMA,B079TRNVHX,Grocery_and_Gourmet_Food,1639000270280
AGI5WCODFNNY5MKGED2667RA4ZAA,B079TRNVHX,Grocery_and_Gourmet_Food,1654562918581
AGI5WCODFNNY5MKGED2667RA4ZAA,B0BJNTG5QR,Grocery_and_Gourmet_Food,1652584452059
AFIWYBPRAGQIAJOBA4QGIKL2BZAQ,B079TRNVHX,Grocery_and_Gourmet_Food,1671820082490
AFIWYBPRAGQIAJOBA4QGIKL2BZAQ,B081ZG9DTH,Grocery_and_Gourmet_Food,1613509224124
AFIWYBPRAGQIAJOBA4QGIKL2BZAQ,B01G3JH5GI,Grocery_and_Gourmet_Food,1572763021271
AFIWYBPRAGQIAJOBA4QGIKL2BZAQ,B07X4ZYZLN,Grocery_and_Gourmet_Food,1572186553430
AFIWYBPRAGQIAJOBA4QGIKL2BZAQ,B083D6HTFJ,Grocery_and_Gourmet_Food,1572186446219
AFIWYBPRAGQIAJOBA4QGIKL2BZAQ,B0159TXF6C,Grocery_and_Gourmet_Food,1571518930284
AFIWYBPRAGQIAJOBA4QGIKL2BZAQ,B07X1LM3Z2,Grocery_and_Gourmet_Food,1481575078000
AHCV2CNCOCG6WECDROOUYPDZIFEQ,B0BCT4B6GK,Grocery_and_Gourmet_Food,1675950346749
AHCV2CNCOCG6WECDROOUYPDZIFEQ,B09WJLSD5P,Grocery_and_Gourmet_Food,1674835258579
AHCV2CNCOCG6WECDROOUYPDZIFEQ,B079TRNVHX,Grocery_and_Gourmet_Food,1590485102443
AHCV2CNCOCG6WECDROOUYPDZIFEQ,B08P4ZR1RF,Grocery_and_Gourmet_Food,1590485080100
AHCV2CNCOCG6WECDROOUYPDZIFEQ,B0C4X5F74W,Grocery_and_Gourmet_Food,1590484939298
AHCV2CNCOCG6WECDROOUYPDZIFEQ,B00CJ1CHQ8,Grocery_and_Gourmet_Food,1590484796197
AH6PLOGWYIVIWLJTY756BHNFD4YA,B0BVM8531V,Grocery_and_Gourmet_Food,1645289764249
AH6PLOGWYIVIWLJTY756BHNFD4YA,B0C4G85DS8,Grocery_and_Gourmet_Food,1644459769856
AH6PLOGWYIVIWLJTY756BHNFD4YA,B079TRNVHX,Grocery_and_Gourmet_Food,1587992143966
AH6PLOGWYIVIWLJTY756BHNFD4YA,B004G8J8HI,Grocery_and_Gourmet_Food,1330448943000
AHI3JGUFPMIJLPYTHBMTFAOZ4XFA,B079GN1XM3,Grocery_and_Gourmet_Food,1660949696150
AHI3JGUFPMIJLPYTHBMTFAOZ4XFA,B079TRNVHX,Grocery_and_Gourmet_Food,1653848184746
AHI3JGUFPMIJLPYTHBMTFAOZ4XFA,B0BSNT4XR3,Grocery_and_Gourmet_Food,1653848136595
AHI3JGUFPMIJLPYTHBMTFAOZ4XFA,B09TBKH89D,Grocery_and_Gourmet_Food,1653848066100
AHI3JGUFPMIJLPYTHBMTFAOZ4XFA,B0B952ZY1T,Grocery_and_Gourmet_Food,1639084949574
AHI3JGUFPMIJLPYTHBMTFAOZ4XFA,B09XSY3JND,Grocery_and_Gourmet_Food,1638488296645
AHI3JGUFPMIJLPYTHBMTFAOZ4XFA,B08FF9FHF5,Grocery_and_Gourmet_Food,1638488237929
AHI3JGUFPMIJLPYTHBMTFAOZ4XFA,B0C1B1VLRJ,Grocery_and_Gourmet_Food,1564137444558
AHI3JGUFPMIJLPYTHBMTFAOZ4XFA,B006P5PZQI,Grocery_and_Gourmet_Food,1529193539103
AFG4D3FIZMSZRFOFYZOQRFCUN34Q,B079TRNVHX,Grocery_and_Gourmet_Food,1593058230712
AHTH75HJJ5QPIP3ZDF2XNIBE3CWA,B00MBUT67U,Grocery_and_Gourmet_Food,1628600153875
AHTH75HJJ5QPIP3ZDF2XNIBE3CWA,B07D77CGTC,Grocery_and_Gourmet_Food,1614196262401
AHTH75HJJ5QPIP3ZDF2XNIBE3CWA,B07S27NZWJ,Grocery_and_Gourmet_Food,1614196226865
AHTH75HJJ5QPIP3ZDF2XNIBE3CWA,B079JRBRTV,Grocery_and_Gourmet_Food,1614196177008
AHTH75HJJ5QPIP3ZDF2XNIBE3CWA,B07YMG4VYW,Grocery_and_Gourmet_Food,1608143758959
AHTH75HJJ5QPIP3ZDF2XNIBE3CWA,B07TD9WPH1,Grocery_and_Gourmet_Food,1606144321527
AHTH75HJJ5QPIP3ZDF2XNIBE3CWA,B08ZMWJ18M,Grocery_and_Gourmet_Food,1605396868092
AHTH75HJJ5QPIP3ZDF2XNIBE3CWA,B0BTV79HFZ,Grocery_and_Gourmet_Food,1600047791273
AHTH75HJJ5QPIP3ZDF2XNIBE3CWA,B079TRNVHX,Grocery_and_Gourmet_Food,1598195075084
AHTH75HJJ5QPIP3ZDF2XNIBE3CWA,B0BNSXYZWZ,Grocery_and_Gourmet_Food,1588180554965
AGFETIUFABYTBKH3H237OWO2FLBA,B07ZZRJ98K,Grocery_and_Gourmet_Food,1643479906499
AGFETIUFABYTBKH3H237OWO2FLBA,B093R1RNFZ,Grocery_and_Gourmet_Food,1636333813053
AGFETIUFABYTBKH3H237OWO2FLBA,B08Y728XP6,Grocery_and_Gourmet_Food,1636333155154
AGFETIUFABYTBKH3H237OWO2FLBA,B00RW2GP6W,Grocery_and_Gourmet_Food,1635786798757
AGFETIUFABYTBKH3H237OWO2FLBA,B0BQ9XFWQC,Grocery_and_Gourmet_Food,1624546597933
AGFETIUFABYTBKH3H237OWO2FLBA,B0BT9ND39S,Grocery_and_Gourmet_Food,1623026475509
AGFETIUFABYTBKH3H237OWO2FLBA,B079TRNVHX,Grocery_and_Gourmet_Food,1623026407928
AGFETIUFABYTBKH3H237OWO2FLBA,B09VTSQNSY,Grocery_and_Gourmet_Food,1623026320242
AGFETIUFABYTBKH3H237OWO2FLBA,B09B8J37N1,Grocery_and_Gourmet_Food,1623026099784
AGFETIUFABYTBKH3H237OWO2FLBA,B0126TDEHI,Grocery_and_Gourmet_Food,1623026058108
AGFETIUFABYTBKH3H237OWO2FLBA,B0BGZ547WB,Grocery_and_Gourmet_Food,1623025991611
AGFETIUFABYTBKH3H237OWO2FLBA,B00UJIYDBK,Grocery_and_Gourmet_Food,1601653305869
AFKM2RAHFSOCCBMAHA6DLBDNGJ3Q,B083JZW7ZW,Grocery_and_Gourmet_Food,1642776963115
AFKM2RAHFSOCCBMAHA6DLBDNGJ3Q,B079TRNVHX,Grocery_and_Gourmet_Food,1621897218362
AF5MJENGAL5G6BUFIVMH5LRSZ6EA,B09W8HFZF1,Grocery_and_Gourmet_Food,1641852892342
AF5MJENGAL5G6BUFIVMH5LRSZ6EA,B019NBHDJW,Grocery_and_Gourmet_Food,1641852787281
AF5MJENGAL5G6BUFIVMH5LRSZ6EA,B079TRNVHX,Grocery_and_Gourmet_Food,1607924537540
AEI4YPQZG6TZOWHDFP7I22S4MQZQ,B079TRNVHX,Grocery_and_Gourmet_Food,1640036828437
AEI4YPQZG6TZOWHDFP7I22S4MQZQ,B002P8JNFS,Grocery_and_Gourmet_Food,1603038266280
AEI4YPQZG6TZOWHDFP7I22S4MQZQ,B086R3Y54N,Grocery_and_Gourmet_Food,1580612857194
AEYORY2AVPMCPDV57CE337YU5LXA,B018Z5R612,Grocery_and_Gourmet_Food,1643331466145
AEYORY2AVPMCPDV57CE337YU5LXA,B07SJX199R,Grocery_and_Gourmet_Food,1612915932046
AEYORY2AVPMCPDV57CE337YU5LXA,B0994Z334P,Grocery_and_Gourmet_Food,1598967192189
AEYORY2AVPMCPDV57CE337YU5LXA,B079TRNVHX,Grocery_and_Gourmet_Food,1596123968757
AEYORY2AVPMCPDV57CE337YU5LXA,B094NNWTYT,Grocery_and_Gourmet_Food,1595793797656
AEYFU5FQAJYXFREC4KHQ34EGZ3LQ,B09VJY7KT9,Grocery_and_Gourmet_Food,1671487210679
AEYFU5FQAJYXFREC4KHQ34EGZ3LQ,B08NQJ8CFP,Grocery_and_Gourmet_Food,1667261689051
AEYFU5FQAJYXFREC4KHQ34EGZ3LQ,B08NM29HPX,Grocery_and_Gourmet_Food,1624746335390
AEYFU5FQAJYXFREC4KHQ34EGZ3LQ,B079TRNVHX,Grocery_and_Gourmet_Food,1624746240487
AEYFU5FQAJYXFREC4KHQ34EGZ3LQ,B012F2QP72,Grocery_and_Gourmet_Food,1599268858002
AEYFU5FQAJYXFREC4KHQ34EGZ3LQ,B012F2QKHC,Grocery_and_Gourmet_Food,1599268825621
AEYFU5FQAJYXFREC4KHQ34EGZ3LQ,B000IXUJNM,Grocery_and_Gourmet_Food,1599268780055
AEYFU5FQAJYXFREC4KHQ34EGZ3LQ,B0BGJPR5BM,Grocery_and_Gourmet_Food,1599268753724
AEYFU5FQAJYXFREC4KHQ34EGZ3LQ,B0754V668M,Grocery_and_Gourmet_Food,1562177699071
AEYFU5FQAJYXFREC4KHQ34EGZ3LQ,B00EE1Y55C,Grocery_and_Gourmet_Food,1523314626635
AEYFU5FQAJYXFREC4KHQ34EGZ3LQ,B08PD85HVQ,Grocery_and_Gourmet_Food,1520057218821
AEYFU5FQAJYXFREC4KHQ34EGZ3LQ,B001FA1K2G,Grocery_and_Gourmet_Food,1520057199227
AEYFU5FQAJYXFREC4KHQ34EGZ3LQ,B000GW67JK,Grocery_and_Gourmet_Food,1520057123959
AEYFU5FQAJYXFREC4KHQ34EGZ3LQ,B00BGDH9V8,Grocery_and_Gourmet_Food,1504476758112
AEYFU5FQAJYXFREC4KHQ34EGZ3LQ,B00KMPYAEK,Grocery_and_Gourmet_Food,1504476734542
AEYFU5FQAJYXFREC4KHQ34EGZ3LQ,B089T5VKXR,Grocery_and_Gourmet_Food,1504476696419
AEYFU5FQAJYXFREC4KHQ34EGZ3LQ,B01B1G6ZEQ,Grocery_and_Gourmet_Food,1501617336025
AEYFU5FQAJYXFREC4KHQ34EGZ3LQ,B000KOWZ5O,Grocery_and_Gourmet_Food,1501617315891
AEYFU5FQAJYXFREC4KHQ34EGZ3LQ,B01CRXAFAC,Grocery_and_Gourmet_Food,1501617295742
AGGKOO5YUE7FOQMEKTBILOBDCVLQ,B079TRNVHX,Grocery_and_Gourmet_Food,1610046266653
AEINY4XOINMMJCK5GZ3M6MMHBN6A,B079TRNVHX,Grocery_and_Gourmet_Food,1613354172220
AEINY4XOINMMJCK5GZ3M6MMHBN6A,B093F2YGVF,Grocery_and_Gourmet_Food,1580361677045
AE3Q6AEWP7Y7CH4N6IWEP4YBNP2A,B07239VDFC,Grocery_and_Gourmet_Food,1575749541657
AE3Q6AEWP7Y7CH4N6IWEP4YBNP2A,B079TRNVHX,Grocery_and_Gourmet_Food,1575749319846
AE3Q6AEWP7Y7CH4N6IWEP4YBNP2A,B0721Y1J2C,Grocery_and_Gourmet_Food,1575748775525
AGJSTXSEWFVQWVQINO6QKMNBUUNA,B079TRNVHX,Grocery_and_Gourmet_Food,1633126757422
AHFTG2VDVRE6HDSKJI7NXZHFX2DA,B079TRNVHX,Grocery_and_Gourmet_Food,1620675632808
AEJDETWITK2KGACH7FUBMY33PPSQ,B09GV6DD4B,Grocery_and_Gourmet_Food,1654622932156
AEJDETWITK2KGACH7FUBMY33PPSQ,B07CJVSV6L,Grocery_and_Gourmet_Food,1653937299084
AEJDETWITK2KGACH7FUBMY33PPSQ,B09KS8RFNC,Grocery_and_Gourmet_Food,1640726258461
AEJDETWITK2KGACH7FUBMY33PPSQ,B0B7W44H9C,Grocery_and_Gourmet_Food,1622310659047
AEJDETWITK2KGACH7FUBMY33PPSQ,B0C7MFJR6S,Grocery_and_Gourmet_Food,1592616342876
AEJDETWITK2KGACH7FUBMY33PPSQ,B00HS5V8A6,Grocery_and_Gourmet_Food,1581279922017
AEJDETWITK2KGACH7FUBMY33PPSQ,B079TRNVHX,Grocery_and_Gourmet_Food,1581279451036
AEJDETWITK2KGACH7FUBMY33PPSQ,B079C5LG7X,Grocery_and_Gourmet_Food,1581279271134
AEJDETWITK2KGACH7FUBMY33PPSQ,B0C52RQ9L8,Grocery_and_Gourmet_Food,1581279102482
AEJDETWITK2KGACH7FUBMY33PPSQ,B091BM371M,Grocery_and_Gourmet_Food,1551845777505
AEJDETWITK2KGACH7FUBMY33PPSQ,B091BLMSDG,Grocery_and_Gourmet_Food,1549468428904
AEJDETWITK2KGACH7FUBMY33PPSQ,B0C49PS8P8,Grocery_and_Gourmet_Food,1539317273706
AEJDETWITK2KGACH7FUBMY33PPSQ,B003G2UPS6,Grocery_and_Gourmet_Food,1535488631413
AEJDETWITK2KGACH7FUBMY33PPSQ,B099DB87TZ,Grocery_and_Gourmet_Food,1534566028160
AEJDETWITK2KGACH7FUBMY33PPSQ,B007IS64J8,Grocery_and_Gourmet_Food,1522958524980
AGSMNIT5YGSO35M2YRIE2OZIOSUQ,B079TRNVHX,Grocery_and_Gourmet_Food,1650124753082
AGSMNIT5YGSO35M2YRIE2OZIOSUQ,B0BX9YH1F9,Grocery_and_Gourmet_Food,1631553752364
AGSMNIT5YGSO35M2YRIE2OZIOSUQ,B085HDD431,Grocery_and_Gourmet_Food,1621453304452
AGSMNIT5YGSO35M2YRIE2OZIOSUQ,B006VKQ8PO,Grocery_and_Gourmet_Food,1621453197187
AGSMNIT5YGSO35M2YRIE2OZIOSUQ,B0B8XTCGCL,Grocery_and_Gourmet_Food,1426644848000
AGSMNIT5YGSO35M2YRIE2OZIOSUQ,B07ZPPGC51,Grocery_and_Gourmet_Food,1417567450000
AFSKPY37N3C43SOI5IEXEK5JSIYA,B0BHTJ76W8,Grocery_and_Gourmet_Food,1660581482174
AFSKPY37N3C43SOI5IEXEK5JSIYA,B0B15KN51J,Grocery_and_Gourmet_Food,1649241831776
AFSKPY37N3C43SOI5IEXEK5JSIYA,B0BS1QC6G4,Grocery_and_Gourmet_Food,1645402099316
AFSKPY37N3C43SOI5IEXEK5JSIYA,B0BLWC71TT,Grocery_and_Gourmet_Food,1644753135701
AF7OANMNHQJC3PD4HRPX2FATECPA,B08GPJ1MSN,Handmade_Products,1621607495111
AGMJ3EMDVL6OWBJF7CA5RGJLXN5A,B084TWHS7W,Handmade_Products,1587762946965
AEYORY2AVPMCPDV57CE337YU5LXA,B07V3NRQC4,Handmade_Products,1591448951297
AEINY4XOINMMJCK5GZ3M6MMHBN6A,B071ZMDK26,Handmade_Products,1559438079784
AGCPAPUHXYA3EEIL2KGSQTGO5HRA,B01MPVZ4YP,Handmade_Products,1546906331674
AFGNIWCBLQT2QIXXKIW7Q6VREZRQ,B09ZXTLVWP,Handmade_Products,1668323464824
AHGAOIZVODNHYMNCBV4DECZH42UQ,B076GSPNYQ,Handmade_Products,1524581521660
AHGAOIZVODNHYMNCBV4DECZH42UQ,B01HSX8116,Handmade_Products,1492223984000
AEVZVWZP3S2J57XSTFN5LPQNOONA,B0BJ468MS9,Handmade_Products,1641443001749
AFZUK3MTBIBEDQOPAK3OATUOUKLA,B07PWBRXJG,Handmade_Products,1607196089380
AFZUK3MTBIBEDQOPAK3OATUOUKLA,B0855GMD9K,Handmade_Products,1607109316926
AFZUK3MTBIBEDQOPAK3OATUOUKLA,B07HN8PP1V,Handmade_Products,1607109241404
AFZUK3MTBIBEDQOPAK3OATUOUKLA,B07PVC79VH,Handmade_Products,1607109106287
AFZUK3MTBIBEDQOPAK3OATUOUKLA,B07T947ZG1,Handmade_Products,1607108970936
AFZUK3MTBIBEDQOPAK3OATUOUKLA,B08KG46TCS,Handmade_Products,1607108940271
AFZUK3MTBIBEDQOPAK3OATUOUKLA,B07HN9G182,Handmade_Products,1544039066438
AFDZTUGGQIHCVV2AQ5B2Y22KPVRQ,B0BNCCJH7Z,Handmade_Products,1624862127739
AFKSYG2XHOCLCVDDKEZMWQTFFG7A,B07T85JRPK,Handmade_Products,1574821344667
AGD53FZJLNU4UOJE43EZTFFDJYTA,B073W1MKVV,Handmade_Products,1538017508620
AFXDYTFXJLX4YG3UD7W23W7Z5Y4A,B079DVVF18,Handmade_Products,1541271402358
AFXDYTFXJLX4YG3UD7W23W7Z5Y4A,B075CYZR5T,Handmade_Products,1538690420881
AFXDYTFXJLX4YG3UD7W23W7Z5Y4A,B07DFKLWNP,Handmade_Products,1529280258484
AF2FTNKCY6XY67BKBUO4BNJRZ4XQ,B09GK2JJDZ,Handmade_Products,1669860506507
AEJ7YMLHCINPAGLKM5AS45NZW7SQ,B07H9GMDZY,Handmade_Products,1638374240943
AFVGL7HOHKHSR5N3EUAVLYSBZCTQ,B0B11LN215,Handmade_Products,1591469992574
AGHRYSZV6QNKV7QEXWFLIQUJ232A,B09J3FPTDV,Handmade_Products,1590111116366
AGHRYSZV6QNKV7QEXWFLIQUJ232A,B07GQNXZDL,Handmade_Products,1584788473160
AEZ5SFMDJRYHJUGJN2MGWRMPVOKQ,B07PLM88F7,Handmade_Products,1607036974324
AGG3LLILZEGKCA4SAS4Q7X2Y7ISQ,B07FB1YHVF,Handmade_Products,1597942668068
AH4O5W3EM4CKQGHMBVTSPCJRYF7Q,B0BTT69P6L,Handmade_Products,1546787970779
AFFZVSTUS3U2ZD22A2NPZSKOCPGQ,B0B3HLK6HM,Handmade_Products,1659829151150
AHV6QCNBJNSGLATP56JAWJ3C4G2A,B09Z3588CW,Handmade_Products,1654785602409
AGYBOBPV47L6FRILNSZ7S6XFLPFA,B018OJP0OO,Handmade_Products,1652374009536
AEMJ2EG5ODOCYUTI54NBXZHDJGSQ,B08B5QPRPP,Handmade_Products,1603255150515
AEMJ2EG5ODOCYUTI54NBXZHDJGSQ,B06VWPF16J,Handmade_Products,1522403460061
AEPQUIWJI7FYDURUJIDWLMPBU2KA,B076N591FY,Handmade_Products,1575242667606
AG7WKTZINOFIXMZJYIPKIB7PV7NQ,B073L42VMD,Handmade_Products,1586824194195
AEHWUHNTB5FX32HJ7UBOZ2WWUX3Q,B07SRTRXBC,Handmade_Products,1588990489737
AEHWUHNTB5FX32HJ7UBOZ2WWUX3Q,B07MMHC5B1,Handmade_Products,1577487877748
AEHWUHNTB5FX32HJ7UBOZ2WWUX3Q,B0BTTYC6YZ,Handmade_Products,1562102186527
AEHWUHNTB5FX32HJ7UBOZ2WWUX3Q,B07ND6JP1N,Handmade_Products,1562098005518
AFAX43IN46NU5GHTTOOON3EQNW2A,B0B7S7R7D9,Handmade_Products,1673117689303
AG2UEDPK43QC5AU6HZTCBANPW2FQ,B07VJ3MCLW,Handmade_Products,1567883511504
AHQE5UGNEVWAJN6X7JN6RNQTIPWQ,B07DS6LBJY,Handmade_Products,1603727549388
AFGJZAE7ZA7QGNDK6JNTHY6XEESA,B07VGY84MC,Handmade_Products,1610406646716
AGI3VWFRRXY5MAZALSP2KBQYZMXQ,B06Y2LPL27,Handmade_Products,1536502373189
AGI3VWFRRXY5MAZALSP2KBQYZMXQ,B06Y2MD6TG,Handmade_Products,1521103292923
AEIARIRYK2JJ7YHELWXQUFHJSI4A,B076JNN7W9,Handmade_Products,1581476220894
AGRKTMF2N365CHSX3HZDFII2EXDA,B0C3YM122T,Handmade_Products,1677086724423
AGKBIUKC4XGWNRIIH33OQIVVE3DA,B071GSJFGG,Handmade_Products,1609263846587
AF4IKJMS4TPSLWTXBJHRJ542XQAA,B07MQBCGCS,Handmade_Products,1601922364101
AE34VA3WMMQ66SY7HAFPRZNZUEBA,B07MJD66ST,Handmade_Products,1615158537742
AH7WTN7TCK5JXMZ6G224FKEG65UQ,B01GN23T9W,Handmade_Products,1639450898517
AHTKN5PA26VHUFIEC2AZAYA5O5DA,B08GH6Q7NL,Handmade_Products,1621804825053
AGUIZMFZHUFBUIX4UO3CA3JWRUFA,B06ZY1WHL1,Handmade_Products,1509315027162
AFDMZ4TRX3HXQQUGWAHJQTIF65BQ,B08L4R26XW,Handmade_Products,1643577707909
AFDMZ4TRX3HXQQUGWAHJQTIF65BQ,B07PW4LWMP,Handmade_Products,1619122322086
AFZK2BA7HVTZTYYVBQ6YYL5XPWLA,B019ZECO3M,Handmade_Products,1529356955019
AHS7BGK4AGICKGM7MC3LFN7MHFPA,B076VKXP8J,Handmade_Products,1581221073364
AGPNYBV3JEPE74UKPDHDRTZYUYFQ,B0C19PKVDV,Handmade_Products,1673298769327
AFPHKIJFGIU4G4POXRFCEF5RJJHA,B083Y47BP9,Handmade_Products,1607181509293
AG4AY3ZUV6CCSV3GPLIB4ASGKCYA,B0165WHWH0,Handmade_Products,1513266122989
AGRUKTHXESHTPHHK4GQYQNRFZP3A,B07TTDH477,Handmade_Products,1631743246286
AEGWW2E3GZ6BCZIFLOQW3KYMRWTA,B08L277W9V,Handmade_Products,1615131855746
AES4I2XF2XCF5RRBJE6OCOYTUKZQ,B076CYCZBT,Handmade_Products,1580511739592
AHOVCOQ2ERWQKYUHW5FK53UOVWQA,B0178QELIK,Handmade_Products,1466895617000
AGSDX3SIVTOZVKQYI6JDMYSYNKJA,B07DPBZKHV,Handmade_Products,1606596403134
AGDCD2ZNYMDZAVQKQ3RZ56LJTRVQ,B083N7KQN4,Handmade_Products,1587766840270
AGILTDUNVM2ZLQZ24AHKPA4I5I6A,B01E2W9TJO,Handmade_Products,1628541781934
AGILTDUNVM2ZLQZ24AHKPA4I5I6A,B07SD79G6D,Handmade_Products,1625960394052
AE6DFDMIJAVW57EVMRJH2M2X6ACA,B08P9W3SHS,Handmade_Products,1637447678161
AE6DFDMIJAVW57EVMRJH2M2X6ACA,B01867HG8W,Handmade_Products,1625940856328
AFBMIOQL6WGNQ565UOM2ZTJZ6OMQ,B08F2RQLWD,Handmade_Products,1657833774108
AE6AL5KN3ZXJZD62ZVOOFMNOZ4PA,B07B6BYCQJ,Handmade_Products,1543471578286
AG7JSIKUQPSL5AAPRDRKDNWM4U2A,B0C3HZ5KSG,Handmade_Products,1677506827942
AG7JSIKUQPSL5AAPRDRKDNWM4U2A,B0BQY5HQB7,Handmade_Products,1675090106420
AFMOJCLGXTSSJ3HAFCQIDDMEG6VQ,B0163K6RWU,Handmade_Products,1672909890159
AEUMYP5IWSQCLQRIAUKTWR2LZRSA,B08YK1H88V,Handmade_Products,1631726291416
AF3CK4ESKOD65RAC23OSFQNTP5KQ,B06XT4THTB,Handmade_Products,1578087502576
AFXF3EGQTQDXMRLDWFU7UBFQZB7Q,B07YCRTV8D,Handmade_Products,1629480559343
AFXF3EGQTQDXMRLDWFU7UBFQZB7Q,B07DXBTMGJ,Handmade_Products,1584659580576
AEN7KAKQJGIQCNK6NMVWH2WZ3YXQ,B086H284S4,Handmade_Products,1608271900289
AEN7KAKQJGIQCNK6NMVWH2WZ3YXQ,B086FKNHLK,Handmade_Products,1608271856840
AFGQKS54QYUOSAQJUSPLTY7OQ2RQ,B01APQPCNS,Handmade_Products,1559658381427
AHEJ5LC7BSEADCIZQQQPZPVWOLCA,B074C5WTW9,Handmade_Products,1605019241448
AEIPJBAN7A55Q5DFFPZSR2UV3OKA,B0BR3VL162,Handmade_Products,1677192793524
AEIPJBAN7A55Q5DFFPZSR2UV3OKA,B0BT4KB7ZG,Handmade_Products,1676183691625
AEIPJBAN7A55Q5DFFPZSR2UV3OKA,B0BHRWHHJV,Handmade_Products,1663309282852
AEIPJBAN7A55Q5DFFPZSR2UV3OKA,B09ZB93ZXF,Handmade_Products,1656266492907
AGM3YP753ITBWIEJ7ESAZVLMD7AQ,B09HV9ZGDB,Handmade_Products,1625295651447
AHW3SPBY5DM5KYWUJHODT2VYJHRA,B0C57BFL33,Handmade_Products,1647639346547
AE5ATMIBPKRMUPHUNZBJEKFJNHAQ,B07BQXMQDM,Handmade_Products,1631139270731
AHC4YDJ5WS3MDCNSKMJTOZRKZWPA,B071F66QX9,Handmade_Products,1502032427406
AHC4YDJ5WS3MDCNSKMJTOZRKZWPA,B01EM4GERW,Handmade_Products,1497273181273
AGSQ6UFQQSDUCSHAEPJ5L2VZWQHA,B01N3MPDX3,Handmade_Products,1571331040860
AE47CWK5HC7ZUYJKJQPK2VNIGCCQ,B07CWGQ4XB,Handmade_Products,1620527785989
AGG4G7NWIO2N2S4X2FVW5UUNJT5A,B01M26PVMM,Handmade_Products,1641880507579
AE6ZACCQOGZIDDWM4TZPAEKUJRHA,B072B9DTX4,Handmade_Products,1578974816422
AE7BV6IMNPZ3F266H7PXMH3BZQNQ,B08ZYTHC3H,Handmade_Products,1659498843350
AHU63DJFTJKHHGHUYHVN2SFI2MSQ,B07Q6SFQJX,Handmade_Products,1637277154720
AHU63DJFTJKHHGHUYHVN2SFI2MSQ,B0711KZCS4,Handmade_Products,1578438743759
AERVTQ63VWSKM3NWNNCJBDKJ4CIA,B07WWZVK29,Handmade_Products,1660156593938
AEOYNV3GTKOZ2YOEY4QEKIAEZEZA,B07LDSS77M,Handmade_Products,1579981343427
AET24VX4XLW3GZ2XNFXZNPTE2AVA,B07N1VT6NN,Handmade_Products,1551130367147
AE3TASYGLHHRHUJUDFTKFDMWFIYA,B09DFQ985K,Handmade_Products,1640900184450
AE5II4T3UESJURZWUG4L7X5LMMWA,B01EO9UZ8O,Handmade_Products,1491332783000
AFNOE72IGHPY5XTBEHKOIL4E6XVA,B09SP272H8,Handmade_Products,1675626241849
AETGCWXC47MSMK6B2TLZ44KCFJZQ,B01C7WFDX2,Handmade_Products,1625415527369
AETGCWXC47MSMK6B2TLZ44KCFJZQ,B0189SUXXS,Handmade_Products,1467237248000
AETGCWXC47MSMK6B2TLZ44KCFJZQ,B01B6DF5WW,Handmade_Products,1467236893000
AF5KHOHRF2PHDZVWJSYAVFUD7C2A,B094MRHCV4,Handmade_Products,1624070180720
AE6YLEEPJ47WLVVHEJ4CSBONBVBA,B01I90KUW0,Handmade_Products,1519084684296
AE6YLEEPJ47WLVVHEJ4CSBONBVBA,B015NKPL8W,Handmade_Products,1467164547000
AGZ6E72H6KAQ7QO6AFLFZIFF2KDA,B06Y4K5NXQ,Handmade_Products,1544899812789
AEG2T6B6TWZZGQKVX7DINEMHAGKQ,B07PGR2G13,Handmade_Products,1574701199554
AGMEIFICPRK6JQMBQOXQ3ESD7K4Q,B07Z89WP9Q,Handmade_Products,1637620885678
AELHWVFUH26OV2DGOMEADND2IEUA,B085MH6V5P,Handmade_Products,1591198302622
AER7BPYAMW5CAICYIJX7QW64MBIA,B07VTZPT43,Handmade_Products,1585674539052
AEHWOWAIPMPP2EN6C24JJQROQ5VQ,B07S42V4K3,Handmade_Products,1584153724528
AEHWOWAIPMPP2EN6C24JJQROQ5VQ,B07PPX63D2,Handmade_Products,1584153694545
AEHWOWAIPMPP2EN6C24JJQROQ5VQ,B07NF95G9W,Handmade_Products,1584153526659
AHU4O33KTDPM7B7W6POYBGE4OKKQ,B07QS5GFJG,Handmade_Products,1642337833688
AHPBIP5JNVD4ZDTULYEAAX2PBDGQ,B09GK2JJDZ,Handmade_Products,1658635895538
AHPBIP5JNVD4ZDTULYEAAX2PBDGQ,B094HLF73B,Handmade_Products,1641261406806
AECPKV55FXHN7NT3FZ6TTNTVZ42Q,B08SHX861L,Handmade_Products,1672848856241
AE7ZR5DNB5MPPJ3KNECRHSDEDPUQ,B07Z47DKJT,Handmade_Products,1617146418973
AEA5ACK6E5TOOSOS6OEKNIAMRX5Q,B01LX03PJO,Handmade_Products,1594515890142
AEA5ACK6E5TOOSOS6OEKNIAMRX5Q,B06XQ2Y529,Handmade_Products,1594515749065
AEA5ACK6E5TOOSOS6OEKNIAMRX5Q,B01LWLSDHQ,Handmade_Products,1514416684052
AEA5ACK6E5TOOSOS6OEKNIAMRX5Q,B01AKNKQQ4,Handmade_Products,1475281245000
AHZ53K26WSCRDR32EGBBA43OEFFA,B08G85PPVG,Handmade_Products,1611169260045
AHZ53K26WSCRDR32EGBBA43OEFFA,B01D3I815G,Handmade_Products,1460873552000
AHP2KP53ADVEVBG75JDYKVBHM35Q,B01MXHMWWC,Handmade_Products,1673871535107
AHXZCNMFZW4FLUWCXSHVUKPWYUDQ,B075HWRTN3,Handmade_Products,1517118325036
AEN4ENZO56M34IPYVZDALB3BDRVQ,B01MR5WL1P,Handmade_Products,1490203184000
AFGA2WTRPNG6FE7EFXQXSGP4KAXA,B07NBJK8YG,Handmade_Products,1637960652765
AF4WLLHTQLRPEZ33OJDYG23MFLKQ,B07BXD386W,Handmade_Products,1619998706559
AGE325VS4HOTE3WXYCTXYCW4LTNQ,B07CB4GSPL,Handmade_Products,1608158081631
AEJD6NWO3U6S7EK67S2WFRWAZNFQ,B07KGHKLC8,Handmade_Products,1590879086761
AEJD6NWO3U6S7EK67S2WFRWAZNFQ,B084DHJHTZ,Handmade_Products,1590879045779
AFM5NV37IAPIP2AZXEZTKP3BJWKQ,B08MWR1B8Q,Handmade_Products,1614099622352
AGAM2CCKV52HI4YZU7ASZTSXA7YQ,B08B9NQLYB,Handmade_Products,1646797692290
AGAHANLSS7DG4ZHNPP5S56W4SKHA,B09J12TRZP,Handmade_Products,1662575176903
AGAHANLSS7DG4ZHNPP5S56W4SKHA,B08Y64MG2Z,Handmade_Products,1635153636405
AGAHANLSS7DG4ZHNPP5S56W4SKHA,B01NCWITII,Handmade_Products,1518455329732
AGAHANLSS7DG4ZHNPP5S56W4SKHA,B01KENQ632,Handmade_Products,1504716839456
AE2SLLQC24HDEHVUWKWDT2G7B23A,B016DL1B0W,Handmade_Products,1473389683000
AHTU4O4QDYDGUXW5ZO7OOYCTSXRA,B016289TMS,Handmade_Products,1546315980583
AFFDTNKCLTZIQQU5AVNW6KDG2G2Q,B015NSJ11W,Handmade_Products,1613101730920
AHMAZU6UK76NE5W7PWMHW7QTGMQQ,B07VM93GZ4,Handmade_Products,1569711526657
AFE6BPTGLVC7ZE7TCSR3G3T2K6VA,B091FZCCJN,Handmade_Products,1627002408587
AF4XFLPD67HYHE2UGJTWV2IU7BDA,B093TXD9MR,Handmade_Products,1659555461725
AF4XFLPD67HYHE2UGJTWV2IU7BDA,B09R3Z27BX,Handmade_Products,1659551434357
AF4XFLPD67HYHE2UGJTWV2IU7BDA,B082NSPF64,Handmade_Products,1595602394369
AFQ4Q2BBQ47WX4EJLQNWYFKWUKEQ,B0763ZMG78,Handmade_Products,1558217287109
AH3KBLJXHMU3DWNID7RNZT32KSZA,B07L8K6G3Q,Handmade_Products,1655442270680
AGCHWDKXBTWJR5HF7AHWGXXLFNYQ,B0B3WC2QZK,Handmade_Products,1623686917819
AE7KLPHFVQZ7WEPBYPMZ3FMYG42Q,B074YN5MZS,Handmade_Products,1622593627972
AFM7HUKTSQAG4AW3WX7WVVHACQSQ,B07P3HJR8Z,Handmade_Products,1661843821381
AFM7HUKTSQAG4AW3WX7WVVHACQSQ,B01CDYRQQQ,Handmade_Products,1661843623713
AHZ7SDYIUZ576JWWMA5LVSPHLVDA,B08CD1JLBG,Handmade_Products,1609193215790
AHZ7SDYIUZ576JWWMA5LVSPHLVDA,B0716QF869,Handmade_Products,1556417464423
AFCSIDWSKICZ5UH26NREKPW25X4A,B074S6JP81,Handmade_Products,1632599202906
AEPEQWZ3XSLBKE6RSCNKXGO6YN3A,B01M4FBXU4,Handmade_Products,1582556047306
AFBA6P7ULPQZNMRW2LHXALFEGEVQ,B07PN1JWMS,Handmade_Products,1625960903756
AGC5F5FEQC6JQ63RRTIICRR5B7PQ,B07MMS8S59,Handmade_Products,1577287102073
AEMZX2FHIAL2R6YPCIXUSWFRB33Q,B0BVBB57K1,Handmade_Products,1674617087438
AEMZX2FHIAL2R6YPCIXUSWFRB33Q,B088D6913W,Handmade_Products,1639406582833
AF477YST23LH5KFYR32ZBIVSBLEA,B07G3JWTKW,Handmade_Products,1551722671890
AHPJ62WCZUSYXCDOEQSDB2KYQRIQ,B017BVBS5G,Handmade_Products,1598686416448
AGOB6POJASFAZPIIVAUBYYUUAHEQ,B0167WKD7O,Handmade_Products,1591878073640
AGNNX5XDIN5SHDOKFX2QOUE32B5A,B01CI9GIGA,Handmade_Products,1464000805000
AGF6GWDAWG7UW3R5O2G5O5JZC4BQ,B0C44L7M5Y,Handmade_Products,1663893682773
AFABDHAX4UX5QYXIFBZEQRL6P4VQ,B01AAGZFMG,Handmade_Products,1474403020000
AEIXB5ERAUE4AG4RZBDJPUUFXPOA,B07JLLSRFP,Handmade_Products,1592606639978
AESUAWBIVBF4JH6SYDMJ2XJMN25A,B01A9DUM32,Handmade_Products,1483467683000
AFMHO73ZLBHUMB36EHB4GUFLM3SA,B015LOH854,Handmade_Products,1555196168944
AFYE3CAQGJ6N2KP7X7YG2BHDMI5A,B07R3QQBRM,Handmade_Products,1593917330565
AF5RVRTRQF5AGSLBEKXTZOOKHEUQ,B07D448PW9,Handmade_Products,1554574609266
AF5RVRTRQF5AGSLBEKXTZOOKHEUQ,B07CVQLKCB,Handmade_Products,1554574551848
AFHRPCWEWPAAA2ZVLDTJHDIFR3VA,B07GZTZCH3,Handmade_Products,1576637856065
AFHRPCWEWPAAA2ZVLDTJHDIFR3VA,B01LWVT4XB,Handmade_Products,1514668773446
AGRXRS7Y7ALTQP4VVJEWEDWUKVFA,B017QT50EI,Handmade_Products,1524596776050
AFTC72W2CBE3CDH3ATFRDL4RQSAA,B07J1MCR4G,Handmade_Products,1644682946657
AFH7ZT2NJSHDKJ43IODXCE6RHWVA,B07T8RL445,Handmade_Products,1672700233405
AHBTHXKKLBGXXNAXWPLLU4NECWCA,B07VDZ4WR8,Handmade_Products,1575515680486
AED5LVEGJAPTDTNINYIF6VBG6TYA,B07QHM8M1Z,Handmade_Products,1656860333501
AEV6W24ZQKBLESVSET5QFU3L6DSQ,B0787874Z4,Handmade_Products,1529506783521
AFGDRVPCP742YM5MMLFIKZCGNNRQ,B0BGK5PLYB,Handmade_Products,1666652991035
AFEDZ3V72UXPLF5SSZQAOSMHZQIA,B01EPANDM2,Handmade_Products,1525625363746
AHPIBYPZECXBTJV5AQMMDYTWKOIQ,B01GCUJE4O,Handmade_Products,1499968594789
AEYHSQDKAXT5R4X7VMYN4PBX2GGQ,B07TCD24YB,Handmade_Products,1653486797055
AHDHWOLZD3PI5SGTLXXLEEIQ3KQA,B07R3R8PGJ,Handmade_Products,1576549825219
AFUGBTRUMKP6D5BUTHC7XV32B6OQ,B01LWOTL0J,Handmade_Products,1595483025417
AFF3J6PFYN23ZX4EV7QE4BN4EZIA,B076VJ2GRC,Handmade_Products,1537189014103
AGVJO3HHTIWGK6ETJOP6UFV5JK6A,B0167WABW6,Handmade_Products,1452892160000
AHTSH6M25VHCNMQW4OJBXBEFNZFA,B0758FDV28,Handmade_Products,1527900066333
AHTSH6M25VHCNMQW4OJBXBEFNZFA,B0758F1KG3,Handmade_Products,1527900018685
AHTSH6M25VHCNMQW4OJBXBEFNZFA,B07589QF7J,Handmade_Products,1524915043439
AHDEHZQ4T4CKILMTMYORN2EIXFHA,B07D645HM4,Handmade_Products,1584571691295
AHHJ44DREA54LXBNGA27EXIWQ3DQ,B07HLC5NL2,Handmade_Products,1600005516479
AEHDGDO56R6SF2O4MBDD4TIKJE7Q,B01BG0LB1E,Handmade_Products,1585961214650
AEIKXBB42KAKQYOJXVIETJPRU7CQ,B01NAXN5M0,Handmade_Products,1551555814401
AEIKXBB42KAKQYOJXVIETJPRU7CQ,B01N5UEJSH,Handmade_Products,1551555789751
AEIKXBB42KAKQYOJXVIETJPRU7CQ,B01MR5C9IB,Handmade_Products,1551555764948
AGGCOGRPBF6EW575FNSPKLJXYQAA,B0BJW4TLHY,Handmade_Products,1610668007552
AGU3DPKNTSMZP4QVNBGMZNQSVKFQ,B08FVN4S4X,Handmade_Products,1677177905524
AGGYRRVH7J3ASMACCA2UWDCY77JQ,B01GZ3UQS6,Handmade_Products,1540889345581
AGU5S4FR2ATHY6R4FJ42FBPQZTPA,B071W1NX1C,Handmade_Products,1524749039290
AHXOCRWNKC552ESFF3L32W4FJTLA,B09PML2PQQ,Handmade_Products,1652395883977
AHXOCRWNKC552ESFF3L32W4FJTLA,B07G3CTFX3,Handmade_Products,1640483513921
AGJO2OS2ZIRSD24IAOOXTAV57HTQ,B01NACOBA8,Handmade_Products,1548306826518
AEAOYZILOHEM4KHWHVEKBBYNUGRA,B07TZ1YCMS,Handmade_Products,1569085776022
AEAOYZILOHEM4KHWHVEKBBYNUGRA,B071CVQ23V,Handmade_Products,1568420010435
AEAOYZILOHEM4KHWHVEKBBYNUGRA,B07VBQ2T37,Handmade_Products,1568063786084
AFRNBENNOMCCDWRULV7T45LU3MXQ,B084BTT3JN,Handmade_Products,1652567939530
AETRYWNQ7I7MEALQ2BBJXZ5MRDGA,B01HDSYKD4,Handmade_Products,1492468129000
AEPT3SLK3KKRUCBVKDUZ5ZKWXOIA,B07HSN1G44,Handmade_Products,1550241192547
AGFDVJJRBOJGCO3J4XYMS3Z7MFMA,B08XXSCQ13,Handmade_Products,1623128276331
AG6K2WLPXCRUL24DHHFXACBYLOBA,B07YYRZ6W7,Handmade_Products,1628599492214
AF4TWHBYYVXNG2KFTPKTWS6T7HUA,B0BTP1LZBN,Handmade_Products,1653588366520
AENLTLUVYGEIVKIWR6WRCHJG4CKA,B07V5S8288,Handmade_Products,1599686549775
AG4SPO7PKPFSNR43I7WGVITRPXYA,B0BFP93HNG,Handmade_Products,1632012659082
AFSH2ADUKP7QBX2P6BCWUKZYE5NQ,B01CUJOYMS,Handmade_Products,1483843710000
AF5PSFCS64I5CGSNI5Z5CJJB4QEA,B07JLT3W7Y,Handmade_Products,1570051465982
AF5PSFCS64I5CGSNI5Z5CJJB4QEA,B017F13ET0,Handmade_Products,1545360783914
AHQKDADRWYPGGJFCUD3WI4ANDQXQ,B0BKT3XLB9,Handmade_Products,1676641467463
AHO6WED2S3OFMLMJ6TLFCH5RGW4Q,B0BZ447XNN,Handmade_Products,1672425827448
AEYXC43NC7JOUQ7BE3GXC3GVDA5A,B07S71B913,Handmade_Products,1678883234865
AEYXC43NC7JOUQ7BE3GXC3GVDA5A,B09RTYQFGJ,Handmade_Products,1676291041114
AEYXC43NC7JOUQ7BE3GXC3GVDA5A,B0BZ447XNN,Handmade_Products,1663807185332
AGWA6F6XNLC7CB3GWLH3WKB3XRPQ,B07PLM88F7,Handmade_Products,1614467176949
AFPTVMYVXZNH3U4FFDNSSUXSDPNA,B06WV8W9QM,Handmade_Products,1539703898220
AGQANGDZQGK2IOWOXHOCTPBPQRKA,B093YTKGXM,Handmade_Products,1486917173000
AGZQ7O3IZFE7VKAEWECFZCBRZOPA,B07GC1LXSC,Handmade_Products,1576570391547
AFCFBEO27D2UDMYDVHZP2G7YSVPA,B09TR2XL6T,Handmade_Products,1651081579823
AHCGXS33DDEJNNJQXSAJSTWDTJKQ,B01K5Y9894,Handmade_Products,1518061795273
AGATJUDC7FC3FLKDSDC5DM3RRVCA,B07VRY7WZR,Handmade_Products,1595130886942
AG5JCYWOWJZMFVPES4ZF5SETZ52A,B07KYC6TFX,Handmade_Products,1643074404815
AEWT7EGPCHKQGTNXN5BHQ5CTLK7A,B07YZV1JY1,Handmade_Products,1669733469054
AH63TYYJKVH6CNM3MUCGZYCUE4WQ,B071FPCZ7Y,Handmade_Products,1550391223987
AECHVBXH7FJUAZFS7XXIPZ5S622A,B01I9LIPLW,Handmade_Products,1473625087000
AGXEMWK7VR7MZ2CTUCMP3PXN36LQ,B08XK1R9GS,Handmade_Products,1638643341837
AECRAHJBTFVOOQXAEVJ6WMGYIILA,B089FPT7YM,Handmade_Products,1608154635853
AHQDAU75P56OAA2H2MRWMPKBW6ZA,B0736GC2RK,Handmade_Products,1546570320085
AHV7CFVXYNE3E5DFXDFJHSY6NJWQ,B07QH793SS,Handmade_Products,1620411132120
AGVWZEXCZLGEQF6PYWNIG73OCOYA,B098KMGXMR,Handmade_Products,1648663451509
AFQMW57GEUJGFS6RKLFFPDRNAQFA,B01K4UUB6I,Handmade_Products,1473349347000
AEYSEVEP6QUM5AF55MJWAI677E3Q,B06WP5J64Z,Handmade_Products,1562671613949
AHZC5BFETTSH4HC3IB4BIN3UKROQ,B096RJ6B5K,Handmade_Products,1565045457547
AHN535MBJTI4BGLTUORFR3TLABLA,B093TZ223N,Handmade_Products,1624919260735
AGS47C3SO62X375JL7RWNBKCFXXA,B08L2958P8,Handmade_Products,1605448574340
AGS47C3SO62X375JL7RWNBKCFXXA,B07MC1FGZM,Handmade_Products,1603248526108
AGS47C3SO62X375JL7RWNBKCFXXA,B01GL7N21O,Handmade_Products,1545582106861
AHU2GG5RF6YAEWUFNLH3QH5RHDNQ,B07RWSNHF2,Handmade_Products,1606002822034
AFJA64SY4GWIGK5RVKLPMAUE2DZA,B0B4P6V911,Handmade_Products,1663506743097
AFJA64SY4GWIGK5RVKLPMAUE2DZA,B09W288PG9,Handmade_Products,1608051969073
AFJA64SY4GWIGK5RVKLPMAUE2DZA,B07P874VNL,Handmade_Products,1575066685520
AFJA64SY4GWIGK5RVKLPMAUE2DZA,B07MTK76MR,Handmade_Products,1572701139109
AGX67S2K5K7HPC7Z7SV3YBSYDD6Q,B0BWY3B5SQ,Handmade_Products,1578436222306
AGDR3CBX2GWY3JKGDLMUERVFWPTQ,B01CGT04R6,Handmade_Products,1479334680000
AEQUNH3LEKLX33I2H4UPU3QU6CTQ,B08J9P1T9K,Handmade_Products,1625567004204
AGIWWHZACMIGY6ZMGOX3A46QWQEA,B07W79B5MT,Handmade_Products,1669691421263
AG3VYTZF6AOPV4ADOIO4NXWS25YA,B07RQ8X82K,Handmade_Products,1635549298753
AHSN77WNK3TYLG73LLKOQIJ5XF2Q,B0814DCDSN,Handmade_Products,1609603814172
AGQ3M4AUU5TPYZZGEKMQ7EHIK7NA,B07CZ7QSSN,Handmade_Products,1568135207200
AH2QA672QMOTZ4KW6R2BYPDA4VBA,B079HVV8MG,Handmade_Products,1570594981769
AG5X6EBSDKKL7HRKGX56EUFOBJPQ,B016LYJLMQ,Handmade_Products,1652996453984
AHG5REV6WXIEQDVAYM7S65OHEPPQ,B01NACOBA8,Handmade_Products,1669008654716
AFAR7QJKL73Z6OYJ7343HUIDZOEA,B07C7GFTVL,Handmade_Products,1640730359698
AHPOHKN4PU4W3V5PGFL7AGTAD2AA,B079W1LNWL,Handmade_Products,1522093822244
AERGUTRJ67I6N2QLLSQIN6X6UPJQ,B09V54SYD6,Handmade_Products,1663629320963
AFSRM3XQXKPR2SKHPDCHV2DENMVQ,B07NP52Y1F,Handmade_Products,1560609476899
AEIYWY5GEM34X74NW7BACBRAZCYQ,B077RMRDPX,Handmade_Products,1638504008888
AFWK4FNAEGYVKIONLCDQTT45ISCQ,B01M09KHNG,Handmade_Products,1507152615595
AHIUDIC4IOC3TUWC25ISKZZ4W6JA,B01M6BRDF2,Handmade_Products,1540327078470
AFRZJCRBJREBMIAWKQF2RYRPK5VQ,B07X5TVSG2,Handmade_Products,1643299747573
AFRZJCRBJREBMIAWKQF2RYRPK5VQ,B08P3X9Q78,Handmade_Products,1643297663182
AFRZJCRBJREBMIAWKQF2RYRPK5VQ,B09NCHXN2Q,Handmade_Products,1643297637828
AF5JSPANM6KY5VZIYWQFNDSQB7XA,B076X5V3HC,Handmade_Products,1523500083941
AGO73GPAF65RB7XZGZL5L3QVY2JA,B07DW9MDBJ,Handmade_Products,1610943645652
AGO73GPAF65RB7XZGZL5L3QVY2JA,B07GDVL6ZG,Handmade_Products,1610943410512
AF57ANFOM7CC3AXSFNHH4HGXCTFQ,B07GL8Z8M5,Handmade_Products,1549093894457
AH2VC4CRX4Z4TG62ZMOISENUWTQQ,B07K3WDMGJ,Handmade_Products,1677582117158
AECTH3EXV4XHY73DFU5ZZ5RWLB7A,B07JZ7RG4W,Handmade_Products,1587461810714
AECTH3EXV4XHY73DFU5ZZ5RWLB7A,B018307NHG,Handmade_Products,1544024101027
AECTH3EXV4XHY73DFU5ZZ5RWLB7A,B017MK6IPQ,Handmade_Products,1483607877000
AHRSIB4WVU25A3JDH55MTN2ZF36A,B079WZHBMR,Handmade_Products,1546398572148
AE63XSN3TVIL7WM4NIN4HYXYFPUQ,B07PLM88F7,Handmade_Products,1560736153796
AHVQZBRWMYSXYPFDLAXZGSWKIF5Q,B0B2F73Q2B,Handmade_Products,1624391536181
AGXGWJ3VEAQNTVEIVQH6LMOJWF2Q,B01C7UY9NO,Handmade_Products,1589423526716
AF5S43OTTG4RBXNGMC5OMKNEYP5A,B06XJWWGF5,Handmade_Products,1674746022692
AH62342RINRE2OYJOD6AYW2PR42A,B0C4T26JR6,Handmade_Products,1669688747614
AH62342RINRE2OYJOD6AYW2PR42A,B07S4D24T1,Handmade_Products,1626026169293
AH62342RINRE2OYJOD6AYW2PR42A,B07GTF692J,Handmade_Products,1588648407660
AGZLRPAZ3MUCZTSSFFCMTNFGDNWQ,B0952HS2JQ,Handmade_Products,1604494504462
AGAPXZJESA3RADJKPXMASS2TT5QA,B0829GP54K,Handmade_Products,1623275908426
AGAPXZJESA3RADJKPXMASS2TT5QA,B08HT11X4K,Handmade_Products,1608750021609
AGAPXZJESA3RADJKPXMASS2TT5QA,B08HMHJ9JV,Handmade_Products,1603383526838
AGAPXZJESA3RADJKPXMASS2TT5QA,B07WK47ZMS,Handmade_Products,1601744509589
AGAPXZJESA3RADJKPXMASS2TT5QA,B07NQP4YW8,Handmade_Products,1562968084061
AGAPXZJESA3RADJKPXMASS2TT5QA,B0798NFWGQ,Handmade_Products,1562791761553
AGAPXZJESA3RADJKPXMASS2TT5QA,B01D4VLECE,Handmade_Products,1523977713096
AHBUO2AFI46Y3SDHRMETHIGRUONQ,B06X9HVNZ7,Handmade_Products,1517955891937
AFRKVKLMCTJGCLALZIHEJSZ326SA,B07YX66128,Handmade_Products,1577103638280
AGW67EDKB5IYS5I6RDS62DY2TNDA,B07PSPYC9N,Handmade_Products,1652564178521
AF2BLE54TEMGZ546U763ZHZRXC4A,B07JNJ6GT4,Handmade_Products,1646237740353
AF2BLE54TEMGZ546U763ZHZRXC4A,B09C2W3QHY,Handmade_Products,1633192301080
AF2BLE54TEMGZ546U763ZHZRXC4A,B09MSJYCN7,Handmade_Products,1628436799736
AF2BLE54TEMGZ546U763ZHZRXC4A,B01B41DESS,Handmade_Products,1556375945680
AH5O6FFHJCLPKRVE5YFOHAZZ4WYQ,B0756SWG1M,Handmade_Products,1545399643143
AFTHWGFI3PNHTR3I2CYSSCK76U5A,B015RXWO76,Handmade_Products,1582915062159
AENVOKQWZIYDJO77PNIJWA3U2Z6A,B01MTQ1LUE,Handmade_Products,1518799418609
AGY5VSQTTWFSN46QACPPVJDDHGEA,B01EBC3MC0,Handmade_Products,1639057587288
AF4HNQUFRP6STUC5F7WVQ44PC5XA,B07T35XXMS,Handmade_Products,1602421437354
AH5OMKAPEQAQL5YFQGDPPLS2JCKA,B07JW27RN5,Handmade_Products,1577073735071
AFHPJTBQYQHQXIFBAODXDAIGCGMQ,B08H1FV1BQ,Handmade_Products,1620245524035
AFOWRQLKLL2PNK4VK6G73ZYX3VVA,B09F2PTP2G,Handmade_Products,1637087684097
AHQOTX6ONH5TR2B54S25MT6YVWOA,B07QD2Z8PT,Handmade_Products,1578515670409
AE7YYSYFEWAYIUCAK4W33CHPP4JQ,B0CC8ZC5GW,Handmade_Products,1668839465597
AE7YYSYFEWAYIUCAK4W33CHPP4JQ,B09MVLN5JG,Handmade_Products,1665933916884
AF2ZCIFZ7YF7SCA2O56OLXHHWSHA,B07J2SQZTL,Handmade_Products,1635727501864
AEBTFUJNMNTKJVU667UCEMFU3B2Q,B0167H61J8,Handmade_Products,1584718007313
AEOXJH67IK6A7MAATXDVRAMR4TPA,B075JY5QGM,Handmade_Products,1507131414739
AERUB4UCDF6BB4E6XTUPL7IBLUMQ,B07VWYXYTV,Handmade_Products,1612639776921
AGVXN42IKSKKBNVFGKCMKIZEBNSQ,B09PN8DKC9,Handmade_Products,1662852998336
AGVXN42IKSKKBNVFGKCMKIZEBNSQ,B085TRW86L,Handmade_Products,1655758796197
AGVXN42IKSKKBNVFGKCMKIZEBNSQ,B09Z3588CW,Handmade_Products,1653776759120
AGVXN42IKSKKBNVFGKCMKIZEBNSQ,B01M097JRX,Handmade_Products,1633631140391
AG5TMTI6MUYM37AAQ3NOQQXFDYEA,B07C4PLJN3,Handmade_Products,1582572222115
AHXNYP7GUWHKSVNJMKKNVNNTLLVA,B07K38Q32Q,Handmade_Products,1545235264083
AFGLFLHKZQI35Z7UIJWNUCTFSGXQ,B0BJSM87QC,Handmade_Products,1672429443173
AFGLFLHKZQI35Z7UIJWNUCTFSGXQ,B0B8S4ZP8Q,Handmade_Products,1672428822181
AFGLFLHKZQI35Z7UIJWNUCTFSGXQ,B0BJ9PTJTV,Handmade_Products,1672428618926
AFGLFLHKZQI35Z7UIJWNUCTFSGXQ,B0BFG9TDD6,Handmade_Products,1666060738739
AFGLFLHKZQI35Z7UIJWNUCTFSGXQ,B0BQ36KZH2,Handmade_Products,1666058621853
AFGLFLHKZQI35Z7UIJWNUCTFSGXQ,B0BLH9L5KX,Handmade_Products,1666055818583
AFGLFLHKZQI35Z7UIJWNUCTFSGXQ,B0BHS17RT7,Handmade_Products,1660169115523
AFGLFLHKZQI35Z7UIJWNUCTFSGXQ,B0B42ZPGXR,Handmade_Products,1658956452728
AFGLFLHKZQI35Z7UIJWNUCTFSGXQ,B0BQ36KZH2,Handmade_Products,1658956149626
AFGLFLHKZQI35Z7UIJWNUCTFSGXQ,B09S5RZ471,Handmade_Products,1652565348750
AFGLFLHKZQI35Z7UIJWNUCTFSGXQ,B09N7Y7G85,Handmade_Products,1651539476102
AFGLFLHKZQI35Z7UIJWNUCTFSGXQ,B09N8PC8V5,Handmade_Products,1651535286648
AFGLFLHKZQI35Z7UIJWNUCTFSGXQ,B09N7VWV7S,Handmade_Products,1651534813473
AFGLFLHKZQI35Z7UIJWNUCTFSGXQ,B0B4CML8R9,Handmade_Products,1647714120927
AFGLFLHKZQI35Z7UIJWNUCTFSGXQ,B09FF2YDCX,Handmade_Products,1643576909450
AFGLFLHKZQI35Z7UIJWNUCTFSGXQ,B09BCCCD8K,Handmade_Products,1639692341244
AFGLFLHKZQI35Z7UIJWNUCTFSGXQ,B0C3JHMGT5,Handmade_Products,1639413627161
AFGLFLHKZQI35Z7UIJWNUCTFSGXQ,B08D3FB16G,Handmade_Products,1634137154111
AFGLFLHKZQI35Z7UIJWNUCTFSGXQ,B0986TSQML,Handmade_Products,1633404175471
AFGLFLHKZQI35Z7UIJWNUCTFSGXQ,B09XBBCHJR,Handmade_Products,1628814207781
AFGLFLHKZQI35Z7UIJWNUCTFSGXQ,B08VHGFKR7,Handmade_Products,1626198497114
AFGLFLHKZQI35Z7UIJWNUCTFSGXQ,B08ZS15242,Handmade_Products,1622838572957
AFGLFLHKZQI35Z7UIJWNUCTFSGXQ,B09J1NXFK2,Handmade_Products,1620942536232
AFGLFLHKZQI35Z7UIJWNUCTFSGXQ,B0BM652BGP,Handmade_Products,1620507114550
AFGLFLHKZQI35Z7UIJWNUCTFSGXQ,B08H1FV1BQ,Handmade_Products,1615507983742
AFGLFLHKZQI35Z7UIJWNUCTFSGXQ,B017E212ZS,Handmade_Products,1481639248000
AFGLFLHKZQI35Z7UIJWNUCTFSGXQ,B015YRUVAC,Handmade_Products,1481639226000
AGZZXSMMS4WRHHJRBUJZI4FZDHKQ,B0BRTVC2ZX,Handmade_Products,1678400490337
AGZZXSMMS4WRHHJRBUJZI4FZDHKQ,B0BS92YMK4,Handmade_Products,1674853037944
AGZZXSMMS4WRHHJRBUJZI4FZDHKQ,B0BN283C8L,Handmade_Products,1670969904138
AGZZXSMMS4WRHHJRBUJZI4FZDHKQ,B0BDVRH59Y,Handmade_Products,1668896616566
AGZZXSMMS4WRHHJRBUJZI4FZDHKQ,B0B3S3LJC5,Handmade_Products,1668517272611
AGZZXSMMS4WRHHJRBUJZI4FZDHKQ,B0C2T7RRF2,Handmade_Products,1667236470501
AGZZXSMMS4WRHHJRBUJZI4FZDHKQ,B0BSFHHK5R,Handmade_Products,1666210515166
AGZZXSMMS4WRHHJRBUJZI4FZDHKQ,B09XB9T88C,Handmade_Products,1628499384312
AGZZXSMMS4WRHHJRBUJZI4FZDHKQ,B08GKTVLQG,Handmade_Products,1626772805018
AGZZXSMMS4WRHHJRBUJZI4FZDHKQ,B0BM652BGP,Handmade_Products,1618004195078
AHQBLAHHBCO5X2TRJREQ2O2YWELA,B0BZCYRMC1,Handmade_Products,1579263464191
AG6IIVORS4WLVMB4C4XJUDM44CPQ,B01AINTMDY,Handmade_Products,1458890582000
AGDFLGBDHOLOASHN4K6ICKMAWEOA,B01DVQ1INM,Handmade_Products,1536481689268
AG4BUOZCUIKY43NIK4QUTD6374MA,B018V93C3I,Handmade_Products,1471470192000
AE7AS5H2ID6R5Q7LNRJTI3OEQK3Q,B07RG8PTP1,Handmade_Products,1581976053590
AFMKKF63FAQ33BX2KJFNJY5IRUUA,B07LC551TX,Handmade_Products,1656491621532
AES7EDJZEXE6CEYGIWPP3LMS6TDQ,B06ZZ7991H,Handmade_Products,1611014747762
AGXDSCMRVXQX7WWB7QP7V77VILCA,B0BP8C2RS1,Handmade_Products,1546388411720
AG2PEZZUYPDPD3Z4WFQERP32MO6Q,B08J5K9B4M,Handmade_Products,1631936180857
AFDNLNTANUGENK62RSTAQALJOWPQ,B06XD3MYZ1,Handmade_Products,1522165977235
AGEQVT7JH7XJ4KWW4DNGTIFHKEHQ,B01CD8I6Z2,Handmade_Products,1568260577693
AGD25H7BIT2JUXSIOPYCYB23J3ZQ,B0BTYCNSKN,Handmade_Products,1677154636687
AGD25H7BIT2JUXSIOPYCYB23J3ZQ,B0BQVGX2L4,Handmade_Products,1673378736506
AGD25H7BIT2JUXSIOPYCYB23J3ZQ,B0B6CT84CG,Handmade_Products,1660990486270
AGD25H7BIT2JUXSIOPYCYB23J3ZQ,B08NFHN2P7,Handmade_Products,1658502259176
AGD25H7BIT2JUXSIOPYCYB23J3ZQ,B09RWFY9MK,Handmade_Products,1657202022423
AGD25H7BIT2JUXSIOPYCYB23J3ZQ,B0B1QDTJZ9,Handmade_Products,1656417232544
AGD25H7BIT2JUXSIOPYCYB23J3ZQ,B09FXXL2QD,Handmade_Products,1648333335334
AGD25H7BIT2JUXSIOPYCYB23J3ZQ,B095GGL2FS,Handmade_Products,1612214456169
AHGG24VOSPCRU2ISXBW2H5QJTH3Q,B015NSJ11W,Handmade_Products,1616304746477
AENE4O4RTVRK6N2VUTSUGTPKS46A,B0C3JHMGT5,Handmade_Products,1635777560724
AG6P65JF5IWU5ECFBNHGXK5WXHBA,B01N1ZPZEF,Handmade_Products,1518893102494
AGXLW2EAOTEOHCCXLKW54FKJ2JSA,B075BCGYX7,Handmade_Products,1542667823854
AEKB7DPBZAAB4GZFCWO24MFAVUZA,B0719RJ3XY,Handmade_Products,1521519763396
AEELVLD5GTOQPG2ONFUPSWQYAK6A,B072M8B5DZ,Handmade_Products,1525567414882
AEXGISIVX7WBUNI7UHHERVB3DF7Q,B0BC7WXCTZ,Handmade_Products,1665604370579
AEXGISIVX7WBUNI7UHHERVB3DF7Q,B09N468GRP,Handmade_Products,1649079442479
AEXGISIVX7WBUNI7UHHERVB3DF7Q,B085TR95Z1,Handmade_Products,1616769841958
AE462K7ARMFX3P7CX2QRL62RR7EA,B01JGGATBS,Handmade_Products,1529268141499
AE462K7ARMFX3P7CX2QRL62RR7EA,B0768N46CX,Handmade_Products,1521682310889
AE462K7ARMFX3P7CX2QRL62RR7EA,B075P1L22R,Handmade_Products,1521680408011
AFTQN4MTJHHVFM4FEXY5KT76OY4A,B09XV5GK11,Handmade_Products,1654144597210
AFTQN4MTJHHVFM4FEXY5KT76OY4A,B08S7HVPZS,Handmade_Products,1627588291610
AFTQN4MTJHHVFM4FEXY5KT76OY4A,B08TB42PQ6,Handmade_Products,1624850693078
AFTQN4MTJHHVFM4FEXY5KT76OY4A,B07DD7XKX5,Handmade_Products,1605176727663
AHK5KZQAGQJ25573COD6XS3OFBIA,B07JVP7T1G,Handmade_Products,1621864526812
AG57DEOPW22O44HDIK6LIMI4FEUA,B07C4M19GW,Handmade_Products,1570741280623
AG57DEOPW22O44HDIK6LIMI4FEUA,B015X3PQP2,Handmade_Products,1468532004000
AGCT4I4HQV6NSAB7KT22SSF53GMQ,B07D19N1PG,Handmade_Products,1646102162147
AGCT4I4HQV6NSAB7KT22SSF53GMQ,B08KYQT57J,Handmade_Products,1633196057560
AEGOJBWTTZDGSOZJRO6HBILBYBJA,B01EYLHZMQ,Handmade_Products,1498347882338
AG7RRXAYBVAVILQPFTPU3CRXFDXA,B07JCHPMPZ,Handmade_Products,1669558716371
AHYIGCPR6VGSW5JN6OFPOY2XYDXQ,B0BS6ZN7C4,Handmade_Products,1589480586309
AHZEFASFI3GVW4Q7IRVAKPJGZDXA,B075ZK2JZN,Handmade_Products,1532390258455
AHQ5WHFPKVGTYDLFF27XVVL3S63Q,B01FRGK56U,Handmade_Products,1633822273282
AHQ5WHFPKVGTYDLFF27XVVL3S63Q,B01LYC38Z9,Handmade_Products,1611820978961
AH3TBMSBRGE5SFO6HVYPVAR6PV3Q,B0B2PDQLXG,Handmade_Products,1612017413862
AGPEB3JOKX4W6SF2HEGDBCRR7SGQ,B07DX6J698,Handmade_Products,1576822672038
AFRUD3CIGC72MATAOCKOCXUJNRYQ,B07DD7LJW5,Handmade_Products,1568317139359
AEB5LQL4K2OFE2LT5H5BDPQLNZTQ,B094YLYPGK,Handmade_Products,1656071559189
AHWL5LS6IYZM6GQRORFYBJN6VL4Q,B091HXBVGZ,Handmade_Products,1656705968736
AHWL5LS6IYZM6GQRORFYBJN6VL4Q,B09D9G1VSC,Handmade_Products,1656705903554
AHWL5LS6IYZM6GQRORFYBJN6VL4Q,B09DCPZPQ5,Handmade_Products,1656480326964
AGKNQY6OW47UV7ABGBDJMNPXD4AA,B015Z05GU8,Handmade_Products,1674386119675
AHCJOPMSGXCRLN7ZWOGMKLDZJHTQ,B07GDS11QM,Handmade_Products,1610151448138
AHOFT66BQVBOK2OFQLAECZXXOOFA,B071K118ZC,Handmade_Products,1608746729575
AG5FGCIM6PBJX3JNDRKQMITZTIMA,B0BFG9TDD6,Handmade_Products,1662780175776
AEXODHZI37O7OWHNSAD7PGEE2SSA,B0798VYSPV,Handmade_Products,1562151081793
AH4HNZYAM46RMQNGY5YJ76HP65HQ,B07S2V6B37,Handmade_Products,1633132925194
AFCKKXKDV2RFEDQXZIHMEOOG36NQ,B07CZ7QSSN,Handmade_Products,1558026100123
AHC4ADMEWJBN2XPIAC2HV7ODJWXA,B083ZSB1V9,Handmade_Products,1625589060052
AEXGRZCOCVHEB3AHLH455IU6BRTQ,B01HDRAS4A,Handmade_Products,1592871585569
AFBYXKZCPGUE4GB23BUDUS3NTJ3A,B01JFCB57A,Handmade_Products,1649555178637
AF5LA6R3L7RG3WTNBWW6AHWBOGTQ,B0BY3H87N6,Handmade_Products,1673882719893
AH74XLC3QBXVC6UCOAQOJH3WJYGA,B0755FJSMX,Handmade_Products,1534956649278
AF2RTCYOSJT5QHS4Z46IYWLR5PKQ,B077T57VJP,Handmade_Products,1587524605397
AENMD5ZLQXKP27DKODY2ALPNQ6GA,B06X3TCGBY,Handmade_Products,1643166598319
AENMD5ZLQXKP27DKODY2ALPNQ6GA,B07SPZBBRP,Handmade_Products,1643166140337
AFZQ5JYW5GMGK5RFMWNZDYIWU2WQ,B0C6FBKC3R,Handmade_Products,1660273160631
AFZQ5JYW5GMGK5RFMWNZDYIWU2WQ,B07D645HM4,Handmade_Products,1616679750127
AHDIUH7IJX4KUTCSSCBAIBT56NEQ,B07HNHJQBG,Handmade_Products,1596542263741
AHIGXX5NXXKMQQGAIVM6QEC5H6UQ,B074SZ8D1M,Handmade_Products,1614391713353
AGEMLM3DG3H7NEKBRBDUYV3M6MYQ,B09XXFDVZJ,Handmade_Products,1660303449715
AGEMLM3DG3H7NEKBRBDUYV3M6MYQ,B0868HH2XK,Handmade_Products,1639641232248
AGEMLM3DG3H7NEKBRBDUYV3M6MYQ,B08DL7JRTR,Handmade_Products,1639639528861
AGEMLM3DG3H7NEKBRBDUYV3M6MYQ,B07KFN52NK,Handmade_Products,1639198196457
AGEMLM3DG3H7NEKBRBDUYV3M6MYQ,B07WRN33TK,Handmade_Products,1637958006134
AGEMLM3DG3H7NEKBRBDUYV3M6MYQ,B075XNS76H,Handmade_Products,1637957897295
AGEMLM3DG3H7NEKBRBDUYV3M6MYQ,B08M42WVVD,Handmade_Products,1637957855120
AGEMLM3DG3H7NEKBRBDUYV3M6MYQ,B08W5FSSGC,Handmade_Products,1637957728132
AGEMLM3DG3H7NEKBRBDUYV3M6MYQ,B07TWH45DY,Handmade_Products,1637957349941
AGEMLM3DG3H7NEKBRBDUYV3M6MYQ,B07V37D7YK,Handmade_Products,1627414848280
AGEMLM3DG3H7NEKBRBDUYV3M6MYQ,B07CRB8JC5,Handmade_Products,1575635244535
AGEMLM3DG3H7NEKBRBDUYV3M6MYQ,B01L5UK1ES,Handmade_Products,1484606032000
AGEMLM3DG3H7NEKBRBDUYV3M6MYQ,B015X3F4AE,Handmade_Products,1483541353000
AGEMLM3DG3H7NEKBRBDUYV3M6MYQ,B015X3PQP2,Handmade_Products,1483541286000
AGEMLM3DG3H7NEKBRBDUYV3M6MYQ,B015X5G0PU,Handmade_Products,1483540836000
AGEMLM3DG3H7NEKBRBDUYV3M6MYQ,B015M3DRDQ,Handmade_Products,1483540473000
AFXKCIHLZSEYIV62E7ISF2LZDPCA,B09PRTS4Z4,Handmade_Products,1659606920928
AFZ7IJCD2VQKQGZHDFHDTO5WMSZQ,B01LWSANMZ,Handmade_Products,1524329179842
AER5QOCSOHQTRB6WZ3VIU2OCRZZA,B09Y3TJ9CQ,Handmade_Products,1672356921178
AGBWLUDE3HYZXH6ZVWXHEO6Y6WIA,B09K4S8549,Handmade_Products,1671909362553
AHAVF52QGX3FDTSK3RLJZYUQ6GPA,B077GZMRWV,Handmade_Products,1641963485410
AGTW6ZGPUAORQ7X6CNBP6PJW7OTA,B0BY8CSVK2,Handmade_Products,1677672945604
AGTW6ZGPUAORQ7X6CNBP6PJW7OTA,B0BY8CSVK2,Handmade_Products,1676173149011
AETZAWQBDTYLVRO5L2XBGEIBUBYA,B07YNNJSQ3,Handmade_Products,1633212766791
AGHRODLEYIQJNCNNM3XBSRPUOF2Q,B0BGL27N83,Handmade_Products,1533389308506
AGHRODLEYIQJNCNNM3XBSRPUOF2Q,B0769JYKKS,Handmade_Products,1533321596085
AEIFJD53DP6VTWZ6JTIWJWNLOQXA,B015N9RAFA,Handmade_Products,1565806889769
AHESP2LHOADAN4JS27W2KQ6BYS4Q,B09WW8791S,Handmade_Products,1648226357531
AHESP2LHOADAN4JS27W2KQ6BYS4Q,B09WP8YB6V,Handmade_Products,1648225838373
AET2SGCSC7X3FANGBDIWYNJS4F7A,B086N3ZQMM,Handmade_Products,1638048110001
AEGYU6OM2X66SMZN6AF3TSQ3N5PQ,B0BYT3MPJH,Handmade_Products,1678310423591
AEGYU6OM2X66SMZN6AF3TSQ3N5PQ,B0BKVLYD33,Handmade_Products,1678292536804
AEGYU6OM2X66SMZN6AF3TSQ3N5PQ,B0BTLR3BKW,Handmade_Products,1670101706845
AEGYU6OM2X66SMZN6AF3TSQ3N5PQ,B0BJSM87QC,Handmade_Products,1669154957300
AEGYU6OM2X66SMZN6AF3TSQ3N5PQ,B09GDPHHPF,Handmade_Products,1668800107737
AEGYU6OM2X66SMZN6AF3TSQ3N5PQ,B0B5WNSSW7,Handmade_Products,1668737278897
AEGYU6OM2X66SMZN6AF3TSQ3N5PQ,B0B8S4ZP8Q,Handmade_Products,1668309594522
AEGYU6OM2X66SMZN6AF3TSQ3N5PQ,B0CBZHRZDY,Handmade_Products,1666658433770
AEGYU6OM2X66SMZN6AF3TSQ3N5PQ,B0BBQXC87Q,Handmade_Products,1665891473131
AEGYU6OM2X66SMZN6AF3TSQ3N5PQ,B0BFG9TDD6,Handmade_Products,1662946593662
AEGYU6OM2X66SMZN6AF3TSQ3N5PQ,B0BQ36KZH2,Handmade_Products,1660078290365
AEGYU6OM2X66SMZN6AF3TSQ3N5PQ,B0BHRWHHJV,Handmade_Products,1657592530884
AEGYU6OM2X66SMZN6AF3TSQ3N5PQ,B092MWT61G,Handmade_Products,1657590093459
AEGYU6OM2X66SMZN6AF3TSQ3N5PQ,B0B6T67WKF,Handmade_Products,1657158627163
AEGYU6OM2X66SMZN6AF3TSQ3N5PQ,B09Q99FN6P,Handmade_Products,1656041584806
AEGYU6OM2X66SMZN6AF3TSQ3N5PQ,B086QC8QDR,Handmade_Products,1656041263018
AEGYU6OM2X66SMZN6AF3TSQ3N5PQ,B09Y5FFFBR,Handmade_Products,1653446333348
AEGYU6OM2X66SMZN6AF3TSQ3N5PQ,B09TLD7CHN,Handmade_Products,1650900668771
AEGYU6OM2X66SMZN6AF3TSQ3N5PQ,B09S5RZ471,Handmade_Products,1650422671393
AEGYU6OM2X66SMZN6AF3TSQ3N5PQ,B09MQNJK9Y,Handmade_Products,1650422295223
AEGYU6OM2X66SMZN6AF3TSQ3N5PQ,B09G5ZFVVK,Handmade_Products,1640213765287
AEGYU6OM2X66SMZN6AF3TSQ3N5PQ,B09ZQ76CM1,Handmade_Products,1637635965623
AEGYU6OM2X66SMZN6AF3TSQ3N5PQ,B0B9HSVQ7C,Handmade_Products,1636169135216
AEGYU6OM2X66SMZN6AF3TSQ3N5PQ,B0B9S4J2SJ,Handmade_Products,1636168967371
AEGYU6OM2X66SMZN6AF3TSQ3N5PQ,B0C3JHMGT5,Handmade_Products,1635467346599
AEGYU6OM2X66SMZN6AF3TSQ3N5PQ,B076PZ65QT,Handmade_Products,1631421218037
AEGYU6OM2X66SMZN6AF3TSQ3N5PQ,B098PMS8RD,Handmade_Products,1630975894697
AEGYU6OM2X66SMZN6AF3TSQ3N5PQ,B097M67HPM,Handmade_Products,1629069449881
AEGYU6OM2X66SMZN6AF3TSQ3N5PQ,B09JPK575Y,Handmade_Products,1620695297927
AEGYU6OM2X66SMZN6AF3TSQ3N5PQ,B073H2DHZN,Handmade_Products,1615149708635
AFKZENTNBQ7A7V7UXW5JJI6UGRYQ,B09XWYG6X1,Home_and_Kitchen,1677373409298
AFKZENTNBQ7A7V7UXW5JJI6UGRYQ,B0BXDLF8TW,Home_and_Kitchen,1672043410846
AFKZENTNBQ7A7V7UXW5JJI6UGRYQ,B09G2PW8ZG,Home_and_Kitchen,1653447296788
AFKZENTNBQ7A7V7UXW5JJI6UGRYQ,B08CSZDXZY,Home_and_Kitchen,1651855096178
AFKZENTNBQ7A7V7UXW5JJI6UGRYQ,B0C6V27S6N,Home_and_Kitchen,1589934525940
AFKZENTNBQ7A7V7UXW5JJI6UGRYQ,B00GUAURXY,Home_and_Kitchen,1583557787276
AFKZENTNBQ7A7V7UXW5JJI6UGRYQ,B08K8N5FB2,Home_and_Kitchen,1581799806318
AFKZENTNBQ7A7V7UXW5JJI6UGRYQ,B0CGY43Y3P,Home_and_Kitchen,1552877983695
AFKZENTNBQ7A7V7UXW5JJI6UGRYQ,B077BYFY8J,Home_and_Kitchen,1547920165545
AFKZENTNBQ7A7V7UXW5JJI6UGRYQ,B01GEDH4KU,Home_and_Kitchen,1547919332140
AFKZENTNBQ7A7V7UXW5JJI6UGRYQ,B09KX3FZQS,Home_and_Kitchen,1545115669044
AFKZENTNBQ7A7V7UXW5JJI6UGRYQ,B00J10VZ2W,Home_and_Kitchen,1523092290368
AGGZ357AO26RQZVRLGU4D4N52DZQ,B08GP9PFWG,Home_and_Kitchen,1644358432328
AGGZ357AO26RQZVRLGU4D4N52DZQ,B0C7DN7K4B,Home_and_Kitchen,1634836914978
AGGZ357AO26RQZVRLGU4D4N52DZQ,B08N9VZ9PJ,Home_and_Kitchen,1608501509941
AGGZ357AO26RQZVRLGU4D4N52DZQ,B0BPBLYF85,Home_and_Kitchen,1578276993373
AGGZ357AO26RQZVRLGU4D4N52DZQ,B0BJZ4Y8K1,Home_and_Kitchen,1578276798605
AGGZ357AO26RQZVRLGU4D4N52DZQ,B079C5FPW8,Home_and_Kitchen,1460642286000
AGGZ357AO26RQZVRLGU4D4N52DZQ,B00BLS0INE,Home_and_Kitchen,1440082577000
AGGZ357AO26RQZVRLGU4D4N52DZQ,B0B69XTPVL,Home_and_Kitchen,1354676658000
AGGZ357AO26RQZVRLGU4D4N52DZQ,B00SI2PUXE,Home_and_Kitchen,1354675277000
AGGZ357AO26RQZVRLGU4D4N52DZQ,B002FWQU3W,Home_and_Kitchen,1354390111000
AGGZ357AO26RQZVRLGU4D4N52DZQ,B0778KV29D,Home_and_Kitchen,1341922513000
AGGZ357AO26RQZVRLGU4D4N52DZQ,B000ZN2NA2,Home_and_Kitchen,1290278747000
AGKASBHYZPGTEPO6LWZPVJWB2BVA,B07N2WFP6L,Home_and_Kitchen,1562599548161
AGKASBHYZPGTEPO6LWZPVJWB2BVA,B01I3Q6BHS,Home_and_Kitchen,1485790505000
AGKASBHYZPGTEPO6LWZPVJWB2BVA,B00CBE65IE,Home_and_Kitchen,1485789915000
AGKASBHYZPGTEPO6LWZPVJWB2BVA,B01AJKV5U4,Home_and_Kitchen,1485789324000
AGKASBHYZPGTEPO6LWZPVJWB2BVA,B00E0NJB12,Home_and_Kitchen,1471551829000
AG2L7H23R5LLKDKLBEF2Q3L2MVDA,B00G6OU0ZO,Home_and_Kitchen,1436792233000
AGCI7FAH4GL5FI65HYLKWTMFZ2CQ,B0BZWVHCG7,Home_and_Kitchen,1626370556131
AGCI7FAH4GL5FI65HYLKWTMFZ2CQ,B093G2HRHQ,Home_and_Kitchen,1626369636175
AGCI7FAH4GL5FI65HYLKWTMFZ2CQ,B00EUC0F5O,Home_and_Kitchen,1615570431211
AGCI7FAH4GL5FI65HYLKWTMFZ2CQ,B013QHI5XW,Home_and_Kitchen,1537210675333
AGCI7FAH4GL5FI65HYLKWTMFZ2CQ,B01KU4IFXO,Home_and_Kitchen,1416291348000
AGCI7FAH4GL5FI65HYLKWTMFZ2CQ,B00563XRYM,Home_and_Kitchen,1384912453000
AGCI7FAH4GL5FI65HYLKWTMFZ2CQ,B0C9MR8QCZ,Home_and_Kitchen,1384912416000
AGCI7FAH4GL5FI65HYLKWTMFZ2CQ,B0BVKBXGRG,Home_and_Kitchen,1360607736000
AGXVBIUFLFGMVLATYXHJYL4A5Q7Q,B08KVN4NS3,Home_and_Kitchen,1607702803724
AGXVBIUFLFGMVLATYXHJYL4A5Q7Q,B08F4JRTFR,Home_and_Kitchen,1607702711744
AGXVBIUFLFGMVLATYXHJYL4A5Q7Q,B0BTK8X2LY,Home_and_Kitchen,1570020398855
AGXVBIUFLFGMVLATYXHJYL4A5Q7Q,B07QLLY2F7,Home_and_Kitchen,1570020332820
AGXVBIUFLFGMVLATYXHJYL4A5Q7Q,B082VKT4ZZ,Home_and_Kitchen,1530556810638
AGXVBIUFLFGMVLATYXHJYL4A5Q7Q,B078NWLG1P,Home_and_Kitchen,1530556680210
AGXVBIUFLFGMVLATYXHJYL4A5Q7Q,B01KYCAXS2,Home_and_Kitchen,1530556650101
AGXVBIUFLFGMVLATYXHJYL4A5Q7Q,B08P4ZJWPT,Home_and_Kitchen,1530556310691
AGXVBIUFLFGMVLATYXHJYL4A5Q7Q,B07DNHZ4TD,Home_and_Kitchen,1530556237778
AGXVBIUFLFGMVLATYXHJYL4A5Q7Q,B073Z4MJZZ,Home_and_Kitchen,1530556157904
AGXVBIUFLFGMVLATYXHJYL4A5Q7Q,B071HXP93F,Home_and_Kitchen,1530556109679
AGXVBIUFLFGMVLATYXHJYL4A5Q7Q,B00CFN3KHK,Home_and_Kitchen,1504010730232
AGXVBIUFLFGMVLATYXHJYL4A5Q7Q,B01NAHHIWB,Home_and_Kitchen,1490877382000
AGXVBIUFLFGMVLATYXHJYL4A5Q7Q,B07JL8VY5F,Home_and_Kitchen,1490877327000
AGXVBIUFLFGMVLATYXHJYL4A5Q7Q,B004O39RJ4,Home_and_Kitchen,1428326035000
AGXVBIUFLFGMVLATYXHJYL4A5Q7Q,B003YLEXBO,Home_and_Kitchen,1428325977000
AGKHLEW2SOWHNMFQIJGBECAF7INQ,B07547PTX8,Home_and_Kitchen,1596921069109
AGKHLEW2SOWHNMFQIJGBECAF7INQ,B076KHQGC6,Home_and_Kitchen,1596920783947
AGKHLEW2SOWHNMFQIJGBECAF7INQ,B0776QRQHX,Home_and_Kitchen,1596920649081
AGKHLEW2SOWHNMFQIJGBECAF7INQ,B0BTK7XJ8D,Home_and_Kitchen,1596920137505
AGKHLEW2SOWHNMFQIJGBECAF7INQ,B077YB76J9,Home_and_Kitchen,1588625269967
AGKHLEW2SOWHNMFQIJGBECAF7INQ,B01DR2ACA0,Home_and_Kitchen,1563856156671
AGKHLEW2SOWHNMFQIJGBECAF7INQ,B077MNPF15,Home_and_Kitchen,1563856085311
AGKHLEW2SOWHNMFQIJGBECAF7INQ,B06XKXK3V4,Home_and_Kitchen,1563856047246
AGKHLEW2SOWHNMFQIJGBECAF7INQ,B0BZD6YW72,Home_and_Kitchen,1563855930274
AGKHLEW2SOWHNMFQIJGBECAF7INQ,B06Y1H3LTD,Home_and_Kitchen,1519317219025
AGKHLEW2SOWHNMFQIJGBECAF7INQ,B0988L5494,Home_and_Kitchen,1519316479570
AGKHLEW2SOWHNMFQIJGBECAF7INQ,B0BSPGR5T6,Home_and_Kitchen,1504999245236
AEM663T6XHZFWLODF4US2RCOCUSA,B089LTCK6R,Home_and_Kitchen,1607055506168
AFE337D2J37YRU5U6MVTVKNDKWDA,B08632FQ6F,Home_and_Kitchen,1675820743747
AFE337D2J37YRU5U6MVTVKNDKWDA,B07T32P7BQ,Home_and_Kitchen,1585938997613
AFE337D2J37YRU5U6MVTVKNDKWDA,B098DXB21S,Home_and_Kitchen,1585938236496
AGBFYI2DDIKXC5Y4FARTYDTQBMFQ,B0BDVNLWF4,Home_and_Kitchen,1589384276929
AGBFYI2DDIKXC5Y4FARTYDTQBMFQ,B07BLQBKS6,Home_and_Kitchen,1578593718612
AGBFYI2DDIKXC5Y4FARTYDTQBMFQ,B0BYZMQKTC,Home_and_Kitchen,1578528116305
AGBFYI2DDIKXC5Y4FARTYDTQBMFQ,B082P23BMP,Home_and_Kitchen,1578527851500
AGBFYI2DDIKXC5Y4FARTYDTQBMFQ,B07374J1K4,Home_and_Kitchen,1578526772197
AGBFYI2DDIKXC5Y4FARTYDTQBMFQ,B0BTLNZ6SH,Home_and_Kitchen,1549383606215
AGBFYI2DDIKXC5Y4FARTYDTQBMFQ,B082WN2KVM,Home_and_Kitchen,1535057989481
AGBFYI2DDIKXC5Y4FARTYDTQBMFQ,B0CGY43Y3P,Home_and_Kitchen,1494108291000
AGBFYI2DDIKXC5Y4FARTYDTQBMFQ,B013R3Q7B2,Home_and_Kitchen,1494108182000
AEVWAM3YWN5URJVJIZZ6XPD2MKIA,B01HILHUQ0,Home_and_Kitchen,1671914958334
AEVWAM3YWN5URJVJIZZ6XPD2MKIA,B099XMH2XW,Home_and_Kitchen,1664896044820
AEVWAM3YWN5URJVJIZZ6XPD2MKIA,B0BGSKB1Y3,Home_and_Kitchen,1661976376908
AEVWAM3YWN5URJVJIZZ6XPD2MKIA,B08T177J2X,Home_and_Kitchen,1631304623977
AEVWAM3YWN5URJVJIZZ6XPD2MKIA,B08CZ7TLYF,Home_and_Kitchen,1627463264715
AEVWAM3YWN5URJVJIZZ6XPD2MKIA,B01ICJ1G0S,Home_and_Kitchen,1626392364883
AEVWAM3YWN5URJVJIZZ6XPD2MKIA,B08X9PNTPV,Home_and_Kitchen,1619535870815
AEVWAM3YWN5URJVJIZZ6XPD2MKIA,B082V5211B,Home_and_Kitchen,1619535525446
AEVWAM3YWN5URJVJIZZ6XPD2MKIA,B08C7JYKZH,Home_and_Kitchen,1604354984073
AEVWAM3YWN5URJVJIZZ6XPD2MKIA,B00G2C2WX8,Home_and_Kitchen,1563204969768
AEVWAM3YWN5URJVJIZZ6XPD2MKIA,B0BYYYQ354,Home_and_Kitchen,1556043611716
AEVWAM3YWN5URJVJIZZ6XPD2MKIA,B01N1411P6,Home_and_Kitchen,1556043475301
AEVWAM3YWN5URJVJIZZ6XPD2MKIA,B077NNYT1Z,Home_and_Kitchen,1552909357046
AEVWAM3YWN5URJVJIZZ6XPD2MKIA,B07M9SWWJY,Home_and_Kitchen,1552908393119
AEVWAM3YWN5URJVJIZZ6XPD2MKIA,B07BL41FQX,Home_and_Kitchen,1542504498503
AEVWAM3YWN5URJVJIZZ6XPD2MKIA,B08GJ7XWSY,Home_and_Kitchen,1531081850947
AEVWAM3YWN5URJVJIZZ6XPD2MKIA,B00XM0M1QQ,Home_and_Kitchen,1530895077328
AEVWAM3YWN5URJVJIZZ6XPD2MKIA,B07CHLML41,Home_and_Kitchen,1530196066356
AEVWAM3YWN5URJVJIZZ6XPD2MKIA,B019J27MFU,Home_and_Kitchen,1529023844713
AEVWAM3YWN5URJVJIZZ6XPD2MKIA,B00E4VEZ02,Home_and_Kitchen,1529023767530
AEVWAM3YWN5URJVJIZZ6XPD2MKIA,B06WP7BZYS,Home_and_Kitchen,1516112542463
AEVWAM3YWN5URJVJIZZ6XPD2MKIA,B00UGP1JP4,Home_and_Kitchen,1474844067000
AEVWAM3YWN5URJVJIZZ6XPD2MKIA,B018IWAVPU,Home_and_Kitchen,1474844057000
AEVWAM3YWN5URJVJIZZ6XPD2MKIA,B01CMYGWPS,Home_and_Kitchen,1474843682000
AEVWAM3YWN5URJVJIZZ6XPD2MKIA,B08Y1X54CS,Home_and_Kitchen,1466868267000
AEVWAM3YWN5URJVJIZZ6XPD2MKIA,B002EVOXME,Home_and_Kitchen,1466868164000
AEVWAM3YWN5URJVJIZZ6XPD2MKIA,B002EVOXLK,Home_and_Kitchen,1466868065000
AEVWAM3YWN5URJVJIZZ6XPD2MKIA,B078VRZT2X,Home_and_Kitchen,1429614443000
AEVWAM3YWN5URJVJIZZ6XPD2MKIA,B003RYQFK0,Home_and_Kitchen,1429614357000
AEVWAM3YWN5URJVJIZZ6XPD2MKIA,B001KK35RE,Home_and_Kitchen,1425673019000
AEVWAM3YWN5URJVJIZZ6XPD2MKIA,B0BG2XBBPR,Home_and_Kitchen,1409849044000
AEVWAM3YWN5URJVJIZZ6XPD2MKIA,B0001PG2T2,Home_and_Kitchen,1160665667000
AFTC6ZR5IKNRDG5JCPVNVMU3XV2Q,B081QKB94Q,Home_and_Kitchen,1577637929184
AEAUZK2OLWXD75AWJOCCGGCL3H2A,B0749GG22T,Home_and_Kitchen,1562003144497
AE74DYR3QUGVPZJ3P7RFWBGIX7XQ,B07H2CMBMV,Home_and_Kitchen,1661287757757
AE74DYR3QUGVPZJ3P7RFWBGIX7XQ,B0816M5966,Home_and_Kitchen,1653514268525
AE74DYR3QUGVPZJ3P7RFWBGIX7XQ,B0C85GZ35R,Home_and_Kitchen,1651717945470
AE74DYR3QUGVPZJ3P7RFWBGIX7XQ,B07858WZ6F,Home_and_Kitchen,1637953177329
AE74DYR3QUGVPZJ3P7RFWBGIX7XQ,B09QWDGCNY,Home_and_Kitchen,1637644523144
AE74DYR3QUGVPZJ3P7RFWBGIX7XQ,B0C4MXM9ZQ,Home_and_Kitchen,1632107987640
AE74DYR3QUGVPZJ3P7RFWBGIX7XQ,B072V1BP9T,Home_and_Kitchen,1632066718545
AE74DYR3QUGVPZJ3P7RFWBGIX7XQ,B0119S7FH2,Home_and_Kitchen,1626555946146
AE74DYR3QUGVPZJ3P7RFWBGIX7XQ,B09XQXCLHL,Home_and_Kitchen,1623606496959
AE74DYR3QUGVPZJ3P7RFWBGIX7XQ,B09F3P3F83,Home_and_Kitchen,1620073118175
AE74DYR3QUGVPZJ3P7RFWBGIX7XQ,B09QVXN133,Home_and_Kitchen,1605676133422
AE74DYR3QUGVPZJ3P7RFWBGIX7XQ,B00RMCEWHG,Home_and_Kitchen,1594489084984
AE74DYR3QUGVPZJ3P7RFWBGIX7XQ,B07FKFRFGF,Home_and_Kitchen,1593084893137
AE74DYR3QUGVPZJ3P7RFWBGIX7XQ,B07F91D64Q,Home_and_Kitchen,1593084711527
AE74DYR3QUGVPZJ3P7RFWBGIX7XQ,B01MCXLE57,Home_and_Kitchen,1592324746443
AE74DYR3QUGVPZJ3P7RFWBGIX7XQ,B089R57Q1L,Home_and_Kitchen,1565223266243
AFAHVT5FXHSIGNDR7YZK3FOCW3YA,B07KSXSY1Y,Home_and_Kitchen,1572022915286
AFQLNQNQYFWQZPJQZS6V3NZU4QBQ,B0BNB9W1X2,Home_and_Kitchen,1608426217081
AHITBJSS7KYUBVZPX7M2WJCOIVKQ,B0BFG1SPYB,Home_and_Kitchen,1619552882932
AHITBJSS7KYUBVZPX7M2WJCOIVKQ,B01CF3GI78,Home_and_Kitchen,1603299131268
AHITBJSS7KYUBVZPX7M2WJCOIVKQ,B0BN9VB14G,Home_and_Kitchen,1577645767904
AHITBJSS7KYUBVZPX7M2WJCOIVKQ,B08ZHWKS76,Home_and_Kitchen,1574097007595
AHITBJSS7KYUBVZPX7M2WJCOIVKQ,B0C54P44QB,Home_and_Kitchen,1574096772411
AHITBJSS7KYUBVZPX7M2WJCOIVKQ,B0BMNHZ1K6,Home_and_Kitchen,1560027777227
AHITBJSS7KYUBVZPX7M2WJCOIVKQ,B0189YVFPC,Home_and_Kitchen,1560014674941
AHITBJSS7KYUBVZPX7M2WJCOIVKQ,B01G3CT2DY,Home_and_Kitchen,1560013221063
AHITBJSS7KYUBVZPX7M2WJCOIVKQ,B01M987RCV,Home_and_Kitchen,1526085347337
AHITBJSS7KYUBVZPX7M2WJCOIVKQ,B01B5CIBES,Home_and_Kitchen,1502151308085
AHITBJSS7KYUBVZPX7M2WJCOIVKQ,B00004OCIW,Home_and_Kitchen,1480990318000
AHVC23XPR4J63SSNSIRNG4H6AEWQ,B0BGN75DV6,Home_and_Kitchen,1670096716153
AHVC23XPR4J63SSNSIRNG4H6AEWQ,B077KV6KZL,Home_and_Kitchen,1615497563066
AHVC23XPR4J63SSNSIRNG4H6AEWQ,B0C55FZLYS,Home_and_Kitchen,1590180540424
AHVC23XPR4J63SSNSIRNG4H6AEWQ,B09Z7NYVT4,Home_and_Kitchen,1574889566289
AHVC23XPR4J63SSNSIRNG4H6AEWQ,B07Q4VP27M,Home_and_Kitchen,1574870679919
AHVC23XPR4J63SSNSIRNG4H6AEWQ,B07TD3PBP4,Home_and_Kitchen,1573911275380
AHVC23XPR4J63SSNSIRNG4H6AEWQ,B0822XJZVH,Home_and_Kitchen,1556146496630
AHVC23XPR4J63SSNSIRNG4H6AEWQ,B08GQDX1VY,Home_and_Kitchen,1542283306661
AHVC23XPR4J63SSNSIRNG4H6AEWQ,B07YJ4GB3Y,Home_and_Kitchen,1535858576133
AHVC23XPR4J63SSNSIRNG4H6AEWQ,B09RQJC2JQ,Home_and_Kitchen,1524449069802
AHVC23XPR4J63SSNSIRNG4H6AEWQ,B017LJ70IM,Home_and_Kitchen,1497581826973
AHVC23XPR4J63SSNSIRNG4H6AEWQ,B019QUHZZC,Home_and_Kitchen,1497581694961
AHVC23XPR4J63SSNSIRNG4H6AEWQ,B004E4AVPW,Home_and_Kitchen,1404136787000
AFVNEEPDEIH5SPUN5BWC6NKL3WNQ,B08XZ5VGTP,Home_and_Kitchen,1672580149926
AFVNEEPDEIH5SPUN5BWC6NKL3WNQ,B09BQVWN5W,Home_and_Kitchen,1653605261554
AFVNEEPDEIH5SPUN5BWC6NKL3WNQ,B09LV7JGW8,Home_and_Kitchen,1650067021544
AFVNEEPDEIH5SPUN5BWC6NKL3WNQ,B08KQ6PDMD,Home_and_Kitchen,1620310316092
AFVNEEPDEIH5SPUN5BWC6NKL3WNQ,B01D2CB9DE,Home_and_Kitchen,1616727969624
AFVNEEPDEIH5SPUN5BWC6NKL3WNQ,B0CCBL1H6B,Home_and_Kitchen,1608918485961
AFVNEEPDEIH5SPUN5BWC6NKL3WNQ,B07D12TTPH,Home_and_Kitchen,1580484704333
AFVNEEPDEIH5SPUN5BWC6NKL3WNQ,B09XVYDKKK,Home_and_Kitchen,1580471739505
AFVNEEPDEIH5SPUN5BWC6NKL3WNQ,B07W7PZK6D,Home_and_Kitchen,1575891366086
AFVNEEPDEIH5SPUN5BWC6NKL3WNQ,B0C4LJMGD8,Home_and_Kitchen,1560076509230
AFVNEEPDEIH5SPUN5BWC6NKL3WNQ,B071LPKP3R,Home_and_Kitchen,1546290003443
AFVNEEPDEIH5SPUN5BWC6NKL3WNQ,B0BRPBD79F,Home_and_Kitchen,1546289756544
AFDERBL3G23J5U6HHQBAZLTREKOA,B07MV4LP6S,Home_and_Kitchen,1673115866299
AFDERBL3G23J5U6HHQBAZLTREKOA,B08157NNVP,Home_and_Kitchen,1642883221218
AHXSBZT52TCPZUBVCBRICTHWUCBA,B00N9OK2IY,Home_and_Kitchen,1424355843000
AHGTHCERTEZUXNBLJ5SWHK2CDLXA,B08Q349KSF,Home_and_Kitchen,1618876232289
AHGTHCERTEZUXNBLJ5SWHK2CDLXA,B07N8KN3X8,Home_and_Kitchen,1592248941594
AHGTHCERTEZUXNBLJ5SWHK2CDLXA,B087NBDBSK,Home_and_Kitchen,1542751551977
AFEIN7QWSQ6EFW45LKD7ZOCSMLGQ,B091HZYXKX,Home_and_Kitchen,1675061336358
AFEIN7QWSQ6EFW45LKD7ZOCSMLGQ,B00PG6M5AG,Home_and_Kitchen,1656636021148
AFEIN7QWSQ6EFW45LKD7ZOCSMLGQ,B00MFW2U1S,Home_and_Kitchen,1656635769346
AFEIN7QWSQ6EFW45LKD7ZOCSMLGQ,B09LFC5KRD,Home_and_Kitchen,1656635356247
AFEIN7QWSQ6EFW45LKD7ZOCSMLGQ,B08ZL8T96Y,Home_and_Kitchen,1656635031949
AFEIN7QWSQ6EFW45LKD7ZOCSMLGQ,B0BDTYZRX2,Home_and_Kitchen,1656634339803
AFEIN7QWSQ6EFW45LKD7ZOCSMLGQ,B0C21NZYKG,Home_and_Kitchen,1651282349473
AFEIN7QWSQ6EFW45LKD7ZOCSMLGQ,B097XKFZ4M,Home_and_Kitchen,1651205758731
AFEIN7QWSQ6EFW45LKD7ZOCSMLGQ,B0859YKH6N,Home_and_Kitchen,1651205248798
AFEIN7QWSQ6EFW45LKD7ZOCSMLGQ,B09KSBSXV7,Home_and_Kitchen,1651041222147
AFEIN7QWSQ6EFW45LKD7ZOCSMLGQ,B07NJN4C4G,Home_and_Kitchen,1650927076870
AFEIN7QWSQ6EFW45LKD7ZOCSMLGQ,B08JQDL71P,Home_and_Kitchen,1648767241982
AFEIN7QWSQ6EFW45LKD7ZOCSMLGQ,B07KGMVC9Z,Home_and_Kitchen,1648766703292
AFEIN7QWSQ6EFW45LKD7ZOCSMLGQ,B07TP81ZPC,Home_and_Kitchen,1623534511071
AFEIN7QWSQ6EFW45LKD7ZOCSMLGQ,B087N8BN6W,Home_and_Kitchen,1623534413079
AFEIN7QWSQ6EFW45LKD7ZOCSMLGQ,B088D72S5W,Home_and_Kitchen,1619568338912
AFEIN7QWSQ6EFW45LKD7ZOCSMLGQ,B09R49Z55R,Home_and_Kitchen,1619567867844
AFEIN7QWSQ6EFW45LKD7ZOCSMLGQ,B0CB9K7LBB,Home_and_Kitchen,1619567567094
AHBHMMUTJ5W3SZUHVKUP35ZYKUHA,B0833G6F1Q,Home_and_Kitchen,1615950064767
AHBHMMUTJ5W3SZUHVKUP35ZYKUHA,B0BNJKDF76,Home_and_Kitchen,1604789565190
AHBHMMUTJ5W3SZUHVKUP35ZYKUHA,B0BTLKPF7Q,Home_and_Kitchen,1596735394057
AHBHMMUTJ5W3SZUHVKUP35ZYKUHA,B07B4CRL7B,Home_and_Kitchen,1540588416251
AFJTRBXMURLHS5EGNXLUHDHIZRFQ,B0B7HY6PYY,Home_and_Kitchen,1628874679461
AFJTRBXMURLHS5EGNXLUHDHIZRFQ,B07TXSZ76K,Home_and_Kitchen,1607752605907
AFJTRBXMURLHS5EGNXLUHDHIZRFQ,B01EMO1LZW,Home_and_Kitchen,1605916906258
AFJTRBXMURLHS5EGNXLUHDHIZRFQ,B0BKT6YMXJ,Home_and_Kitchen,1600638018571
AFJTRBXMURLHS5EGNXLUHDHIZRFQ,B0BZK2X4WS,Home_and_Kitchen,1597351371605
AFJTRBXMURLHS5EGNXLUHDHIZRFQ,B01MG67AFV,Home_and_Kitchen,1596045524662
AFJTRBXMURLHS5EGNXLUHDHIZRFQ,B084ZLPK14,Home_and_Kitchen,1583674182294
AFJTRBXMURLHS5EGNXLUHDHIZRFQ,B082QZWC9G,Home_and_Kitchen,1583516765807
AFJTRBXMURLHS5EGNXLUHDHIZRFQ,B07QTJPY4X,Home_and_Kitchen,1583299632320
AFJTRBXMURLHS5EGNXLUHDHIZRFQ,B0B3LY5H6Q,Home_and_Kitchen,1583299375204
AFJTRBXMURLHS5EGNXLUHDHIZRFQ,B01N8RWR71,Home_and_Kitchen,1565396061918
AFJTRBXMURLHS5EGNXLUHDHIZRFQ,B0CC9KQFLS,Home_and_Kitchen,1558305239118
AHSPLDNW5OOUK2PLH7GXLACFBZNQ,B07XL1V77P,Home_and_Kitchen,1595884059961
AHSPLDNW5OOUK2PLH7GXLACFBZNQ,B0C6MMPR62,Home_and_Kitchen,1578673965287
AHSPLDNW5OOUK2PLH7GXLACFBZNQ,B076PXZL5N,Home_and_Kitchen,1574891523003
AHSPLDNW5OOUK2PLH7GXLACFBZNQ,B07N4KWHMD,Home_and_Kitchen,1568739462624
AHSPLDNW5OOUK2PLH7GXLACFBZNQ,B077VP817W,Home_and_Kitchen,1531738327219
AHSPLDNW5OOUK2PLH7GXLACFBZNQ,B0BMG99239,Home_and_Kitchen,1531738187447
AHSPLDNW5OOUK2PLH7GXLACFBZNQ,B018LKVDCY,Home_and_Kitchen,1531738104023
AHSPLDNW5OOUK2PLH7GXLACFBZNQ,B09NMD3PDX,Home_and_Kitchen,1482714737000
AHSPLDNW5OOUK2PLH7GXLACFBZNQ,B0B4FG8MMZ,Home_and_Kitchen,1466163389000
AHSPLDNW5OOUK2PLH7GXLACFBZNQ,B00004OCNU,Home_and_Kitchen,1449000781000
AHSPLDNW5OOUK2PLH7GXLACFBZNQ,B00HQ9MLX2,Home_and_Kitchen,1449000103000
AHSPLDNW5OOUK2PLH7GXLACFBZNQ,B09S78H68V,Home_and_Kitchen,1443309173000
AHSPLDNW5OOUK2PLH7GXLACFBZNQ,B008VAUMZY,Home_and_Kitchen,1443308882000
AHSPLDNW5OOUK2PLH7GXLACFBZNQ,B01HEG19NO,Home_and_Kitchen,1439476514000
AHSPLDNW5OOUK2PLH7GXLACFBZNQ,B0872YWPK8,Home_and_Kitchen,1439476453000
AHSPLDNW5OOUK2PLH7GXLACFBZNQ,B00Y3TFNLU,Home_and_Kitchen,1439476061000
AHSPLDNW5OOUK2PLH7GXLACFBZNQ,B07VQWQPR1,Home_and_Kitchen,1435699721000
AHSPLDNW5OOUK2PLH7GXLACFBZNQ,B09MTBC4PQ,Home_and_Kitchen,1435699528000
AHSPLDNW5OOUK2PLH7GXLACFBZNQ,B0733FBS36,Home_and_Kitchen,1395407078000
AHP33HWZXHK3LO2EOA5YJKF4KDIQ,B07M8F2Q47,Home_and_Kitchen,1575417224983
AHWWLSPCJMALVHDDVSUGICL6RUCA,B08ZDSXBVZ,Home_and_Kitchen,1668259730467
AHWWLSPCJMALVHDDVSUGICL6RUCA,B08PKSQ6JL,Home_and_Kitchen,1668259658086
AHTTU2FL6FCNBBAESCJHOHHSSW7A,B0C3SGLCYG,Home_and_Kitchen,1609961889104
AHTTU2FL6FCNBBAESCJHOHHSSW7A,B09QF8SFXG,Home_and_Kitchen,1609961755537
AHTTU2FL6FCNBBAESCJHOHHSSW7A,B0738C7RXF,Home_and_Kitchen,1603306831323
AHTTU2FL6FCNBBAESCJHOHHSSW7A,B0C3T1C5LZ,Home_and_Kitchen,1603306728758
AHTTU2FL6FCNBBAESCJHOHHSSW7A,B0859M6RRW,Home_and_Kitchen,1603306632754
AHTTU2FL6FCNBBAESCJHOHHSSW7A,B079HVG7ZS,Home_and_Kitchen,1603306595569
AGBUJDDLRJIUJFTKPABJT6CJTHRQ,B07GZQXC4G,Home_and_Kitchen,1656700820824
AGXFEGMNVCSTSYYA5UWXDV7AFSXA,B0BJKZ6BTW,Home_and_Kitchen,1676753204734
AGXFEGMNVCSTSYYA5UWXDV7AFSXA,B071KQC456,Home_and_Kitchen,1658694834503
AGXFEGMNVCSTSYYA5UWXDV7AFSXA,B000PS9K1C,Home_and_Kitchen,1657565091586
AGXFEGMNVCSTSYYA5UWXDV7AFSXA,B0BWJP1W4D,Home_and_Kitchen,1619301967746
AGXFEGMNVCSTSYYA5UWXDV7AFSXA,B0BYRM8PXH,Home_and_Kitchen,1618177352750
AGXFEGMNVCSTSYYA5UWXDV7AFSXA,B091L57TCC,Home_and_Kitchen,1618176941489
AGXFEGMNVCSTSYYA5UWXDV7AFSXA,B0BCB15QC8,Home_and_Kitchen,1612045841053
AGXFEGMNVCSTSYYA5UWXDV7AFSXA,B093GLPQ8Z,Home_and_Kitchen,1602100454285
AGXFEGMNVCSTSYYA5UWXDV7AFSXA,B08FYYMW87,Home_and_Kitchen,1602100026481
AGXFEGMNVCSTSYYA5UWXDV7AFSXA,B0C24XM5TL,Home_and_Kitchen,1589663903113
AGXFEGMNVCSTSYYA5UWXDV7AFSXA,B07FP4F7P3,Home_and_Kitchen,1574775201816
AGXFEGMNVCSTSYYA5UWXDV7AFSXA,B01IT9V1FQ,Home_and_Kitchen,1541884375727
AGXFEGMNVCSTSYYA5UWXDV7AFSXA,B01BTJNFP2,Home_and_Kitchen,1529790135913
AGXFEGMNVCSTSYYA5UWXDV7AFSXA,B073W5LJJP,Home_and_Kitchen,1529789915781
AGXFEGMNVCSTSYYA5UWXDV7AFSXA,B06XR8BLBS,Home_and_Kitchen,1520031605475
AGXFEGMNVCSTSYYA5UWXDV7AFSXA,B0014IKQKG,Home_and_Kitchen,1386115433000
AGXFEGMNVCSTSYYA5UWXDV7AFSXA,B000KBB454,Home_and_Kitchen,1350318684000
AGXFEGMNVCSTSYYA5UWXDV7AFSXA,B001AT229M,Home_and_Kitchen,1350317994000
AGXFEGMNVCSTSYYA5UWXDV7AFSXA,B001BOSIM6,Home_and_Kitchen,1287008546000
AGXFEGMNVCSTSYYA5UWXDV7AFSXA,B000F7FM9W,Home_and_Kitchen,1287008202000
AGXFEGMNVCSTSYYA5UWXDV7AFSXA,B0BT3B8X3M,Home_and_Kitchen,1266851227000
AHZIJGKEWRTAEOZ673G5B3SNXEGQ,B079S6HV12,Home_and_Kitchen,1584490745630
AEFKF6R2GUSK2AWPSWRR4ZO36JVQ,B0794169X8,Home_and_Kitchen,1556496073718
AEFKF6R2GUSK2AWPSWRR4ZO36JVQ,B0138T4TZQ,Home_and_Kitchen,1474372471000
AF4BOHAQZZBMDYP7B6IWIKQNHTCA,B0C3T1C5LZ,Home_and_Kitchen,1572110936413
AFOXGPLG5WFK3D3ALTCXFQNPWZPQ,B0BP9TF2P4,Home_and_Kitchen,1632291680953
AFOXGPLG5WFK3D3ALTCXFQNPWZPQ,B08FJ4VBPY,Home_and_Kitchen,1603060971736
AFFR7R7ADZWGXB57TLBOHHSFC53A,B0B5YH25J6,Home_and_Kitchen,1673987259745
AFFR7R7ADZWGXB57TLBOHHSFC53A,B09JYM6F7K,Home_and_Kitchen,1673987218946
AFFR7R7ADZWGXB57TLBOHHSFC53A,B0C6RK85W2,Home_and_Kitchen,1673987137100
AFFR7R7ADZWGXB57TLBOHHSFC53A,B094ZC1Y3F,Home_and_Kitchen,1669859775512
AFFR7R7ADZWGXB57TLBOHHSFC53A,B0BDDPGF7N,Home_and_Kitchen,1656469135273
AFFR7R7ADZWGXB57TLBOHHSFC53A,B08735RDP6,Home_and_Kitchen,1646099184429
AET3VOB7PYHAKDAPEDTFGPSEE6QQ,B09XHBQ8Y2,Home_and_Kitchen,1638148374312
AET3VOB7PYHAKDAPEDTFGPSEE6QQ,B0BTL9QSSD,Home_and_Kitchen,1621455752453
AET3VOB7PYHAKDAPEDTFGPSEE6QQ,B07YD5GFZ1,Home_and_Kitchen,1621455454982
AET3VOB7PYHAKDAPEDTFGPSEE6QQ,B088FDNBN6,Home_and_Kitchen,1614625107768
AET3VOB7PYHAKDAPEDTFGPSEE6QQ,B07TC6N8QH,Home_and_Kitchen,1614624362858
AET3VOB7PYHAKDAPEDTFGPSEE6QQ,B08YK5WVVB,Home_and_Kitchen,1610655762617
AET3VOB7PYHAKDAPEDTFGPSEE6QQ,B079GF9GV3,Home_and_Kitchen,1606167066292
AET3VOB7PYHAKDAPEDTFGPSEE6QQ,B099DP9JKS,Home_and_Kitchen,1606166688281
AET3VOB7PYHAKDAPEDTFGPSEE6QQ,B01KW5SDHE,Home_and_Kitchen,1544550986586
AH4MB6HER73XDOV6I4ICPNT24YQQ,B08SBRHDS1,Home_and_Kitchen,1656106630237
AH4MB6HER73XDOV6I4ICPNT24YQQ,B09ZL784L8,Home_and_Kitchen,1630176081499
AH4MB6HER73XDOV6I4ICPNT24YQQ,B0BFBZFXDS,Home_and_Kitchen,1578888699629
AH4MB6HER73XDOV6I4ICPNT24YQQ,B0BNB9W1X2,Home_and_Kitchen,1576077485762
AH4MB6HER73XDOV6I4ICPNT24YQQ,B00NTN377S,Home_and_Kitchen,1476844435000
AHFY2QSS6PK5MHSYZFI6TXUYNPLQ,B08MY7FN77,Home_and_Kitchen,1625095677260
AGMJ3EMDVL6OWBJF7CA5RGJLXN5A,B07RB1N8CY,Home_and_Kitchen,1628358694451
AGMJ3EMDVL6OWBJF7CA5RGJLXN5A,B088LJLQY3,Home_and_Kitchen,1626196197443
AGMJ3EMDVL6OWBJF7CA5RGJLXN5A,B01JOCU9BY,Home_and_Kitchen,1625676190715
AGMJ3EMDVL6OWBJF7CA5RGJLXN5A,B081YZJPMT,Home_and_Kitchen,1622105941335
AGMJ3EMDVL6OWBJF7CA5RGJLXN5A,B081W8TNC5,Home_and_Kitchen,1612818273204
AGMJ3EMDVL6OWBJF7CA5RGJLXN5A,B07914HLSX,Home_and_Kitchen,1610145495078
AGMJ3EMDVL6OWBJF7CA5RGJLXN5A,B07Z5Q8CB1,Home_and_Kitchen,1607289153404
AGMJ3EMDVL6OWBJF7CA5RGJLXN5A,B017J30PCS,Home_and_Kitchen,1607040103452
AGMJ3EMDVL6OWBJF7CA5RGJLXN5A,B08JGRLN55,Home_and_Kitchen,1605740972426
AGMJ3EMDVL6OWBJF7CA5RGJLXN5A,B08ZMG2VKV,Home_and_Kitchen,1604966479457
AGMJ3EMDVL6OWBJF7CA5RGJLXN5A,B07YYM7P5N,Home_and_Kitchen,1604958470857
AGMJ3EMDVL6OWBJF7CA5RGJLXN5A,B07GSGTHYF,Home_and_Kitchen,1602739837911
AGMJ3EMDVL6OWBJF7CA5RGJLXN5A,B09RGL3Q4B,Home_and_Kitchen,1602739254188
AGMJ3EMDVL6OWBJF7CA5RGJLXN5A,B09XVYB82C,Home_and_Kitchen,1600711943495
AGMJ3EMDVL6OWBJF7CA5RGJLXN5A,B01ASEF5RK,Home_and_Kitchen,1600651464735
AGMJ3EMDVL6OWBJF7CA5RGJLXN5A,B0BGN13YP7,Home_and_Kitchen,1600648720551
AGMJ3EMDVL6OWBJF7CA5RGJLXN5A,B07L1H1K4N,Home_and_Kitchen,1600567668477
AGMJ3EMDVL6OWBJF7CA5RGJLXN5A,B0C2PJMJT2,Home_and_Kitchen,1600556471630
AGMJ3EMDVL6OWBJF7CA5RGJLXN5A,B0BNBWT49F,Home_and_Kitchen,1600554065383
AGMJ3EMDVL6OWBJF7CA5RGJLXN5A,B0BWL35HXT,Home_and_Kitchen,1600545241465
AGMJ3EMDVL6OWBJF7CA5RGJLXN5A,B0789PRRT9,Home_and_Kitchen,1600544904568
AGMJ3EMDVL6OWBJF7CA5RGJLXN5A,B07V38C2ZM,Home_and_Kitchen,1600460355489
AGMJ3EMDVL6OWBJF7CA5RGJLXN5A,B082SPZ3B7,Home_and_Kitchen,1600460114391
AGMJ3EMDVL6OWBJF7CA5RGJLXN5A,B07TB659K7,Home_and_Kitchen,1600459925569
AGMJ3EMDVL6OWBJF7CA5RGJLXN5A,B0BWY9LQ8B,Home_and_Kitchen,1600459739870
AGMJ3EMDVL6OWBJF7CA5RGJLXN5A,B07XQ3L1L7,Home_and_Kitchen,1597877945399
AGMJ3EMDVL6OWBJF7CA5RGJLXN5A,B0828QD9NR,Home_and_Kitchen,1597877508267
AGMJ3EMDVL6OWBJF7CA5RGJLXN5A,B085ZSMJL9,Home_and_Kitchen,1597867486693
AGMJ3EMDVL6OWBJF7CA5RGJLXN5A,B08712JC8N,Home_and_Kitchen,1591554521823
AGMJ3EMDVL6OWBJF7CA5RGJLXN5A,B09CTPBVTT,Home_and_Kitchen,1591388107534
AGMJ3EMDVL6OWBJF7CA5RGJLXN5A,B096VKZQB8,Home_and_Kitchen,1588284805477
AGMJ3EMDVL6OWBJF7CA5RGJLXN5A,B01IPJOK58,Home_and_Kitchen,1585877431223
AGMJ3EMDVL6OWBJF7CA5RGJLXN5A,B07G4L18CC,Home_and_Kitchen,1582122945114
AGMJ3EMDVL6OWBJF7CA5RGJLXN5A,B07WS2LMRC,Home_and_Kitchen,1579533011832
AGMJ3EMDVL6OWBJF7CA5RGJLXN5A,B07B2LSPVN,Home_and_Kitchen,1579299188462
AGMJ3EMDVL6OWBJF7CA5RGJLXN5A,B0048YGBPC,Home_and_Kitchen,1576123339329
AGMJ3EMDVL6OWBJF7CA5RGJLXN5A,B01C7UWCF6,Home_and_Kitchen,1573101633672
AGMJ3EMDVL6OWBJF7CA5RGJLXN5A,B09TQ9GYCW,Home_and_Kitchen,1571848748708
AGMJ3EMDVL6OWBJF7CA5RGJLXN5A,B00K9ZCQXK,Home_and_Kitchen,1570296406917
AGMJ3EMDVL6OWBJF7CA5RGJLXN5A,B00VO1HFSO,Home_and_Kitchen,1566423614512
AGMJ3EMDVL6OWBJF7CA5RGJLXN5A,B0C49DYL2W,Home_and_Kitchen,1566422074852
AGMJ3EMDVL6OWBJF7CA5RGJLXN5A,B00P1XK65U,Home_and_Kitchen,1550433210732
AGMJ3EMDVL6OWBJF7CA5RGJLXN5A,B082WPMKK3,Home_and_Kitchen,1549475871982
AGMJ3EMDVL6OWBJF7CA5RGJLXN5A,B0B6ZN86JG,Home_and_Kitchen,1549475448869
AGMJ3EMDVL6OWBJF7CA5RGJLXN5A,B01NAGLZMV,Home_and_Kitchen,1549229303685
AGMJ3EMDVL6OWBJF7CA5RGJLXN5A,B00BBA3X84,Home_and_Kitchen,1549142094873
AFWHJ6O3PV4JC7PVOJH6CPULO2KQ,B0C7WCYTSW,Home_and_Kitchen,1655752240030
AFWHJ6O3PV4JC7PVOJH6CPULO2KQ,B07HR8C9G8,Home_and_Kitchen,1655751803302
AFWHJ6O3PV4JC7PVOJH6CPULO2KQ,B09JKVB128,Home_and_Kitchen,1655751413305
AFWHJ6O3PV4JC7PVOJH6CPULO2KQ,B086VZYZ8Y,Home_and_Kitchen,1654364806622
AFWHJ6O3PV4JC7PVOJH6CPULO2KQ,B095HQQPNG,Home_and_Kitchen,1654364510202
AFWHJ6O3PV4JC7PVOJH6CPULO2KQ,B0C6V27S6N,Home_and_Kitchen,1638992593572
AFWHJ6O3PV4JC7PVOJH6CPULO2KQ,B01LA9BUS0,Home_and_Kitchen,1637899884814
AFWHJ6O3PV4JC7PVOJH6CPULO2KQ,B08GKGWBBM,Home_and_Kitchen,1628616854001
AFWHJ6O3PV4JC7PVOJH6CPULO2KQ,B01I0H144U,Home_and_Kitchen,1589298586478
AFWHJ6O3PV4JC7PVOJH6CPULO2KQ,B083JJPW42,Home_and_Kitchen,1586395060041
AFWHJ6O3PV4JC7PVOJH6CPULO2KQ,B01AXG7TK4,Home_and_Kitchen,1586394955262
AFWHJ6O3PV4JC7PVOJH6CPULO2KQ,B07HNW1YWB,Home_and_Kitchen,1544224935406
AFWHJ6O3PV4JC7PVOJH6CPULO2KQ,B000M8ZJOC,Home_and_Kitchen,1524768354033
AFWHJ6O3PV4JC7PVOJH6CPULO2KQ,B01K1TUBJ4,Home_and_Kitchen,1524768317612
AFWHJ6O3PV4JC7PVOJH6CPULO2KQ,B0BXBH95TG,Home_and_Kitchen,1524767450465
AFWHJ6O3PV4JC7PVOJH6CPULO2KQ,B002KP18FO,Home_and_Kitchen,1524337886490
AFWHJ6O3PV4JC7PVOJH6CPULO2KQ,B01N31TMGY,Home_and_Kitchen,1497504682257
AFWHJ6O3PV4JC7PVOJH6CPULO2KQ,B00TJBXXYQ,Home_and_Kitchen,1491958537000
AEZGPLOYTSAPR3DHZKKXEFPAXUAA,B07XF7VWV3,Home_and_Kitchen,1662259187865
AHCPZDDPHJE3G7M6ST5WGRPLXHOA,B07ZH1D6JN,Home_and_Kitchen,1646224569484
AHCPZDDPHJE3G7M6ST5WGRPLXHOA,B01DAI5BZ2,Home_and_Kitchen,1646224425064
AHCPZDDPHJE3G7M6ST5WGRPLXHOA,B087WK8T8T,Home_and_Kitchen,1646224162952
AHCPZDDPHJE3G7M6ST5WGRPLXHOA,B086B76YMF,Home_and_Kitchen,1646223794604
AEWJXW46LKSW22FWTGRYTLNE7TGA,B0CB16H46H,Home_and_Kitchen,1673889905847
AEWJXW46LKSW22FWTGRYTLNE7TGA,B0BH2V76RZ,Home_and_Kitchen,1673268079209
AEWJXW46LKSW22FWTGRYTLNE7TGA,B09JGDTXLB,Home_and_Kitchen,1645978379964
AEWJXW46LKSW22FWTGRYTLNE7TGA,B0BR3WRZTK,Home_and_Kitchen,1608678260143
AEWJXW46LKSW22FWTGRYTLNE7TGA,B0739SJ55P,Home_and_Kitchen,1543585266927
AEWJXW46LKSW22FWTGRYTLNE7TGA,B0B6V9BXHR,Home_and_Kitchen,1543585130703
AEWJXW46LKSW22FWTGRYTLNE7TGA,B015AV2R90,Home_and_Kitchen,1543584916353
AEWJXW46LKSW22FWTGRYTLNE7TGA,B00LAEWRZ6,Home_and_Kitchen,1543584813693
AEWJXW46LKSW22FWTGRYTLNE7TGA,B01HT8BVIK,Home_and_Kitchen,1522055879942
AEWJXW46LKSW22FWTGRYTLNE7TGA,B01NGWGHI8,Home_and_Kitchen,1515884006196
AEWJXW46LKSW22FWTGRYTLNE7TGA,B0761VZ1N8,Home_and_Kitchen,1515883087386
AEWJXW46LKSW22FWTGRYTLNE7TGA,B00BE6298A,Home_and_Kitchen,1515882410875
AEWJXW46LKSW22FWTGRYTLNE7TGA,B08YYCXXHG,Home_and_Kitchen,1488731327000
AEWJXW46LKSW22FWTGRYTLNE7TGA,B00CTFMD1S,Home_and_Kitchen,1478917205000
AGGSCAW3HMSA3LCLZWVHJUMMJRSQ,B0BY6QBGSS,Home_and_Kitchen,1604434424162
AH6PDU5N7P7TLLVFHCY64IFV7HIQ,B0C5NQBLRX,Home_and_Kitchen,1655681326142
AH6PDU5N7P7TLLVFHCY64IFV7HIQ,B0983LZT8G,Home_and_Kitchen,1652313458206
AH6PDU5N7P7TLLVFHCY64IFV7HIQ,B09LV4GBN7,Home_and_Kitchen,1649603289901
AH6PDU5N7P7TLLVFHCY64IFV7HIQ,B0861QZ4JL,Home_and_Kitchen,1624640352060
AH6PDU5N7P7TLLVFHCY64IFV7HIQ,B0BNLGS8VL,Home_and_Kitchen,1539806700148
AHDZ3PFHIGTE7EOQBUMVRBFRMWJQ,B07VV31PHP,Home_and_Kitchen,1647207008960
AHDZ3PFHIGTE7EOQBUMVRBFRMWJQ,B005LXFJJ8,Home_and_Kitchen,1647206229581
AGCS6HSZBL6OPU4V4LD5H6GMBC4Q,B082HDYGMV,Home_and_Kitchen,1615146750805
AHXBL3QDWZGJYH7A5CMPFNUPMF7Q,B083KKRZY9,Home_and_Kitchen,1674528548935
AHXBL3QDWZGJYH7A5CMPFNUPMF7Q,B0BHNDZL9G,Home_and_Kitchen,1637000334252
AHXBL3QDWZGJYH7A5CMPFNUPMF7Q,B075R15ZSG,Home_and_Kitchen,1611072922321
AHXBL3QDWZGJYH7A5CMPFNUPMF7Q,B09Y2XK5T4,Home_and_Kitchen,1608827468125
AHXBL3QDWZGJYH7A5CMPFNUPMF7Q,B00PELIAPC,Home_and_Kitchen,1589057785415
AHXBL3QDWZGJYH7A5CMPFNUPMF7Q,B07BXSZNJW,Home_and_Kitchen,1564789442061
AHXBL3QDWZGJYH7A5CMPFNUPMF7Q,B08G4MF43D,Home_and_Kitchen,1545579638502
AHXBL3QDWZGJYH7A5CMPFNUPMF7Q,B07JFRW2TX,Home_and_Kitchen,1542241741568
AHXBL3QDWZGJYH7A5CMPFNUPMF7Q,B0078SDKWW,Home_and_Kitchen,1509496881991
AHXBL3QDWZGJYH7A5CMPFNUPMF7Q,B08B46Z6RW,Home_and_Kitchen,1481244161000
AHXBL3QDWZGJYH7A5CMPFNUPMF7Q,B00CPB3R16,Home_and_Kitchen,1480986174000
AHXBL3QDWZGJYH7A5CMPFNUPMF7Q,B00OPWA46Y,Home_and_Kitchen,1462674283000
AGPR2UDFIJJCBA3EKFEEAJBWKROQ,B0BXJ3WR3T,Home_and_Kitchen,1671550186346
AGPR2UDFIJJCBA3EKFEEAJBWKROQ,B0C88ZS9G7,Home_and_Kitchen,1635960036346
AGPR2UDFIJJCBA3EKFEEAJBWKROQ,B089TNN8XQ,Home_and_Kitchen,1635515429746
AGPR2UDFIJJCBA3EKFEEAJBWKROQ,B07H28FJ9D,Home_and_Kitchen,1631575721783
AGPR2UDFIJJCBA3EKFEEAJBWKROQ,B0B1VW993M,Home_and_Kitchen,1609168784977
AGPR2UDFIJJCBA3EKFEEAJBWKROQ,B09F5KW7HV,Home_and_Kitchen,1607618501869
AGPR2UDFIJJCBA3EKFEEAJBWKROQ,B08B88BFVK,Home_and_Kitchen,1569334353835
AGPR2UDFIJJCBA3EKFEEAJBWKROQ,B07RVDLJFS,Home_and_Kitchen,1567888679112
AGPR2UDFIJJCBA3EKFEEAJBWKROQ,B0B8ZG4Z5G,Home_and_Kitchen,1534096421976
AGPR2UDFIJJCBA3EKFEEAJBWKROQ,B09Q7Y8T6W,Home_and_Kitchen,1531157065133
AGPR2UDFIJJCBA3EKFEEAJBWKROQ,B0BH5MSH1Y,Home_and_Kitchen,1527864369746
AGPR2UDFIJJCBA3EKFEEAJBWKROQ,B0026RI1EW,Home_and_Kitchen,1527864065908
AGPR2UDFIJJCBA3EKFEEAJBWKROQ,B09NKSDNN3,Home_and_Kitchen,1522336102036
AG6BAEKWLCWH2TW3KKLVK773YF6A,B001XHXF4M,Home_and_Kitchen,1625439188957
AFAALG5D7CXVXASDADMX2INQH4OA,B07NTK544Y,Home_and_Kitchen,1576704475933
AHOEIYJJHZ7ITX75BOFQYNXVVJQQ,B0C2GSHLRN,Home_and_Kitchen,1677845366734
AHOEIYJJHZ7ITX75BOFQYNXVVJQQ,B08YY9QDZD,Home_and_Kitchen,1672810820477
AHOEIYJJHZ7ITX75BOFQYNXVVJQQ,B00006IBLK,Home_and_Kitchen,1671289475382
AHOEIYJJHZ7ITX75BOFQYNXVVJQQ,B0B12K12S3,Home_and_Kitchen,1623948317921
AHOEIYJJHZ7ITX75BOFQYNXVVJQQ,B07XPFWM5Q,Home_and_Kitchen,1620265564056
AHOEIYJJHZ7ITX75BOFQYNXVVJQQ,B08PCKW33W,Home_and_Kitchen,1614695296178
AHEZIVRGCNRMZSGHJHORIETQJSOA,B073QVNX1W,Home_and_Kitchen,1608666627606
AHEZIVRGCNRMZSGHJHORIETQJSOA,B077G9XG9F,Home_and_Kitchen,1608080081537
AHEZIVRGCNRMZSGHJHORIETQJSOA,B014PZF8DE,Home_and_Kitchen,1603387119643
AHEZIVRGCNRMZSGHJHORIETQJSOA,B07P45ZW7B,Home_and_Kitchen,1576690205900
AGFNKUPLGHJ7X5IRLMJBDIMCLMKA,B09N967KN7,Home_and_Kitchen,1649425121165
AGFNKUPLGHJ7X5IRLMJBDIMCLMKA,B01HEPY216,Home_and_Kitchen,1542511502373
AHLC5H2CEWSAOXOA53VIIROLPZKA,B0BJVLR3SV,Home_and_Kitchen,1678914558804
AHLC5H2CEWSAOXOA53VIIROLPZKA,B0CBHP9NJH,Home_and_Kitchen,1678914460445
AHLC5H2CEWSAOXOA53VIIROLPZKA,B0C58YSWLT,Home_and_Kitchen,1669835153080
AHLC5H2CEWSAOXOA53VIIROLPZKA,B09DYMTCYV,Home_and_Kitchen,1666099011000
AHLC5H2CEWSAOXOA53VIIROLPZKA,B0B4SGGHVK,Home_and_Kitchen,1665254144716
AHLC5H2CEWSAOXOA53VIIROLPZKA,B08JPHZ37L,Home_and_Kitchen,1657218449709
AHLC5H2CEWSAOXOA53VIIROLPZKA,B08ZSZR849,Home_and_Kitchen,1640371624048
AHLC5H2CEWSAOXOA53VIIROLPZKA,B07P4KYJ4B,Home_and_Kitchen,1604065462449
AHLC5H2CEWSAOXOA53VIIROLPZKA,B0BP9QCWQX,Home_and_Kitchen,1596553717755
AHLC5H2CEWSAOXOA53VIIROLPZKA,B003DTMXJ6,Home_and_Kitchen,1459333169000
AEQAYV7RXZEBXMQIQPL6KCT2CFWQ,B07D5NMVV4,Home_and_Kitchen,1666811951444
AEQAYV7RXZEBXMQIQPL6KCT2CFWQ,B07P7R747Z,Home_and_Kitchen,1644696896953
AEQAYV7RXZEBXMQIQPL6KCT2CFWQ,B07PB1MTTW,Home_and_Kitchen,1644696737145
AEQAYV7RXZEBXMQIQPL6KCT2CFWQ,B0B1Q1WHNP,Home_and_Kitchen,1644696588834
AEQAYV7RXZEBXMQIQPL6KCT2CFWQ,B08119TMBX,Home_and_Kitchen,1642723517058
AEQAYV7RXZEBXMQIQPL6KCT2CFWQ,B08CY3BZZ5,Home_and_Kitchen,1642722721911
AEQAYV7RXZEBXMQIQPL6KCT2CFWQ,B09LVWR2HD,Home_and_Kitchen,1642721745098
AEQAYV7RXZEBXMQIQPL6KCT2CFWQ,B07JZH715P,Home_and_Kitchen,1642721664915
AEQAYV7RXZEBXMQIQPL6KCT2CFWQ,B0C8BND39H,Home_and_Kitchen,1588678764032
AEQAYV7RXZEBXMQIQPL6KCT2CFWQ,B07RYDN772,Home_and_Kitchen,1582477167789
AEQAYV7RXZEBXMQIQPL6KCT2CFWQ,B01HKI3BDM,Home_and_Kitchen,1582476646515
AEQAYV7RXZEBXMQIQPL6KCT2CFWQ,B000FFRZ26,Home_and_Kitchen,1565312317828
AEQAYV7RXZEBXMQIQPL6KCT2CFWQ,B0B2CRMWBP,Home_and_Kitchen,1565309558253
AEQAYV7RXZEBXMQIQPL6KCT2CFWQ,B071CZ4N22,Home_and_Kitchen,1565308678033
AFNT6ZJCYQN3WDIKUSWHJDXNND2Q,B003YKGR5U,Home_and_Kitchen,1661349530622
AFNT6ZJCYQN3WDIKUSWHJDXNND2Q,B07VNGWMY2,Home_and_Kitchen,1660885673795
AFNT6ZJCYQN3WDIKUSWHJDXNND2Q,B0746N6GVW,Home_and_Kitchen,1573344914583
AFNT6ZJCYQN3WDIKUSWHJDXNND2Q,B01DP053VC,Home_and_Kitchen,1569528905992
AFNT6ZJCYQN3WDIKUSWHJDXNND2Q,B0C8PFSX3Q,Home_and_Kitchen,1569528617759
AFNT6ZJCYQN3WDIKUSWHJDXNND2Q,B0BHXY3ZW5,Home_and_Kitchen,1569528478292
AFNT6ZJCYQN3WDIKUSWHJDXNND2Q,B07VCDHQVM,Home_and_Kitchen,1569527970326
AFNT6ZJCYQN3WDIKUSWHJDXNND2Q,B07CJTX2YB,Home_and_Kitchen,1561179771993
AFNT6ZJCYQN3WDIKUSWHJDXNND2Q,B07F22S9JC,Home_and_Kitchen,1545511178042
AFNT6ZJCYQN3WDIKUSWHJDXNND2Q,B071X6TT28,Home_and_Kitchen,1535138351004
AFNT6ZJCYQN3WDIKUSWHJDXNND2Q,B001IU1Z28,Home_and_Kitchen,1535138281861
AFNT6ZJCYQN3WDIKUSWHJDXNND2Q,B01N5G3XSD,Home_and_Kitchen,1513808061768
AFNT6ZJCYQN3WDIKUSWHJDXNND2Q,B00COK3FD8,Home_and_Kitchen,1453308704000
AFNT6ZJCYQN3WDIKUSWHJDXNND2Q,B002IT6VVS,Home_and_Kitchen,1442178183000
AFNT6ZJCYQN3WDIKUSWHJDXNND2Q,B00GHKSOIM,Home_and_Kitchen,1441726212000
AHUVQ4UNB2JGV6MY4ZT75SZLPUBQ,B0BNN2H65V,Home_and_Kitchen,1672624259043
AHUVQ4UNB2JGV6MY4ZT75SZLPUBQ,B09YNB8H8N,Home_and_Kitchen,1672624166470
AHUVQ4UNB2JGV6MY4ZT75SZLPUBQ,B07VP2SPRZ,Home_and_Kitchen,1603156025259
AHUVQ4UNB2JGV6MY4ZT75SZLPUBQ,B0837S1WQS,Home_and_Kitchen,1602028589805
AF232QQ7UDHGQOVR6LZ3X7ZVQ3ZA,B07Z4RCSHQ,Home_and_Kitchen,1594561116980
AF232QQ7UDHGQOVR6LZ3X7ZVQ3ZA,B07HS1C6Z7,Home_and_Kitchen,1547690079519
AF232QQ7UDHGQOVR6LZ3X7ZVQ3ZA,B00EHJNKPW,Home_and_Kitchen,1515980742005
AEVPPTMG43C6GWSR7I2UGRQN7WFQ,B09KY1JDKJ,Home_and_Kitchen,1673643003013
AEVPPTMG43C6GWSR7I2UGRQN7WFQ,B09VRRQTPF,Home_and_Kitchen,1661050378184
AEVPPTMG43C6GWSR7I2UGRQN7WFQ,B0BW1FWJ6R,Home_and_Kitchen,1657149742704
AEVPPTMG43C6GWSR7I2UGRQN7WFQ,B0B8637LGJ,Home_and_Kitchen,1656797893916
AEVPPTMG43C6GWSR7I2UGRQN7WFQ,B09V4R6847,Home_and_Kitchen,1656788184346
AEVPPTMG43C6GWSR7I2UGRQN7WFQ,B082HDQ7GF,Home_and_Kitchen,1652460122503
AEVPPTMG43C6GWSR7I2UGRQN7WFQ,B0197TI1MI,Home_and_Kitchen,1638907334195
AEVPPTMG43C6GWSR7I2UGRQN7WFQ,B00GIPIM1U,Home_and_Kitchen,1619541058983
AEVPPTMG43C6GWSR7I2UGRQN7WFQ,B08G865556,Home_and_Kitchen,1619228339481
AEVPPTMG43C6GWSR7I2UGRQN7WFQ,B09C3L76GL,Home_and_Kitchen,1617035583686
AEVPPTMG43C6GWSR7I2UGRQN7WFQ,B0BC3WZ74M,Home_and_Kitchen,1610832227162
AEVPPTMG43C6GWSR7I2UGRQN7WFQ,B07K2Q3LQ4,Home_and_Kitchen,1610832077168
AEVPPTMG43C6GWSR7I2UGRQN7WFQ,B0C3V21QTY,Home_and_Kitchen,1607980404153
AEVPPTMG43C6GWSR7I2UGRQN7WFQ,B07XPTD1JJ,Home_and_Kitchen,1603656542401
AHREXOGQPZDA6354MHH4ETSF3MCQ,B09D313BHW,Home_and_Kitchen,1677472592376
AHREXOGQPZDA6354MHH4ETSF3MCQ,B07ZLH46F6,Home_and_Kitchen,1669962010749
AHREXOGQPZDA6354MHH4ETSF3MCQ,B084CTXDGJ,Home_and_Kitchen,1669597724306
AHREXOGQPZDA6354MHH4ETSF3MCQ,B09X743HP8,Home_and_Kitchen,1667239326300
AHREXOGQPZDA6354MHH4ETSF3MCQ,B0BJJTFM7D,Home_and_Kitchen,1652707496856
AHREXOGQPZDA6354MHH4ETSF3MCQ,B07DRCDQNY,Home_and_Kitchen,1639011991741
AHREXOGQPZDA6354MHH4ETSF3MCQ,B09BTNM5BG,Home_and_Kitchen,1638851216784
AHREXOGQPZDA6354MHH4ETSF3MCQ,B08Y6TRSH3,Home_and_Kitchen,1629999121113
AHREXOGQPZDA6354MHH4ETSF3MCQ,B08SHFR1X2,Home_and_Kitchen,1625665625005
AHREXOGQPZDA6354MHH4ETSF3MCQ,B095YSSWZM,Home_and_Kitchen,1625665285414
AHREXOGQPZDA6354MHH4ETSF3MCQ,B08929YYMS,Home_and_Kitchen,1621866306362
AHREXOGQPZDA6354MHH4ETSF3MCQ,B098K6ZWJ5,Home_and_Kitchen,1621189397507
AHREXOGQPZDA6354MHH4ETSF3MCQ,B0B6ZJJQ6C,Home_and_Kitchen,1620136637972
AHREXOGQPZDA6354MHH4ETSF3MCQ,B08VHSN9KC,Home_and_Kitchen,1619525063395
AHREXOGQPZDA6354MHH4ETSF3MCQ,B07VPXC2YB,Home_and_Kitchen,1616421759095
AHREXOGQPZDA6354MHH4ETSF3MCQ,B071KQC456,Home_and_Kitchen,1612725190400
AHREXOGQPZDA6354MHH4ETSF3MCQ,B077K3T8BM,Home_and_Kitchen,1595904225242
AHREXOGQPZDA6354MHH4ETSF3MCQ,B07PVXXRGW,Home_and_Kitchen,1589993661008
AHREXOGQPZDA6354MHH4ETSF3MCQ,B07H9R75WH,Home_and_Kitchen,1589992874487
AHSXXZHYMXDRVKC643TJZYQ7XGYA,B087BQWYC7,Home_and_Kitchen,1672695137604
AHSXXZHYMXDRVKC643TJZYQ7XGYA,B0BMQTMYNJ,Home_and_Kitchen,1670646910234
AHSXXZHYMXDRVKC643TJZYQ7XGYA,B0B4NPVBS7,Home_and_Kitchen,1664846088147
AHSXXZHYMXDRVKC643TJZYQ7XGYA,B08Q8K6BGG,Home_and_Kitchen,1612630685617
AHSXXZHYMXDRVKC643TJZYQ7XGYA,B09DGH8VGR,Home_and_Kitchen,1588035234729
AHSXXZHYMXDRVKC643TJZYQ7XGYA,B07GR1MDVC,Home_and_Kitchen,1553434995702
AGGZ357AO26RQZVRLGU4D4N52DZQ,B013488XFS,Movies_and_TV,1440385637000
AGKASBHYZPGTEPO6LWZPVJWB2BVA,B00CB6VTDS,Movies_and_TV,1461100610000
AG2L7H23R5LLKDKLBEF2Q3L2MVDA,B096Z8Z3R6,Movies_and_TV,1646271834582
AG2L7H23R5LLKDKLBEF2Q3L2MVDA,B09M14D9FZ,Movies_and_TV,1645937761864
AG2L7H23R5LLKDKLBEF2Q3L2MVDA,B001H1SVZC,Movies_and_TV,1590639227074
AG2L7H23R5LLKDKLBEF2Q3L2MVDA,B06WVW16WY,Movies_and_TV,1586999747540
AGCI7FAH4GL5FI65HYLKWTMFZ2CQ,B07RXM26FG,Movies_and_TV,1569734232700
AGCI7FAH4GL5FI65HYLKWTMFZ2CQ,B01BZ4DOGQ,Movies_and_TV,1493616276000
AGXVBIUFLFGMVLATYXHJYL4A5Q7Q,B00271DNP4,Movies_and_TV,1530556520803
AGXVBIUFLFGMVLATYXHJYL4A5Q7Q,B002DQDV6Y,Movies_and_TV,1530556502815
AGXVBIUFLFGMVLATYXHJYL4A5Q7Q,B01LWY8995,Movies_and_TV,1485870227000
AGXVBIUFLFGMVLATYXHJYL4A5Q7Q,B01MRH2QPD,Movies_and_TV,1483450350000
AGXVBIUFLFGMVLATYXHJYL4A5Q7Q,B01AMUSHAC,Movies_and_TV,1476708291000
AGXVBIUFLFGMVLATYXHJYL4A5Q7Q,B00OI7J214,Movies_and_TV,1446579637000
AGXVBIUFLFGMVLATYXHJYL4A5Q7Q,B016JGYSRY,Movies_and_TV,1445968640000
AGXVBIUFLFGMVLATYXHJYL4A5Q7Q,B0091VXC54,Movies_and_TV,1443550066000
AGXVBIUFLFGMVLATYXHJYL4A5Q7Q,B0002J58ME,Movies_and_TV,1146713492000
AFTC6ZR5IKNRDG5JCPVNVMU3XV2Q,B019E6TOGQ,Movies_and_TV,1599158697483
AHITBJSS7KYUBVZPX7M2WJCOIVKQ,B079FLYB41,Movies_and_TV,1560014052867
AHSPLDNW5OOUK2PLH7GXLACFBZNQ,B00X9LNPHC,Movies_and_TV,1435699601000
AHTTU2FL6FCNBBAESCJHOHHSSW7A,B0779KMWG1,Movies_and_TV,1513539059497
AHTTU2FL6FCNBBAESCJHOHHSSW7A,B0188NQEQ4,Movies_and_TV,1484172316000
AHTTU2FL6FCNBBAESCJHOHHSSW7A,B00HMJT5VW,Movies_and_TV,1478307271000
AHTTU2FL6FCNBBAESCJHOHHSSW7A,B01KBKKU7G,Movies_and_TV,1474051189000
AHTTU2FL6FCNBBAESCJHOHHSSW7A,B01489N3YS,Movies_and_TV,1473295869000
AHTTU2FL6FCNBBAESCJHOHHSSW7A,B00PSLQYWE,Movies_and_TV,1436811154000
AHTTU2FL6FCNBBAESCJHOHHSSW7A,B003M6SRFO,Movies_and_TV,1431971829000
AGXFEGMNVCSTSYYA5UWXDV7AFSXA,B081FJP1YN,Movies_and_TV,1589664683619
AEFKF6R2GUSK2AWPSWRR4ZO36JVQ,B000PIU2A0,Movies_and_TV,1556496429981
AEFKF6R2GUSK2AWPSWRR4ZO36JVQ,B00C3JUJDO,Movies_and_TV,1436904206000
AEFKF6R2GUSK2AWPSWRR4ZO36JVQ,B001QTXM5Y,Movies_and_TV,1414899539000
AEFKF6R2GUSK2AWPSWRR4ZO36JVQ,B000087F7J,Movies_and_TV,1414899391000
AEFKF6R2GUSK2AWPSWRR4ZO36JVQ,B000SMNL92,Movies_and_TV,1411381209000
AEFKF6R2GUSK2AWPSWRR4ZO36JVQ,B00170LCWC,Movies_and_TV,1411381085000
AEFKF6R2GUSK2AWPSWRR4ZO36JVQ,B004HI79LO,Movies_and_TV,1411380973000
AEFKF6R2GUSK2AWPSWRR4ZO36JVQ,B0009JE6FM,Movies_and_TV,1411380915000
AEFKF6R2GUSK2AWPSWRR4ZO36JVQ,B0000WN0XM,Movies_and_TV,1411380827000
AEFKF6R2GUSK2AWPSWRR4ZO36JVQ,B001DN0UR6,Movies_and_TV,1411380699000
AEFKF6R2GUSK2AWPSWRR4ZO36JVQ,B0050I97BU,Movies_and_TV,1411380608000
AEFKF6R2GUSK2AWPSWRR4ZO36JVQ,B001JNNDRY,Movies_and_TV,1364088518000
AEFKF6R2GUSK2AWPSWRR4ZO36JVQ,B0006GVJE4,Movies_and_TV,1364088328000
AEFKF6R2GUSK2AWPSWRR4ZO36JVQ,B000TSMOEI,Movies_and_TV,1364088147000
AEFKF6R2GUSK2AWPSWRR4ZO36JVQ,B000UR9TCI,Movies_and_TV,1364088142000
AEFKF6R2GUSK2AWPSWRR4ZO36JVQ,B0007YMWFK,Movies_and_TV,1364087834000
AEFKF6R2GUSK2AWPSWRR4ZO36JVQ,B000IONJI8,Movies_and_TV,1364087832000
AEFKF6R2GUSK2AWPSWRR4ZO36JVQ,B000N4RAQA,Movies_and_TV,1364087830000
AEFKF6R2GUSK2AWPSWRR4ZO36JVQ,B000S76O2I,Movies_and_TV,1364087580000
AEFKF6R2GUSK2AWPSWRR4ZO36JVQ,B0009MAO82,Movies_and_TV,1364087577000
AEFKF6R2GUSK2AWPSWRR4ZO36JVQ,B000S76O2S,Movies_and_TV,1364087574000
AEFKF6R2GUSK2AWPSWRR4ZO36JVQ,B0002V7TYW,Movies_and_TV,1364087229000
AEFKF6R2GUSK2AWPSWRR4ZO36JVQ,B0001Z4P3M,Movies_and_TV,1364087227000
AEFKF6R2GUSK2AWPSWRR4ZO36JVQ,B000NVT0PC,Movies_and_TV,1364086276000
AEFKF6R2GUSK2AWPSWRR4ZO36JVQ,B000TLTCU4,Movies_and_TV,1360235497000
AEFKF6R2GUSK2AWPSWRR4ZO36JVQ,B0024FAD7Y,Movies_and_TV,1360235288000
AEFKF6R2GUSK2AWPSWRR4ZO36JVQ,B004RA7XZE,Movies_and_TV,1360235039000
AF4BOHAQZZBMDYP7B6IWIKQNHTCA,B0162LLCA2,Movies_and_TV,1478643328000
AF4BOHAQZZBMDYP7B6IWIKQNHTCA,B01M0S0C8M,Movies_and_TV,1478643257000
AET3VOB7PYHAKDAPEDTFGPSEE6QQ,B08Y5PJ2T1,Movies_and_TV,1621455806598
AFWHJ6O3PV4JC7PVOJH6CPULO2KQ,B001JV5BF8,Movies_and_TV,1399992093000
AFWHJ6O3PV4JC7PVOJH6CPULO2KQ,6305168857,Movies_and_TV,1388157649000
AHCPZDDPHJE3G7M6ST5WGRPLXHOA,B07QKVVKQH,Movies_and_TV,1646223891258
AHDZ3PFHIGTE7EOQBUMVRBFRMWJQ,B00G2TAAVM,Movies_and_TV,1661198785847
AHDZ3PFHIGTE7EOQBUMVRBFRMWJQ,B09JCCTWQG,Movies_and_TV,1646028191489
AG6BAEKWLCWH2TW3KKLVK773YF6A,B08JG63WP8,Movies_and_TV,1635925368163
AG6BAEKWLCWH2TW3KKLVK773YF6A,B094WZGRB4,Movies_and_TV,1621957754663
AHSXXZHYMXDRVKC643TJZYQ7XGYA,B003PIUC02,Movies_and_TV,1415217162000
AHSXXZHYMXDRVKC643TJZYQ7XGYA,B0072OFOM6,Movies_and_TV,1415216937000
AHSXXZHYMXDRVKC643TJZYQ7XGYA,B00B52FDXQ,Movies_and_TV,1415216806000
AFGUPTDFAWOHHL4LZDV27ERDNOYQ,B00RSGIVVO,Movies_and_TV,1458061435000
AFGUPTDFAWOHHL4LZDV27ERDNOYQ,B008Y5NPUU,Movies_and_TV,1456623704000
AEO4M665ZOCBF7HEFRMTUDHLSB5Q,B0049M7BES,Movies_and_TV,1325272496000
AHWRKUZUZNWALPR3HG6H3QBFEBDA,B00BBJZHIY,Movies_and_TV,1443641505000
AGHWZRZY7UYGZAYBZ2JADLTCSKKQ,B018GTUWPO,Movies_and_TV,1453747654000
AGHWZRZY7UYGZAYBZ2JADLTCSKKQ,B018HJ03UC,Movies_and_TV,1453747626000
AEUH4EH6XHROLT7UZPUYU2YKTYMA,B082GWW3WG,Movies_and_TV,1584752944608
AGI5WCODFNNY5MKGED2667RA4ZAA,B019C6X2RK,Movies_and_TV,1610478895505
AF5MJENGAL5G6BUFIVMH5LRSZ6EA,B006ZL1P84,Movies_and_TV,1604091247864
AF5MJENGAL5G6BUFIVMH5LRSZ6EA,1620336030,Movies_and_TV,1559144315534
AF5MJENGAL5G6BUFIVMH5LRSZ6EA,1632505991,Movies_and_TV,1504194047544
AF5MJENGAL5G6BUFIVMH5LRSZ6EA,1596686502,Movies_and_TV,1504193612231
AGJSTXSEWFVQWVQINO6QKMNBUUNA,B0085F78I4,Movies_and_TV,1398308448000
AGJSTXSEWFVQWVQINO6QKMNBUUNA,B008X0TMRG,Movies_and_TV,1361271917000
AFSKPY37N3C43SOI5IEXEK5JSIYA,B00E1LQEFE,Movies_and_TV,1393252120000
AFSKPY37N3C43SOI5IEXEK5JSIYA,B004XH9X4A,Movies_and_TV,1331161843000
AFSKPY37N3C43SOI5IEXEK5JSIYA,B002Q8W2W8,Movies_and_TV,1270147341000
AFSKPY37N3C43SOI5IEXEK5JSIYA,B001QMCJ14,Movies_and_TV,1240772192000
AFSKPY37N3C43SOI5IEXEK5JSIYA,0792163087,Movies_and_TV,1208560454000
AEBQTMAMKQWHOLTR4CYXKKZWXSMA,B003RFYG7I,Movies_and_TV,1406806253000
AEBQTMAMKQWHOLTR4CYXKKZWXSMA,B005V2ZFH0,Movies_and_TV,1383747629000
AGCIVNDDRX3PXIUINEG4NCRGWCRA,B0001I55Y2,Movies_and_TV,1427131004000
AGCPAPUHXYA3EEIL2KGSQTGO5HRA,B01J4SRJFW,Movies_and_TV,1484022634000
AGCPAPUHXYA3EEIL2KGSQTGO5HRA,B00Z89L6JW,Movies_and_TV,1455656412000
AGCPAPUHXYA3EEIL2KGSQTGO5HRA,B00X8UKOUK,Movies_and_TV,1436471974000
AGCPAPUHXYA3EEIL2KGSQTGO5HRA,B00I3MOU4Y,Movies_and_TV,1429222835000
AGCPAPUHXYA3EEIL2KGSQTGO5HRA,B00HY7VG9G,Movies_and_TV,1391371254000
AGCPAPUHXYA3EEIL2KGSQTGO5HRA,B00EYYKED6,Movies_and_TV,1391371224000
AFGNIWCBLQT2QIXXKIW7Q6VREZRQ,B0B8Q4NJ8C,Movies_and_TV,1674696810737
AFGNIWCBLQT2QIXXKIW7Q6VREZRQ,B08RVT4CK4,Movies_and_TV,1619470672342
AFGNIWCBLQT2QIXXKIW7Q6VREZRQ,B08X6JFYT9,Movies_and_TV,1614614265651
AFGNIWCBLQT2QIXXKIW7Q6VREZRQ,B01L3F61RQ,Movies_and_TV,1604032786016
AFGNIWCBLQT2QIXXKIW7Q6VREZRQ,B07PND31HD,Movies_and_TV,1603387122181
AFGNIWCBLQT2QIXXKIW7Q6VREZRQ,B08DX1WFWK,Movies_and_TV,1602657765478
AFGNIWCBLQT2QIXXKIW7Q6VREZRQ,B005LTHT72,Movies_and_TV,1602395728479
AFGNIWCBLQT2QIXXKIW7Q6VREZRQ,B07R6YJMW5,Movies_and_TV,1601945070933
AFGNIWCBLQT2QIXXKIW7Q6VREZRQ,B07FCSYS8G,Movies_and_TV,1601681528462
AFGNIWCBLQT2QIXXKIW7Q6VREZRQ,B07HFL11VJ,Movies_and_TV,1601680279908
AFGNIWCBLQT2QIXXKIW7Q6VREZRQ,B018JG8FX0,Movies_and_TV,1601656354433
AFGNIWCBLQT2QIXXKIW7Q6VREZRQ,B07YSZKB62,Movies_and_TV,1601569603128
AFGNIWCBLQT2QIXXKIW7Q6VREZRQ,B07FN83ZK1,Movies_and_TV,1601517601603
AFGNIWCBLQT2QIXXKIW7Q6VREZRQ,B008Y7IUBM,Movies_and_TV,1601510156882
AFGNIWCBLQT2QIXXKIW7Q6VREZRQ,B087NBS416,Movies_and_TV,1601508960441
AFGNIWCBLQT2QIXXKIW7Q6VREZRQ,B07N9KV8BX,Movies_and_TV,1601507333293
AFGNIWCBLQT2QIXXKIW7Q6VREZRQ,B085GL1T2R,Movies_and_TV,1601503056942
AFGNIWCBLQT2QIXXKIW7Q6VREZRQ,B07ZS3C4BP,Movies_and_TV,1601502831941
AFGNIWCBLQT2QIXXKIW7Q6VREZRQ,B08FF98J5B,Movies_and_TV,1601502199347
AFGNIWCBLQT2QIXXKIW7Q6VREZRQ,B07F45KGN3,Movies_and_TV,1601485733478
AFGNIWCBLQT2QIXXKIW7Q6VREZRQ,B07R9678F7,Movies_and_TV,1601063166439
AFGNIWCBLQT2QIXXKIW7Q6VREZRQ,B088GLWX9S,Movies_and_TV,1600874989039
AFGNIWCBLQT2QIXXKIW7Q6VREZRQ,B01MRK7FWF,Movies_and_TV,1600460775076
AFGNIWCBLQT2QIXXKIW7Q6VREZRQ,B08417BK5F,Movies_and_TV,1599854393899
AFGNIWCBLQT2QIXXKIW7Q6VREZRQ,B08113WVBS,Movies_and_TV,1599850162076
AFGNIWCBLQT2QIXXKIW7Q6VREZRQ,B01HCKHF4E,Movies_and_TV,1595873484759
AFGNIWCBLQT2QIXXKIW7Q6VREZRQ,B00BS4MQ0O,Movies_and_TV,1593320894161
AFGNIWCBLQT2QIXXKIW7Q6VREZRQ,B008Y6T2ME,Movies_and_TV,1591629906528
AFGNIWCBLQT2QIXXKIW7Q6VREZRQ,B07T44VDSM,Movies_and_TV,1591629452774
AFGNIWCBLQT2QIXXKIW7Q6VREZRQ,B07NSMGYGS,Movies_and_TV,1591629256806
AFGNIWCBLQT2QIXXKIW7Q6VREZRQ,B07C76DPSP,Movies_and_TV,1586380203976
AFGNIWCBLQT2QIXXKIW7Q6VREZRQ,B003PLRLFI,Movies_and_TV,1586379922146
AFGNIWCBLQT2QIXXKIW7Q6VREZRQ,B07664RXZT,Movies_and_TV,1585674854469
AFGNIWCBLQT2QIXXKIW7Q6VREZRQ,B0837J84DX,Movies_and_TV,1584555502108
AFGNIWCBLQT2QIXXKIW7Q6VREZRQ,B00X8UK5UY,Movies_and_TV,1584555245817
AFGNIWCBLQT2QIXXKIW7Q6VREZRQ,B07D4NK59Y,Movies_and_TV,1581288960514
AFGNIWCBLQT2QIXXKIW7Q6VREZRQ,B07R962PP4,Movies_and_TV,1566929597626
AFGNIWCBLQT2QIXXKIW7Q6VREZRQ,B07FMF2689,Movies_and_TV,1548991760595
AFGNIWCBLQT2QIXXKIW7Q6VREZRQ,B07FV6K8HF,Movies_and_TV,1543856225272
AFGNIWCBLQT2QIXXKIW7Q6VREZRQ,B07FLP19K1,Movies_and_TV,1543855922089
AFGNIWCBLQT2QIXXKIW7Q6VREZRQ,B07D22QPCY,Movies_and_TV,1540493746052
AFGNIWCBLQT2QIXXKIW7Q6VREZRQ,B00MR9VDDA,Movies_and_TV,1540489088380
AFGNIWCBLQT2QIXXKIW7Q6VREZRQ,B076DHQ2NS,Movies_and_TV,1539802222593
AFGNIWCBLQT2QIXXKIW7Q6VREZRQ,B073441MJ1,Movies_and_TV,1504827349403
AFGNIWCBLQT2QIXXKIW7Q6VREZRQ,B071G974CD,Movies_and_TV,1504827232527
AFGNIWCBLQT2QIXXKIW7Q6VREZRQ,B071938BXX,Movies_and_TV,1503600157171
AFUOYIZBU3MTBOLYKOJE5Z35MBDA,B0754PSVL2,Movies_and_TV,1524845495227
AG35BKPUEUMX7LV5YLOQ5YCQ3GOA,B008UY8FKK,Movies_and_TV,1514400490306
AG35BKPUEUMX7LV5YLOQ5YCQ3GOA,B000EZ7ZZO,Movies_and_TV,1514399541738
AG35BKPUEUMX7LV5YLOQ5YCQ3GOA,B01IV07S3W,Movies_and_TV,1514398835390
AG35BKPUEUMX7LV5YLOQ5YCQ3GOA,B071G3WT3H,Movies_and_TV,1514398196495
AG35BKPUEUMX7LV5YLOQ5YCQ3GOA,B003ITOLV4,Movies_and_TV,1405447819000
AG35BKPUEUMX7LV5YLOQ5YCQ3GOA,B00BY6XM5E,Movies_and_TV,1389800054000
AG35BKPUEUMX7LV5YLOQ5YCQ3GOA,B007WWRJA8,Movies_and_TV,1364585317000
AG35BKPUEUMX7LV5YLOQ5YCQ3GOA,B005IZLPMY,Movies_and_TV,1361834992000
AG35BKPUEUMX7LV5YLOQ5YCQ3GOA,B0016492BW,Movies_and_TV,1361834822000
AG35BKPUEUMX7LV5YLOQ5YCQ3GOA,B002ZG981E,Movies_and_TV,1361834659000
AG35BKPUEUMX7LV5YLOQ5YCQ3GOA,B003Y5H57E,Movies_and_TV,1361834471000
AG35BKPUEUMX7LV5YLOQ5YCQ3GOA,B001HN690O,Movies_and_TV,1361834325000
AG35BKPUEUMX7LV5YLOQ5YCQ3GOA,B004G6009K,Movies_and_TV,1361834202000
AG35BKPUEUMX7LV5YLOQ5YCQ3GOA,B006OAXL92,Movies_and_TV,1361833916000
AG35BKPUEUMX7LV5YLOQ5YCQ3GOA,B004LWZW88,Movies_and_TV,1361833474000
AG35BKPUEUMX7LV5YLOQ5YCQ3GOA,B0072GPQ72,Movies_and_TV,1361832423000
AG35BKPUEUMX7LV5YLOQ5YCQ3GOA,B004LWZWA6,Movies_and_TV,1361832147000
AG35BKPUEUMX7LV5YLOQ5YCQ3GOA,B0084IG7KC,Movies_and_TV,1361831927000
AG35BKPUEUMX7LV5YLOQ5YCQ3GOA,B001KVZ6HK,Movies_and_TV,1361831619000
AG35BKPUEUMX7LV5YLOQ5YCQ3GOA,B008XBCJ34,Movies_and_TV,1361829513000
AG35BKPUEUMX7LV5YLOQ5YCQ3GOA,B005MQWJPG,Movies_and_TV,1361828602000
AG35BKPUEUMX7LV5YLOQ5YCQ3GOA,B0055EAJ7A,Movies_and_TV,1319482842000
AHPUT3ITXCHQJO7OMF74LEMYHIVA,B01GEW31YY,Movies_and_TV,1577415562592
AHGAOIZVODNHYMNCBV4DECZH42UQ,B009NI9H6S,Movies_and_TV,1574694193395
AHGAOIZVODNHYMNCBV4DECZH42UQ,B00JHH1ZN8,Movies_and_TV,1551222425031
AHGAOIZVODNHYMNCBV4DECZH42UQ,B01HNBX082,Movies_and_TV,1524952541447
AHGAOIZVODNHYMNCBV4DECZH42UQ,B0087ITBPC,Movies_and_TV,1395944998000
AHGAOIZVODNHYMNCBV4DECZH42UQ,B002ZG98Z0,Movies_and_TV,1316886347000
AF5Z2RWMKZOTVIXDTOTYJKVJ7G2A,B00DP1D8NM,Movies_and_TV,1551236573289
AEDJZTFJDNOW6JDLMBZNK2QBN3GQ,B009VB9BZY,Movies_and_TV,1465175101000
AEDJZTFJDNOW6JDLMBZNK2QBN3GQ,B01CUVU7DQ,Movies_and_TV,1465175049000
AEDJZTFJDNOW6JDLMBZNK2QBN3GQ,B010AI9YCG,Movies_and_TV,1439758164000
AEDJZTFJDNOW6JDLMBZNK2QBN3GQ,B011I2SXNO,Movies_and_TV,1439747036000
AE7Y5RLYIKHOZB5NKKOEKYG2SPSQ,B07YTDDKSH,Movies_and_TV,1672084501595
AE72A3F2N3PVD4CJM527Z4N6CN2A,B0B6PHD9ZC,Movies_and_TV,1677878023103
AH7DSQKRNRX45EP42R364AWLJ3TQ,B007772IZY,Movies_and_TV,1401205244000
AFE7OXQ2GPXOICDFCLDEOW55SKLA,B01A03YANE,Movies_and_TV,1454286767000
AFE7OXQ2GPXOICDFCLDEOW55SKLA,B00Z89MYTI,Movies_and_TV,1436367478000
AGC3Q6IXOVLTTDMS4Q55FPYUF6FQ,B08QZN6LCM,Movies_and_TV,1614962733966
AEBEMKCZEMUFCPGTHMPVILJ7Z5VA,B07FYBZL3N,Movies_and_TV,1576272287977
AE2DWV6OPSOUHDZEZQBC2MRYAOXA,B082PP9XW1,Movies_and_TV,1634478719808
AEYS7TG2WOZAB7NLRVGTM5XZIG3Q,B005TTEG3O,Movies_and_TV,1563140630561
AEYS7TG2WOZAB7NLRVGTM5XZIG3Q,B0016MJ6HY,Movies_and_TV,1563140377746
AHY7ZJB523OPTIKXRI63PS2V6FSQ,B07L9DDCTD,Movies_and_TV,1555783366716
AHY7ZJB523OPTIKXRI63PS2V6FSQ,B0035LQYGA,Movies_and_TV,1555783308478
AHY7ZJB523OPTIKXRI63PS2V6FSQ,B07KWGPL84,Movies_and_TV,1550274935175
AHY7ZJB523OPTIKXRI63PS2V6FSQ,B0014BQQYS,Movies_and_TV,1528804510111
AHY7ZJB523OPTIKXRI63PS2V6FSQ,B00HS3PGF6,Movies_and_TV,1528804340978
AGMBLP4JLQK6M3UZQY655VZP73XA,B00VX21VR0,Movies_and_TV,1547409822906
AHZ6XMOLEWA67S3TX7IWEXXGWSOA,B00HVBB140,Movies_and_TV,1611881690290
AHZ6XMOLEWA67S3TX7IWEXXGWSOA,B00AEFXQS4,Movies_and_TV,1424460515000
AHZ6XMOLEWA67S3TX7IWEXXGWSOA,B004R6JG7G,Movies_and_TV,1424460491000
AHZ6XMOLEWA67S3TX7IWEXXGWSOA,B005ERX1Z0,Movies_and_TV,1424460427000
AHZ6XMOLEWA67S3TX7IWEXXGWSOA,B00AMSS3TU,Movies_and_TV,1424460402000
AHZ6XMOLEWA67S3TX7IWEXXGWSOA,B007N320G4,Movies_and_TV,1424460370000
AHZ6XMOLEWA67S3TX7IWEXXGWSOA,B003VJTGM0,Movies_and_TV,1406382911000
AH6ZNRRCEEWR6P34CNLQ2LRLUU3Q,B07V5X1FPH,Movies_and_TV,1583398989803
AFZUK3MTBIBEDQOPAK3OATUOUKLA,B00AY5B712,Movies_and_TV,1673286280526
AFZUK3MTBIBEDQOPAK3OATUOUKLA,B07ZWWT77T,Movies_and_TV,1669504338283
AFZUK3MTBIBEDQOPAK3OATUOUKLA,B07XGPXPRV,Movies_and_TV,1669504233803
AFZUK3MTBIBEDQOPAK3OATUOUKLA,B0B12GSRKP,Movies_and_TV,1669504115853
AFZUK3MTBIBEDQOPAK3OATUOUKLA,B00AHGUCNM,Movies_and_TV,1669504033942
AFZUK3MTBIBEDQOPAK3OATUOUKLA,B00HMC4NHK,Movies_and_TV,1669503601565
AFZUK3MTBIBEDQOPAK3OATUOUKLA,B08P7ZGLT3,Movies_and_TV,1669503392235
AFZUK3MTBIBEDQOPAK3OATUOUKLA,B08MD29NYD,Movies_and_TV,1669503195501
AFZUK3MTBIBEDQOPAK3OATUOUKLA,B01NCHA4UW,Movies_and_TV,1669503144072
AFZUK3MTBIBEDQOPAK3OATUOUKLA,B00A65G7X8,Movies_and_TV,1669503066448
AFZUK3MTBIBEDQOPAK3OATUOUKLA,B084Z2FXBJ,Movies_and_TV,1669503006594
AFZUK3MTBIBEDQOPAK3OATUOUKLA,B00AOB5G3Q,Movies_and_TV,1669502948261
AFZUK3MTBIBEDQOPAK3OATUOUKLA,B00A0SLGWS,Movies_and_TV,1669502884648
AFZUK3MTBIBEDQOPAK3OATUOUKLA,B00ETG9EAI,Movies_and_TV,1669501131211
AFZUK3MTBIBEDQOPAK3OATUOUKLA,B008947J8U,Movies_and_TV,1668178597850
AFZUK3MTBIBEDQOPAK3OATUOUKLA,B0B6NHYWP9,Movies_and_TV,1665686687505
AFZUK3MTBIBEDQOPAK3OATUOUKLA,B0B5W6R5KW,Movies_and_TV,1665686535557
AFZUK3MTBIBEDQOPAK3OATUOUKLA,B0B8T47DXM,Movies_and_TV,1665683889292
AFZUK3MTBIBEDQOPAK3OATUOUKLA,B01LVVBV9P,Movies_and_TV,1660711508411
AFZUK3MTBIBEDQOPAK3OATUOUKLA,B09YMNWZK3,Movies_and_TV,1660711291279
AFZUK3MTBIBEDQOPAK3OATUOUKLA,B0094LZOUW,Movies_and_TV,1660710064167
AFZUK3MTBIBEDQOPAK3OATUOUKLA,B008Y6XUTU,Movies_and_TV,1660709781448
AFZUK3MTBIBEDQOPAK3OATUOUKLA,B0B5M9RNVF,Movies_and_TV,1658602642003
AFZUK3MTBIBEDQOPAK3OATUOUKLA,B00IJUIY3S,Movies_and_TV,1657984530810
AFZUK3MTBIBEDQOPAK3OATUOUKLA,B09R4HC2Z1,Movies_and_TV,1656394034032
AFZUK3MTBIBEDQOPAK3OATUOUKLA,B09KG1ZX7S,Movies_and_TV,1656182772807
AFZUK3MTBIBEDQOPAK3OATUOUKLA,B08HYSMJGX,Movies_and_TV,1653961387186
AFZUK3MTBIBEDQOPAK3OATUOUKLA,B008Q0ASCQ,Movies_and_TV,1653961174603
AFZUK3MTBIBEDQOPAK3OATUOUKLA,B0199H7BT2,Movies_and_TV,1653960496956
AFZUK3MTBIBEDQOPAK3OATUOUKLA,B015SKC7KW,Movies_and_TV,1653780059302
AFZUK3MTBIBEDQOPAK3OATUOUKLA,B08GSK9Y63,Movies_and_TV,1653779689684
AFZUK3MTBIBEDQOPAK3OATUOUKLA,B09PY64YLB,Movies_and_TV,1653776934488
AFZUK3MTBIBEDQOPAK3OATUOUKLA,B09W5MVF9F,Movies_and_TV,1653776328830
AFZUK3MTBIBEDQOPAK3OATUOUKLA,B009CG96QM,Movies_and_TV,1652369520269
AFZUK3MTBIBEDQOPAK3OATUOUKLA,B008PZZUF2,Movies_and_TV,1652369225421
AFZUK3MTBIBEDQOPAK3OATUOUKLA,B01MU84AWP,Movies_and_TV,1652368997204
AFZUK3MTBIBEDQOPAK3OATUOUKLA,B0097HEPP8,Movies_and_TV,1649389446963
AFZUK3MTBIBEDQOPAK3OATUOUKLA,B009CGQT12,Movies_and_TV,1649389289469
AFZUK3MTBIBEDQOPAK3OATUOUKLA,B00901SNW2,Movies_and_TV,1649389144768
AFZUK3MTBIBEDQOPAK3OATUOUKLA,B0091W5UPS,Movies_and_TV,1649389083049
AFZUK3MTBIBEDQOPAK3OATUOUKLA,B01N3PE2PX,Movies_and_TV,1649388982316
AFZUK3MTBIBEDQOPAK3OATUOUKLA,B008Q00PP6,Movies_and_TV,1649388830828
AFZUK3MTBIBEDQOPAK3OATUOUKLA,B09Q1NZQCH,Movies_and_TV,1649388663056
AFZUK3MTBIBEDQOPAK3OATUOUKLA,B00BN4RY56,Movies_and_TV,1649388512925
AFZUK3MTBIBEDQOPAK3OATUOUKLA,B09LJXY4PH,Movies_and_TV,1646026660588
AFZUK3MTBIBEDQOPAK3OATUOUKLA,B00A3Z33YM,Movies_and_TV,1644729634467
AFZUK3MTBIBEDQOPAK3OATUOUKLA,B015NF2G6W,Movies_and_TV,1644725851324
AFZUK3MTBIBEDQOPAK3OATUOUKLA,B01ENP8SMY,Movies_and_TV,1644725817871
AFZUK3MTBIBEDQOPAK3OATUOUKLA,B00NFDFBT4,Movies_and_TV,1644725787195
AFZUK3MTBIBEDQOPAK3OATUOUKLA,B0094KTBBG,Movies_and_TV,1642229119502
AFZUK3MTBIBEDQOPAK3OATUOUKLA,B009D5VPTI,Movies_and_TV,1642228904214
AFZUK3MTBIBEDQOPAK3OATUOUKLA,B009YMNVMO,Movies_and_TV,1642228765760
AFZUK3MTBIBEDQOPAK3OATUOUKLA,B079HQTQ8Z,Movies_and_TV,1642228662227
AFZUK3MTBIBEDQOPAK3OATUOUKLA,B00YMIT76O,Movies_and_TV,1642228492127
AFZUK3MTBIBEDQOPAK3OATUOUKLA,B01H2HGUGQ,Movies_and_TV,1642228307811
AFZUK3MTBIBEDQOPAK3OATUOUKLA,B08KBSH8PF,Movies_and_TV,1642228172541
AFZUK3MTBIBEDQOPAK3OATUOUKLA,B008Y6QBMS,Movies_and_TV,1642227982199
AFZUK3MTBIBEDQOPAK3OATUOUKLA,B008Y7J372,Movies_and_TV,1642227821726
AFZUK3MTBIBEDQOPAK3OATUOUKLA,B09B4L7M2J,Movies_and_TV,1642227591376
AFZUK3MTBIBEDQOPAK3OATUOUKLA,B01HE0A904,Movies_and_TV,1642227027229
AFZUK3MTBIBEDQOPAK3OATUOUKLA,B07MJRW1FH,Movies_and_TV,1642093381073
AFZUK3MTBIBEDQOPAK3OATUOUKLA,B00BHU9CCO,Movies_and_TV,1642093226481
AFZUK3MTBIBEDQOPAK3OATUOUKLA,B0786TS93D,Movies_and_TV,1641579839618
AFZUK3MTBIBEDQOPAK3OATUOUKLA,B078XLTYXG,Movies_and_TV,1641579714770
AFZUK3MTBIBEDQOPAK3OATUOUKLA,B08H1WJYX8,Movies_and_TV,1641421414361
AFZUK3MTBIBEDQOPAK3OATUOUKLA,B01434DFYG,Movies_and_TV,1641420124571
AFZUK3MTBIBEDQOPAK3OATUOUKLA,B07SMBGGZN,Movies_and_TV,1641419935451
AFZUK3MTBIBEDQOPAK3OATUOUKLA,B009EEQO08,Movies_and_TV,1641419753828
AFZUK3MTBIBEDQOPAK3OATUOUKLA,B07WNYJV6C,Movies_and_TV,1641419558281
AFZUK3MTBIBEDQOPAK3OATUOUKLA,B01N9OSWU1,Movies_and_TV,1641418820357
AFZUK3MTBIBEDQOPAK3OATUOUKLA,B07QSQTF49,Movies_and_TV,1641418368104
AFZUK3MTBIBEDQOPAK3OATUOUKLA,B09HZ453MP,Movies_and_TV,1641418051097
AFZUK3MTBIBEDQOPAK3OATUOUKLA,B00S1VFB36,Movies_and_TV,1638068428252
AFZUK3MTBIBEDQOPAK3OATUOUKLA,B01BHDEHKM,Movies_and_TV,1632628303020
AFZUK3MTBIBEDQOPAK3OATUOUKLA,B01MAWSRC6,Movies_and_TV,1632628151630
AFZUK3MTBIBEDQOPAK3OATUOUKLA,B00A3ZJIY6,Movies_and_TV,1632626759603
AFZUK3MTBIBEDQOPAK3OATUOUKLA,B071VVJ6CC,Movies_and_TV,1627189420385
AFZUK3MTBIBEDQOPAK3OATUOUKLA,B0094M2EUE,Movies_and_TV,1627189364374
AFZUK3MTBIBEDQOPAK3OATUOUKLA,B0094M2KE4,Movies_and_TV,1627189308713
AFZUK3MTBIBEDQOPAK3OATUOUKLA,B00907ZZ22,Movies_and_TV,1627189197807
AFZUK3MTBIBEDQOPAK3OATUOUKLA,B009EEOJGO,Movies_and_TV,1627189108188
AFZUK3MTBIBEDQOPAK3OATUOUKLA,B00945XF8Q,Movies_and_TV,1621130490136
AFZUK3MTBIBEDQOPAK3OATUOUKLA,B0094KTCUQ,Movies_and_TV,1621130328461
AFZUK3MTBIBEDQOPAK3OATUOUKLA,B08GSNYRNY,Movies_and_TV,1621130225596
AFZUK3MTBIBEDQOPAK3OATUOUKLA,B019FZRVPW,Movies_and_TV,1621130077072
AFZUK3MTBIBEDQOPAK3OATUOUKLA,B01GGX2OK8,Movies_and_TV,1621129951611
AFZUK3MTBIBEDQOPAK3OATUOUKLA,B0093Q9G2U,Movies_and_TV,1621129863124
AFZUK3MTBIBEDQOPAK3OATUOUKLA,B00AHHRSJW,Movies_and_TV,1621129739483
AFZUK3MTBIBEDQOPAK3OATUOUKLA,B079LVS8NH,Movies_and_TV,1621129621926
AFZUK3MTBIBEDQOPAK3OATUOUKLA,B08VF643NQ,Movies_and_TV,1621129483338
AFZUK3MTBIBEDQOPAK3OATUOUKLA,B08VGZFG6W,Movies_and_TV,1621128941148
AFZUK3MTBIBEDQOPAK3OATUOUKLA,B00DQLN9IA,Movies_and_TV,1616532674913
AFZUK3MTBIBEDQOPAK3OATUOUKLA,B00995118C,Movies_and_TV,1616451889155
AFZUK3MTBIBEDQOPAK3OATUOUKLA,B06XCGMRDK,Movies_and_TV,1614024611829
AFZUK3MTBIBEDQOPAK3OATUOUKLA,B07ZFYX25W,Movies_and_TV,1610039499780
AFZUK3MTBIBEDQOPAK3OATUOUKLA,B009ITM1A6,Movies_and_TV,1609262406432
AFZUK3MTBIBEDQOPAK3OATUOUKLA,B0002F6BRE,Movies_and_TV,1607398123747
AFZUK3MTBIBEDQOPAK3OATUOUKLA,B075498GH2,Movies_and_TV,1607398028869
AFZUK3MTBIBEDQOPAK3OATUOUKLA,B01M03TEZO,Movies_and_TV,1607397836897
AFZUK3MTBIBEDQOPAK3OATUOUKLA,B008Y7CU6S,Movies_and_TV,1606694794697
AFZUK3MTBIBEDQOPAK3OATUOUKLA,B017Z3I9VG,Movies_and_TV,1606013060870
AFZUK3MTBIBEDQOPAK3OATUOUKLA,B00OVNUMKU,Movies_and_TV,1598657036764
AFZUK3MTBIBEDQOPAK3OATUOUKLA,B00HMDD0VO,Movies_and_TV,1598656731155
AFZUK3MTBIBEDQOPAK3OATUOUKLA,B00XOX9QCS,Movies_and_TV,1597804535828
AFZUK3MTBIBEDQOPAK3OATUOUKLA,B008XK3LPA,Movies_and_TV,1597803717820
AFZUK3MTBIBEDQOPAK3OATUOUKLA,B00009IB1D,Movies_and_TV,1596900589100
AFZUK3MTBIBEDQOPAK3OATUOUKLA,B008Y7EZYI,Movies_and_TV,1593324243419
AFZUK3MTBIBEDQOPAK3OATUOUKLA,B0091WJV2G,Movies_and_TV,1592445600400
AFZUK3MTBIBEDQOPAK3OATUOUKLA,B087CLH4GK,Movies_and_TV,1590902381568
AFZUK3MTBIBEDQOPAK3OATUOUKLA,B00HMDRK56,Movies_and_TV,1587176354090
AFZUK3MTBIBEDQOPAK3OATUOUKLA,B0094M2Z9O,Movies_and_TV,1587176253551
AFZUK3MTBIBEDQOPAK3OATUOUKLA,B00AEURTAA,Movies_and_TV,1587176153136
AFZUK3MTBIBEDQOPAK3OATUOUKLA,B018WMDQBC,Movies_and_TV,1587176029360
AFZUK3MTBIBEDQOPAK3OATUOUKLA,B082MQVRNP,Movies_and_TV,1586728648760
AFZUK3MTBIBEDQOPAK3OATUOUKLA,B00C4QLKVQ,Movies_and_TV,1586728161613
AFZUK3MTBIBEDQOPAK3OATUOUKLA,B084WPWXJF,Movies_and_TV,1586727732697
AFZUK3MTBIBEDQOPAK3OATUOUKLA,B0785YHVXM,Movies_and_TV,1586718072753
AFZUK3MTBIBEDQOPAK3OATUOUKLA,B07DRC98P1,Movies_and_TV,1586717885842
AFZUK3MTBIBEDQOPAK3OATUOUKLA,B008Y77O4G,Movies_and_TV,1586717549354
AFZUK3MTBIBEDQOPAK3OATUOUKLA,B0828FCM27,Movies_and_TV,1586716693307
AFZUK3MTBIBEDQOPAK3OATUOUKLA,B0091WQHIW,Movies_and_TV,1581017508593
AFZUK3MTBIBEDQOPAK3OATUOUKLA,B0813VMVGM,Movies_and_TV,1580927265260
AFZUK3MTBIBEDQOPAK3OATUOUKLA,B00C4QQAPC,Movies_and_TV,1580230382302
AFZUK3MTBIBEDQOPAK3OATUOUKLA,B009CGKW10,Movies_and_TV,1580230219880
AFZUK3MTBIBEDQOPAK3OATUOUKLA,B079J3XK9Y,Movies_and_TV,1580230111967
AFZUK3MTBIBEDQOPAK3OATUOUKLA,B009EEIYLA,Movies_and_TV,1579717585960
AFZUK3MTBIBEDQOPAK3OATUOUKLA,B01A3PWA22,Movies_and_TV,1579717383830
AFZUK3MTBIBEDQOPAK3OATUOUKLA,B009IU7DQC,Movies_and_TV,1579717207570
AFZUK3MTBIBEDQOPAK3OATUOUKLA,B009IU6ITK,Movies_and_TV,1579717026261
AFZUK3MTBIBEDQOPAK3OATUOUKLA,B00J0HCTDK,Movies_and_TV,1579716839303
AFZUK3MTBIBEDQOPAK3OATUOUKLA,B00LFG2UMO,Movies_and_TV,1579716751198
AFZUK3MTBIBEDQOPAK3OATUOUKLA,B0091XI3YM,Movies_and_TV,1579716690701
AFZUK3MTBIBEDQOPAK3OATUOUKLA,B0186DG8R6,Movies_and_TV,1579716480487
AFZUK3MTBIBEDQOPAK3OATUOUKLA,B00T6UD7BY,Movies_and_TV,1579716459869
AFZUK3MTBIBEDQOPAK3OATUOUKLA,B008Y7N7JW,Movies_and_TV,1579716436397
AFZUK3MTBIBEDQOPAK3OATUOUKLA,B00AGH54XK,Movies_and_TV,1579714044070
AFZUK3MTBIBEDQOPAK3OATUOUKLA,B009ITKXXS,Movies_and_TV,1578937889055
AFZUK3MTBIBEDQOPAK3OATUOUKLA,B07XJZJJS4,Movies_and_TV,1578693684417
AFZUK3MTBIBEDQOPAK3OATUOUKLA,B01MFHAP97,Movies_and_TV,1578100895697
AFZUK3MTBIBEDQOPAK3OATUOUKLA,B081774SBJ,Movies_and_TV,1578079771175
AFZUK3MTBIBEDQOPAK3OATUOUKLA,B0009X75QU,Movies_and_TV,1568245724411
AFZUK3MTBIBEDQOPAK3OATUOUKLA,0767827813,Movies_and_TV,1568245638600
AFZUK3MTBIBEDQOPAK3OATUOUKLA,B00RC481LC,Movies_and_TV,1568245369515
AFZUK3MTBIBEDQOPAK3OATUOUKLA,B00AURC22W,Movies_and_TV,1568245239765
AFZUK3MTBIBEDQOPAK3OATUOUKLA,0767821556,Movies_and_TV,1568244982946
AFZUK3MTBIBEDQOPAK3OATUOUKLA,B01M7WYY0C,Movies_and_TV,1567917614919
AFZUK3MTBIBEDQOPAK3OATUOUKLA,1419855123,Movies_and_TV,1567544020953
AFZUK3MTBIBEDQOPAK3OATUOUKLA,B00QGKWI08,Movies_and_TV,1558148952106
AFZUK3MTBIBEDQOPAK3OATUOUKLA,B00IQB4NIK,Movies_and_TV,1558117453674
AFZUK3MTBIBEDQOPAK3OATUOUKLA,B0095R7ASY,Movies_and_TV,1550432772793
AFZUK3MTBIBEDQOPAK3OATUOUKLA,B0094M2HR4,Movies_and_TV,1518495370943
AFZUK3MTBIBEDQOPAK3OATUOUKLA,B008Y6MH44,Movies_and_TV,1516299983509
AFZUK3MTBIBEDQOPAK3OATUOUKLA,B00N1JQ452,Movies_and_TV,1506363735895
AFZUK3MTBIBEDQOPAK3OATUOUKLA,B071CKB1RF,Movies_and_TV,1506363334947
AFZUK3MTBIBEDQOPAK3OATUOUKLA,B01N7K1IUQ,Movies_and_TV,1498366665692
AFZUK3MTBIBEDQOPAK3OATUOUKLA,B00906FN2K,Movies_and_TV,1489165456000
AFZUK3MTBIBEDQOPAK3OATUOUKLA,B01DX663IK,Movies_and_TV,1479621835000
AFZUK3MTBIBEDQOPAK3OATUOUKLA,B00S58LEH2,Movies_and_TV,1472509995000
AFZUK3MTBIBEDQOPAK3OATUOUKLA,B00AEFY5TI,Movies_and_TV,1472509568000
AFZUK3MTBIBEDQOPAK3OATUOUKLA,B00EPA3VA2,Movies_and_TV,1472509460000
AFZUK3MTBIBEDQOPAK3OATUOUKLA,B0047CG9F2,Movies_and_TV,1472509148000
AFZUK3MTBIBEDQOPAK3OATUOUKLA,B00025Z6BG,Movies_and_TV,1470704824000
AFZUK3MTBIBEDQOPAK3OATUOUKLA,B00025ZA6C,Movies_and_TV,1470704756000
AFZUK3MTBIBEDQOPAK3OATUOUKLA,B019PQ0IWY,Movies_and_TV,1466541961000
AFZUK3MTBIBEDQOPAK3OATUOUKLA,B0189HKELU,Movies_and_TV,1463950467000
AFZUK3MTBIBEDQOPAK3OATUOUKLA,B00NYC5II0,Movies_and_TV,1463950162000
AFZUK3MTBIBEDQOPAK3OATUOUKLA,B01AH3QSEG,Movies_and_TV,1463949843000
AFZUK3MTBIBEDQOPAK3OATUOUKLA,B0057RCFQS,Movies_and_TV,1463949592000
AFZUK3MTBIBEDQOPAK3OATUOUKLA,B003413LI0,Movies_and_TV,1461095917000
AFZUK3MTBIBEDQOPAK3OATUOUKLA,B0035V6NZM,Movies_and_TV,1452479113000
AFZUK3MTBIBEDQOPAK3OATUOUKLA,B018HIZSIA,Movies_and_TV,1452478674000
AFZUK3MTBIBEDQOPAK3OATUOUKLA,B00MP2FFL0,Movies_and_TV,1449082011000
AFZUK3MTBIBEDQOPAK3OATUOUKLA,B00BEIYMZ6,Movies_and_TV,1435623432000
AFZUK3MTBIBEDQOPAK3OATUOUKLA,B004EPZ084,Movies_and_TV,1435179010000
AFZUK3MTBIBEDQOPAK3OATUOUKLA,B00Q57FTD0,Movies_and_TV,1435178787000
AFZUK3MTBIBEDQOPAK3OATUOUKLA,B001F76OKC,Movies_and_TV,1425307821000
AFZUK3MTBIBEDQOPAK3OATUOUKLA,B00003CXIP,Movies_and_TV,1419901390000
AFZUK3MTBIBEDQOPAK3OATUOUKLA,B0010HLGZA,Movies_and_TV,1418530318000
AFZUK3MTBIBEDQOPAK3OATUOUKLA,B005S9EJ14,Movies_and_TV,1418530229000
AFZUK3MTBIBEDQOPAK3OATUOUKLA,B000AGTPUK,Movies_and_TV,1418529963000
AFZUK3MTBIBEDQOPAK3OATUOUKLA,B000HKW7E0,Movies_and_TV,1418529795000
AFZUK3MTBIBEDQOPAK3OATUOUKLA,B007STBUHI,Movies_and_TV,1418529690000
AFZUK3MTBIBEDQOPAK3OATUOUKLA,B004ADH1RI,Movies_and_TV,1418529571000
AFZUK3MTBIBEDQOPAK3OATUOUKLA,B00A81MV3U,Movies_and_TV,1418529432000
AFZUK3MTBIBEDQOPAK3OATUOUKLA,B0000VCZK2,Movies_and_TV,1418529212000
AFZUK3MTBIBEDQOPAK3OATUOUKLA,B000A7DVR2,Movies_and_TV,1418529001000
AFZUK3MTBIBEDQOPAK3OATUOUKLA,B001N3LLH4,Movies_and_TV,1418528302000
AFZUK3MTBIBEDQOPAK3OATUOUKLA,B000HEWEJO,Movies_and_TV,1418528127000
AFZUK3MTBIBEDQOPAK3OATUOUKLA,B000HT3PPG,Movies_and_TV,1418527509000
AFZUK3MTBIBEDQOPAK3OATUOUKLA,B00MMPB6R2,Movies_and_TV,1418527327000
AFZUK3MTBIBEDQOPAK3OATUOUKLA,B00005JPSM,Movies_and_TV,1418452882000
AFZUK3MTBIBEDQOPAK3OATUOUKLA,B008UY8FI2,Movies_and_TV,1418452680000
AFZUK3MTBIBEDQOPAK3OATUOUKLA,B003ASLJO0,Movies_and_TV,1418452478000
AFZUK3MTBIBEDQOPAK3OATUOUKLA,B000ICZD4I,Movies_and_TV,1418452257000
AFZUK3MTBIBEDQOPAK3OATUOUKLA,B004UXUX4Q,Movies_and_TV,1418452129000
AFZUK3MTBIBEDQOPAK3OATUOUKLA,B00028HBES,Movies_and_TV,1418451653000
AFZUK3MTBIBEDQOPAK3OATUOUKLA,B00447L4KA,Movies_and_TV,1418451529000
AFZUK3MTBIBEDQOPAK3OATUOUKLA,B001O5LVPI,Movies_and_TV,1418451394000
AFZUK3MTBIBEDQOPAK3OATUOUKLA,B0042816YK,Movies_and_TV,1418451223000
AFZUK3MTBIBEDQOPAK3OATUOUKLA,B0057FGCJQ,Movies_and_TV,1418450839000
AFZUK3MTBIBEDQOPAK3OATUOUKLA,B0001Z3TXE,Movies_and_TV,1418450727000
AFZUK3MTBIBEDQOPAK3OATUOUKLA,B005F2JRUC,Movies_and_TV,1418450555000
AFZUK3MTBIBEDQOPAK3OATUOUKLA,B00008G7UF,Movies_and_TV,1418450298000
AFZUK3MTBIBEDQOPAK3OATUOUKLA,B0049B748M,Movies_and_TV,1418450069000
AFZUK3MTBIBEDQOPAK3OATUOUKLA,B000053VAZ,Movies_and_TV,1418449905000
AFZUK3MTBIBEDQOPAK3OATUOUKLA,B001DPHDBA,Movies_and_TV,1418449706000
AFZUK3MTBIBEDQOPAK3OATUOUKLA,B00005LOKR,Movies_and_TV,1418449570000
AFZUK3MTBIBEDQOPAK3OATUOUKLA,B00008OE4W,Movies_and_TV,1418449360000
AFZUK3MTBIBEDQOPAK3OATUOUKLA,B00386EZUY,Movies_and_TV,1418449161000
AFZUK3MTBIBEDQOPAK3OATUOUKLA,B000OA8OK4,Movies_and_TV,1418448828000
AFZUK3MTBIBEDQOPAK3OATUOUKLA,B00I9TDLUK,Movies_and_TV,1418448625000
AFZUK3MTBIBEDQOPAK3OATUOUKLA,B00AEFXK44,Movies_and_TV,1418446901000
AFZUK3MTBIBEDQOPAK3OATUOUKLA,B0001I55Y2,Movies_and_TV,1418446690000
AFZUK3MTBIBEDQOPAK3OATUOUKLA,B00AO686JC,Movies_and_TV,1418446619000
AFZUK3MTBIBEDQOPAK3OATUOUKLA,B00AEFXPMG,Movies_and_TV,1418446499000
AFZUK3MTBIBEDQOPAK3OATUOUKLA,B00DDT0JB0,Movies_and_TV,1418446351000
AFZUK3MTBIBEDQOPAK3OATUOUKLA,B005IX3C90,Movies_and_TV,1418446241000
AFZUK3MTBIBEDQOPAK3OATUOUKLA,B00JKKP15A,Movies_and_TV,1418446116000
AFZUK3MTBIBEDQOPAK3OATUOUKLA,B00NXPGVU2,Movies_and_TV,1414603852000
AFZUK3MTBIBEDQOPAK3OATUOUKLA,B00O9H57BW,Movies_and_TV,1414603606000
AFZUK3MTBIBEDQOPAK3OATUOUKLA,B00439FV0S,Movies_and_TV,1410134809000
AFZUK3MTBIBEDQOPAK3OATUOUKLA,B001E75QH0,Movies_and_TV,1406237425000
AFZUK3MTBIBEDQOPAK3OATUOUKLA,B001D7T6CC,Movies_and_TV,1402698850000
AFZUK3MTBIBEDQOPAK3OATUOUKLA,B0038M2AZA,Movies_and_TV,1401665174000
AFZUK3MTBIBEDQOPAK3OATUOUKLA,B002N57KG2,Movies_and_TV,1400463814000
AFZUK3MTBIBEDQOPAK3OATUOUKLA,B003VRJ89S,Movies_and_TV,1400462924000
AFZUK3MTBIBEDQOPAK3OATUOUKLA,B00407PNY2,Movies_and_TV,1400460475000
AFZUK3MTBIBEDQOPAK3OATUOUKLA,B000ATQYTC,Movies_and_TV,1397779846000
AFZUK3MTBIBEDQOPAK3OATUOUKLA,B008JFUQ16,Movies_and_TV,1395199936000
AFZUK3MTBIBEDQOPAK3OATUOUKLA,B00G5G7EXY,Movies_and_TV,1395199854000
AFZUK3MTBIBEDQOPAK3OATUOUKLA,B00E5I2MCM,Movies_and_TV,1394990650000
AFZUK3MTBIBEDQOPAK3OATUOUKLA,B008JFUS5A,Movies_and_TV,1394990600000
AFZUK3MTBIBEDQOPAK3OATUOUKLA,B00001QEBQ,Movies_and_TV,1394990571000
AFZUK3MTBIBEDQOPAK3OATUOUKLA,B001EBV0OY,Movies_and_TV,1394989980000
AFZUK3MTBIBEDQOPAK3OATUOUKLA,B0036BK6MW,Movies_and_TV,1394989956000
AFZUK3MTBIBEDQOPAK3OATUOUKLA,B00AEFY0F2,Movies_and_TV,1394989939000
AFZUK3MTBIBEDQOPAK3OATUOUKLA,B000T433CO,Movies_and_TV,1394989915000
AFZUK3MTBIBEDQOPAK3OATUOUKLA,B000P0J0EM,Movies_and_TV,1394989872000
AFZUK3MTBIBEDQOPAK3OATUOUKLA,B005COPWZW,Movies_and_TV,1394989850000
AFZUK3MTBIBEDQOPAK3OATUOUKLA,B00005JN5E,Movies_and_TV,1394989816000
AFZUK3MTBIBEDQOPAK3OATUOUKLA,B00AEBB8NI,Movies_and_TV,1394989803000
AFZUK3MTBIBEDQOPAK3OATUOUKLA,B0013BM63O,Movies_and_TV,1394989783000
AFZUK3MTBIBEDQOPAK3OATUOUKLA,B001KVZ6FW,Movies_and_TV,1394404556000
AFZUK3MTBIBEDQOPAK3OATUOUKLA,B0050MB43A,Movies_and_TV,1394404024000
AFZUK3MTBIBEDQOPAK3OATUOUKLA,B0054NRPMO,Movies_and_TV,1394403407000
AFZUK3MTBIBEDQOPAK3OATUOUKLA,B004EPZ06G,Movies_and_TV,1394403134000
AFZUK3MTBIBEDQOPAK3OATUOUKLA,B004LWZW9W,Movies_and_TV,1394402874000
AFZUK3MTBIBEDQOPAK3OATUOUKLA,B0007UDC80,Movies_and_TV,1394402647000
AFZUK3MTBIBEDQOPAK3OATUOUKLA,B0038N9X3Q,Movies_and_TV,1394402294000
AFZUK3MTBIBEDQOPAK3OATUOUKLA,B004EPZ01G,Movies_and_TV,1394402137000
AFZUK3MTBIBEDQOPAK3OATUOUKLA,B00139W3NE,Movies_and_TV,1394163329000
AFZUK3MTBIBEDQOPAK3OATUOUKLA,B00005RRG7,Movies_and_TV,1394163192000
AFZUK3MTBIBEDQOPAK3OATUOUKLA,B001F8IL84,Movies_and_TV,1394163129000
AFZUK3MTBIBEDQOPAK3OATUOUKLA,B001O5390I,Movies_and_TV,1394163009000
AFZUK3MTBIBEDQOPAK3OATUOUKLA,B0012KJ0DK,Movies_and_TV,1394162736000
AFZUK3MTBIBEDQOPAK3OATUOUKLA,B000YAGWL2,Movies_and_TV,1394162604000
AFZUK3MTBIBEDQOPAK3OATUOUKLA,B00005JKU0,Movies_and_TV,1392044137000
AFZUK3MTBIBEDQOPAK3OATUOUKLA,B00005JPT0,Movies_and_TV,1392043746000
AFZUK3MTBIBEDQOPAK3OATUOUKLA,B0083SBMBM,Movies_and_TV,1386640741000
AFZUK3MTBIBEDQOPAK3OATUOUKLA,B003Q6D2B4,Movies_and_TV,1386640676000
AFZUK3MTBIBEDQOPAK3OATUOUKLA,B00EL6AAEU,Movies_and_TV,1385250445000
AFZUK3MTBIBEDQOPAK3OATUOUKLA,B000ATQYWY,Movies_and_TV,1385247929000
AFZUK3MTBIBEDQOPAK3OATUOUKLA,B000A9QK7I,Movies_and_TV,1384374865000
AFZUK3MTBIBEDQOPAK3OATUOUKLA,B00AEFXD1O,Movies_and_TV,1384374733000
AFZUK3MTBIBEDQOPAK3OATUOUKLA,B0064MT1FI,Movies_and_TV,1383612493000
AFZUK3MTBIBEDQOPAK3OATUOUKLA,B008GFI3EG,Movies_and_TV,1373303472000
AFZUK3MTBIBEDQOPAK3OATUOUKLA,B004QL7K6G,Movies_and_TV,1367621891000
AFZUK3MTBIBEDQOPAK3OATUOUKLA,B003361WQ4,Movies_and_TV,1367621823000
AFZUK3MTBIBEDQOPAK3OATUOUKLA,B00622BZFE,Movies_and_TV,1367621496000
AFZUK3MTBIBEDQOPAK3OATUOUKLA,B000056HE9,Movies_and_TV,1361066927000
AFZUK3MTBIBEDQOPAK3OATUOUKLA,B000ERVJPY,Movies_and_TV,1153733193000
AE2TA5GQH4JI5RQ4W5H5PQOVYBGA,B08Z8CXGXC,Movies_and_TV,1621445002498
AHFURURV4H35BXUUTXYMJYA36CTQ,B07LCY3BG4,Movies_and_TV,1555609267019
AHFURURV4H35BXUUTXYMJYA36CTQ,B006RH3QPQ,Movies_and_TV,1496279226000
AFETVW7S5M4LVJ7GTWPCKT7S3YBQ,B07B3R71YZ,Movies_and_TV,1537415312279
AFDZTUGGQIHCVV2AQ5B2Y22KPVRQ,B085LR3ZHX,Movies_and_TV,1666756239498
AFDZTUGGQIHCVV2AQ5B2Y22KPVRQ,B09R8QPNKG,Movies_and_TV,1652318372529
AFDZTUGGQIHCVV2AQ5B2Y22KPVRQ,B091JVMLDM,Movies_and_TV,1648793917547
AFDZTUGGQIHCVV2AQ5B2Y22KPVRQ,B08WJHKH5T,Movies_and_TV,1648318744720
AFDZTUGGQIHCVV2AQ5B2Y22KPVRQ,B09KKKRSH7,Movies_and_TV,1647659360159
AFDZTUGGQIHCVV2AQ5B2Y22KPVRQ,B09P9JPGWK,Movies_and_TV,1645430835936
AFDZTUGGQIHCVV2AQ5B2Y22KPVRQ,B098XBFPLN,Movies_and_TV,1626665284817
AFDZTUGGQIHCVV2AQ5B2Y22KPVRQ,B08GM3YTP9,Movies_and_TV,1625797142488
AFDZTUGGQIHCVV2AQ5B2Y22KPVRQ,B01CRSNQL2,Movies_and_TV,1625707290801
AFDZTUGGQIHCVV2AQ5B2Y22KPVRQ,B000I3UR1G,Movies_and_TV,1625520102151
AFDZTUGGQIHCVV2AQ5B2Y22KPVRQ,B077P83MJH,Movies_and_TV,1615700996007
AFDZTUGGQIHCVV2AQ5B2Y22KPVRQ,B010BK59O0,Movies_and_TV,1615011961360
AFDZTUGGQIHCVV2AQ5B2Y22KPVRQ,B088XTRN9N,Movies_and_TV,1613908852055
AFDZTUGGQIHCVV2AQ5B2Y22KPVRQ,B07THMSLP5,Movies_and_TV,1612755661798
AFDZTUGGQIHCVV2AQ5B2Y22KPVRQ,B08NNZ25PH,Movies_and_TV,1611782328375
AFDZTUGGQIHCVV2AQ5B2Y22KPVRQ,B08FCVRGPT,Movies_and_TV,1608873603025
AFDZTUGGQIHCVV2AQ5B2Y22KPVRQ,B000UITYMM,Movies_and_TV,1583826216876
AFDZTUGGQIHCVV2AQ5B2Y22KPVRQ,B07B3RSYYB,Movies_and_TV,1526476851955
AFDZTUGGQIHCVV2AQ5B2Y22KPVRQ,B075VBQSB6,Movies_and_TV,1506678875133
AFDZTUGGQIHCVV2AQ5B2Y22KPVRQ,B008LVDGM4,Movies_and_TV,1445723951000
AFDZTUGGQIHCVV2AQ5B2Y22KPVRQ,B007YXD8VE,Movies_and_TV,1408888515000
AFDZTUGGQIHCVV2AQ5B2Y22KPVRQ,B00I8H7APK,Movies_and_TV,1397785967000
AFDZTUGGQIHCVV2AQ5B2Y22KPVRQ,B00326VK8K,Movies_and_TV,1393490862000
AFKSYG2XHOCLCVDDKEZMWQTFFG7A,B008LRD61E,Movies_and_TV,1405963080000
AETGRH24MKFUFZ2KKTC2ZFYVYE5Q,B01MXMCG8P,Movies_and_TV,1490900191000
AGKASBHYZPGTEPO6LWZPVJWB2BVA,B003LPTAYI,Musical_Instruments,1452650586000
AGCI7FAH4GL5FI65HYLKWTMFZ2CQ,B06XP6TDVY,Musical_Instruments,1558567365290
AGCI7FAH4GL5FI65HYLKWTMFZ2CQ,B0040FJ27S,Musical_Instruments,1384912482000
AEM663T6XHZFWLODF4US2RCOCUSA,B00WJ3HL5I,Musical_Instruments,1607055693671
AFJTRBXMURLHS5EGNXLUHDHIZRFQ,B07T9NM5QR,Musical_Instruments,1622595785255
AEFKF6R2GUSK2AWPSWRR4ZO36JVQ,B00A2DBHMA,Musical_Instruments,1546556517459
AFWHJ6O3PV4JC7PVOJH6CPULO2KQ,B07Z9M4RS1,Musical_Instruments,1586394792148
AFWHJ6O3PV4JC7PVOJH6CPULO2KQ,B0C5D8X3JT,Musical_Instruments,1586394628934
AH6CATODIVPVUOJEWHRSRCSKAOHA,B074VB2D2K,Musical_Instruments,1482444129000
AGJSTXSEWFVQWVQINO6QKMNBUUNA,B0037JT95I,Musical_Instruments,1428847129000
AGJSTXSEWFVQWVQINO6QKMNBUUNA,B001SGWKR6,Musical_Instruments,1428846808000
AFSKPY37N3C43SOI5IEXEK5JSIYA,B07MGVQ5KH,Musical_Instruments,1565630767134
AFSKPY37N3C43SOI5IEXEK5JSIYA,B0BXCXGCVN,Musical_Instruments,1555324663865
AFZUK3MTBIBEDQOPAK3OATUOUKLA,B074R9F26D,Musical_Instruments,1516941193158
AFZUK3MTBIBEDQOPAK3OATUOUKLA,B074MK32SL,Musical_Instruments,1410987748000
AFZUK3MTBIBEDQOPAK3OATUOUKLA,B000FET3DG,Musical_Instruments,1397779929000
AGFUJ3EGB7VTLV3ZMKEZVRJHPA5Q,B09W5LPHBZ,Musical_Instruments,1549315341122
AHFURURV4H35BXUUTXYMJYA36CTQ,B07DLCDT3N,Musical_Instruments,1555608996628
AFANVB6MPHJTCTFOVIEBKLWZ2GVA,B01MUAMT4T,Musical_Instruments,1528672374719
AGD53FZJLNU4UOJE43EZTFFDJYTA,B014F1UKI6,Musical_Instruments,1571690181173
AECABX3OO3GK7FCPZLFM3LT2E6UA,B09PRFYGCL,Musical_Instruments,1650416498014
AHPUDDBBBV2WPNPBJXFXK3NJP7DQ,B08C2842SL,Musical_Instruments,1616285141213
AGYTEAXMUXEFHXUSVVTKONKBFTVQ,B000Y01UXM,Musical_Instruments,1590548517984
AGE62643KEU7MHKTLICGBVTJT45A,B0772X62W7,Musical_Instruments,1491497980000
AGB2OD4PZ7AMECYHMRMTUMYJSQGQ,B07FCC8DL5,Musical_Instruments,1508718741649
AFMSUJKT5HL5L6EGU32OKXCMB5LQ,B07G469YLS,Musical_Instruments,1581977410796
AFMSUJKT5HL5L6EGU32OKXCMB5LQ,B09YYF4X1Y,Musical_Instruments,1580865468061
AEFLH72MFY4GRTNI3KZXNE4IUB2Q,B01N64DTDI,Musical_Instruments,1458136159000
AE3ZEVN65B3MWKIBLFRBGMJDGJCA,B003FQ2X56,Musical_Instruments,1517338295339
AG5KDDU7RCGXHBA6BPPXXW3IP6UA,B08RHXJ99C,Musical_Instruments,1623218093050
AH4CGRSYSW5CWLRGQYRZKNJBUPAA,B07MHR1CQB,Musical_Instruments,1668687837107
AHATA6X6MYTC3VNBFJ3WIYVK257A,B00BESRB8Q,Musical_Instruments,1662387606769
AHATA6X6MYTC3VNBFJ3WIYVK257A,B079LPYXN8,Musical_Instruments,1557791110071
AHATA6X6MYTC3VNBFJ3WIYVK257A,B06ZZG2H35,Musical_Instruments,1557783732036
AHATA6X6MYTC3VNBFJ3WIYVK257A,B0BPJ4Q6FJ,Musical_Instruments,1356583307000
AFA26DYXVLJYTYZ3KET77GE27N2A,B00L035CPO,Musical_Instruments,1516698277666
AHV6QCNBJNSGLATP56JAWJ3C4G2A,B09XHMKZYK,Musical_Instruments,1653660624284
AHV6QCNBJNSGLATP56JAWJ3C4G2A,B0812SGFJW,Musical_Instruments,1609775367637
AHV6QCNBJNSGLATP56JAWJ3C4G2A,B0BG3T7TJV,Musical_Instruments,1539380095219
AHV6QCNBJNSGLATP56JAWJ3C4G2A,B071JHJ9RV,Musical_Instruments,1533424950320
AHV6QCNBJNSGLATP56JAWJ3C4G2A,B010CG21H6,Musical_Instruments,1523618766592
AHV6QCNBJNSGLATP56JAWJ3C4G2A,B078HBZBMT,Musical_Instruments,1523356387834
AHV6QCNBJNSGLATP56JAWJ3C4G2A,B074JHPL8V,Musical_Instruments,1501625771777
AHV6QCNBJNSGLATP56JAWJ3C4G2A,B06XSLM5YZ,Musical_Instruments,1497967196449
AHV6QCNBJNSGLATP56JAWJ3C4G2A,B013OLV3IY,Musical_Instruments,1496664089000
AHV6QCNBJNSGLATP56JAWJ3C4G2A,B07711ZF5C,Musical_Instruments,1481932367000
AHV6QCNBJNSGLATP56JAWJ3C4G2A,B081QQG44C,Musical_Instruments,1469622244000
AHV6QCNBJNSGLATP56JAWJ3C4G2A,B01E5CHTPW,Musical_Instruments,1463138580000
AHV6QCNBJNSGLATP56JAWJ3C4G2A,B00T2HQ4AC,Musical_Instruments,1444992652000
AHV6QCNBJNSGLATP56JAWJ3C4G2A,B003LPTAYI,Musical_Instruments,1419869174000
AHV6QCNBJNSGLATP56JAWJ3C4G2A,B00O4VH9YG,Musical_Instruments,1418071619000
AHV6QCNBJNSGLATP56JAWJ3C4G2A,B00OG187HC,Musical_Instruments,1415286067000
AG7WKTZINOFIXMZJYIPKIB7PV7NQ,B00E9EC2K4,Musical_Instruments,1418982578000
AG7WKTZINOFIXMZJYIPKIB7PV7NQ,B0046D9YC2,Musical_Instruments,1400525726000
AG7WKTZINOFIXMZJYIPKIB7PV7NQ,B07CBT4SYD,Musical_Instruments,1390192997000
AG7WKTZINOFIXMZJYIPKIB7PV7NQ,B0002W37V0,Musical_Instruments,1390191583000
AER3KQQTR7T3N6ZIOUMB4VDALL2Q,B07DWLYGKH,Musical_Instruments,1515864098005
AER3KQQTR7T3N6ZIOUMB4VDALL2Q,B097Q9W8MW,Musical_Instruments,1474670088000
AFTYGYAECGAWJRDXIIXSO3PZ45KA,B08GCR1G1R,Musical_Instruments,1600970530316
AHNI7LY6NHWHIORTEVNZNBEK6KTQ,B087X1CF8G,Musical_Instruments,1564151301212
AHNI7LY6NHWHIORTEVNZNBEK6KTQ,B077TP3QV3,Musical_Instruments,1564151255424
AHNI7LY6NHWHIORTEVNZNBEK6KTQ,B0BR2VBSVV,Musical_Instruments,1453864065000
AE4Q3FPKMKMRHPNWBCHW5XNVB6AA,B01LEEWO7C,Musical_Instruments,1569112332797
AEHWUHNTB5FX32HJ7UBOZ2WWUX3Q,B0BWT3S95C,Musical_Instruments,1562098451223
AEHWUHNTB5FX32HJ7UBOZ2WWUX3Q,B09DGSCGW8,Musical_Instruments,1562098371618
AH67BI7JTOFR35HMZYFVOEHM4CPQ,B09W4F2X6S,Musical_Instruments,1669925316256
AHQE5UGNEVWAJN6X7JN6RNQTIPWQ,B00MDNMVWW,Musical_Instruments,1616345261490
AGTHQ6ANUEV7VOOVAEFWVMFIILUA,B0BCDVGKTT,Musical_Instruments,1635040581777
AGTHQ6ANUEV7VOOVAEFWVMFIILUA,B0B1Z31ZL3,Musical_Instruments,1634683847258
AGTHQ6ANUEV7VOOVAEFWVMFIILUA,B0BWGCMWCD,Musical_Instruments,1482252847000
AGGO2DPSHP7SUUAUJWK55AZURN3Q,B009XJUK5O,Musical_Instruments,1643698865719
AHB5CGLYN3Y6NIPHNQLYFJT2W2PQ,B07ZPDX8Z3,Musical_Instruments,1659814377262
AHB5CGLYN3Y6NIPHNQLYFJT2W2PQ,B002SDY2OC,Musical_Instruments,1659727366632
AHB5CGLYN3Y6NIPHNQLYFJT2W2PQ,B072FKHYPQ,Musical_Instruments,1655243651113
AHB5CGLYN3Y6NIPHNQLYFJT2W2PQ,B0C9NGP88D,Musical_Instruments,1641485788065
AHB5CGLYN3Y6NIPHNQLYFJT2W2PQ,B07GJRDYGG,Musical_Instruments,1641328465955
AHB5CGLYN3Y6NIPHNQLYFJT2W2PQ,B019NY2PKG,Musical_Instruments,1634916323727
AHB5CGLYN3Y6NIPHNQLYFJT2W2PQ,B09BZ69X4X,Musical_Instruments,1624151989357
AHB5CGLYN3Y6NIPHNQLYFJT2W2PQ,B000WMAOE8,Musical_Instruments,1618928148972
AHB5CGLYN3Y6NIPHNQLYFJT2W2PQ,B0BSGM6CQ9,Musical_Instruments,1579658651109
AHB5CGLYN3Y6NIPHNQLYFJT2W2PQ,B0BYXVCSGG,Musical_Instruments,1578171394883
AHB5CGLYN3Y6NIPHNQLYFJT2W2PQ,B00E20U5UY,Musical_Instruments,1577941712880
AHB5CGLYN3Y6NIPHNQLYFJT2W2PQ,B018GZSTX0,Musical_Instruments,1556566505918
AHB5CGLYN3Y6NIPHNQLYFJT2W2PQ,B01GO138UW,Musical_Instruments,1554141059403
AHB5CGLYN3Y6NIPHNQLYFJT2W2PQ,B06X9KG3HW,Musical_Instruments,1551131138568
AHB5CGLYN3Y6NIPHNQLYFJT2W2PQ,B071JHJ9RV,Musical_Instruments,1538452412897
AHB5CGLYN3Y6NIPHNQLYFJT2W2PQ,B079P9LDHN,Musical_Instruments,1525828769035
AHB5CGLYN3Y6NIPHNQLYFJT2W2PQ,B0B3VF84DL,Musical_Instruments,1524455796474
AHB5CGLYN3Y6NIPHNQLYFJT2W2PQ,B0B3VDFKB3,Musical_Instruments,1523916810644
AHB5CGLYN3Y6NIPHNQLYFJT2W2PQ,B00JA4T76U,Musical_Instruments,1523916578098
AHB5CGLYN3Y6NIPHNQLYFJT2W2PQ,B077RL5S6L,Musical_Instruments,1523670021197
AHB5CGLYN3Y6NIPHNQLYFJT2W2PQ,B000NAXDH4,Musical_Instruments,1502059951325
AHB5CGLYN3Y6NIPHNQLYFJT2W2PQ,B002PAY3WY,Musical_Instruments,1497732962080
AHB5CGLYN3Y6NIPHNQLYFJT2W2PQ,B00KMFUCC4,Musical_Instruments,1496949584605
AHB5CGLYN3Y6NIPHNQLYFJT2W2PQ,B0049Z6VKK,Musical_Instruments,1496256005000
AHB5CGLYN3Y6NIPHNQLYFJT2W2PQ,B07B9W2XFS,Musical_Instruments,1495255967000
AHB5CGLYN3Y6NIPHNQLYFJT2W2PQ,B01M2XPNLC,Musical_Instruments,1493066647000
AHB5CGLYN3Y6NIPHNQLYFJT2W2PQ,B07MJHPDBG,Musical_Instruments,1480807008000
AEDHXXX2F66EMWOSSPCQHS62UKNQ,B015OP6OOG,Musical_Instruments,1576788962094
AEDHXXX2F66EMWOSSPCQHS62UKNQ,B00OAHNA10,Musical_Instruments,1548962148474
AEDHXXX2F66EMWOSSPCQHS62UKNQ,B0009VCPPS,Musical_Instruments,1538966206831
AEDHXXX2F66EMWOSSPCQHS62UKNQ,B0BT9R8MMV,Musical_Instruments,1535870712876
AEDHXXX2F66EMWOSSPCQHS62UKNQ,B0B31RCL2G,Musical_Instruments,1529774259359
AEDHXXX2F66EMWOSSPCQHS62UKNQ,B007534LFK,Musical_Instruments,1528529796868
AEDHXXX2F66EMWOSSPCQHS62UKNQ,B06X9KG3HW,Musical_Instruments,1524085663612
AEDHXXX2F66EMWOSSPCQHS62UKNQ,B073LPHGND,Musical_Instruments,1524084934569
AFUB7CHTXRPD447QVQCHBZVN2IPQ,B07MXR9GYR,Musical_Instruments,1595288397118
AFUB7CHTXRPD447QVQCHBZVN2IPQ,B004XNK7AI,Musical_Instruments,1438653697000
AFUB7CHTXRPD447QVQCHBZVN2IPQ,B06ZZ2S726,Musical_Instruments,1433446425000
AHBTMFDWLT4AQHPZBMHFXMGFWOVA,B01A1ARHV8,Musical_Instruments,1553999538497
AFJBKPK5W56XWSNPQU2WW66ISWYQ,B09VGDP7XD,Musical_Instruments,1666966704200
AFJBKPK5W56XWSNPQU2WW66ISWYQ,B0BZP4V361,Musical_Instruments,1636390789550
AFJBKPK5W56XWSNPQU2WW66ISWYQ,B0BZP4V361,Musical_Instruments,1635769271850
AFJBKPK5W56XWSNPQU2WW66ISWYQ,B0BZ3LF1MP,Musical_Instruments,1631210162444
AFJBKPK5W56XWSNPQU2WW66ISWYQ,B08X758Y25,Musical_Instruments,1618721576730
AFJBKPK5W56XWSNPQU2WW66ISWYQ,B0BLV2CSVP,Musical_Instruments,1533323640587
AFJBKPK5W56XWSNPQU2WW66ISWYQ,B0199YPWE6,Musical_Instruments,1460650034000
AEFFEFBOJH4AZHFUE6O3PRLMGGNQ,B07JVJVCC5,Musical_Instruments,1561402492277
AFB6OR5RIL4UP5HCNAYDCP24UQ4Q,B000G15WOW,Musical_Instruments,1480077819000
AER6WLSJPBPNOZIQWVHQBVOKTNCA,B0912NHJF8,Musical_Instruments,1678910663667
AER6WLSJPBPNOZIQWVHQBVOKTNCA,B09NYHGWWW,Musical_Instruments,1677982347066
AER6WLSJPBPNOZIQWVHQBVOKTNCA,B0928VTXRB,Musical_Instruments,1677903336478
AER6WLSJPBPNOZIQWVHQBVOKTNCA,B09JFZ3CKY,Musical_Instruments,1677810929822
AER6WLSJPBPNOZIQWVHQBVOKTNCA,B09JMYM88H,Musical_Instruments,1675821977904
AER6WLSJPBPNOZIQWVHQBVOKTNCA,B0BPLFP5P6,Musical_Instruments,1672357574818
AER6WLSJPBPNOZIQWVHQBVOKTNCA,B08Y997LFQ,Musical_Instruments,1670174525848
AER6WLSJPBPNOZIQWVHQBVOKTNCA,B09PWCF6T9,Musical_Instruments,1540305240625
AER6WLSJPBPNOZIQWVHQBVOKTNCA,B0BHSG5C3G,Musical_Instruments,1529501615993
AER6WLSJPBPNOZIQWVHQBVOKTNCA,B06ZZCMP8L,Musical_Instruments,1517323270317
AER6WLSJPBPNOZIQWVHQBVOKTNCA,B07L6RCDP7,Musical_Instruments,1479393367000
AER6WLSJPBPNOZIQWVHQBVOKTNCA,B00O2BISAM,Musical_Instruments,1453823212000
AER6WLSJPBPNOZIQWVHQBVOKTNCA,B001ICZFGS,Musical_Instruments,1380826379000
AER6WLSJPBPNOZIQWVHQBVOKTNCA,B00170250A,Musical_Instruments,1359431751000
AER6WLSJPBPNOZIQWVHQBVOKTNCA,B0002F75KG,Musical_Instruments,1359428338000
AER6WLSJPBPNOZIQWVHQBVOKTNCA,B06XB3FQKB,Musical_Instruments,1347904275000
AER6WLSJPBPNOZIQWVHQBVOKTNCA,B0BSGM6CQ9,Musical_Instruments,1343846381000
AER6WLSJPBPNOZIQWVHQBVOKTNCA,B001OICCRQ,Musical_Instruments,1340388137000
AER6WLSJPBPNOZIQWVHQBVOKTNCA,B0BCXRXTNY,Musical_Instruments,1340379048000
AER6WLSJPBPNOZIQWVHQBVOKTNCA,B000P5PKT6,Musical_Instruments,1339300957000
AER6WLSJPBPNOZIQWVHQBVOKTNCA,B004PFWYL4,Musical_Instruments,1338916251000
AER6WLSJPBPNOZIQWVHQBVOKTNCA,B00IFOTSJW,Musical_Instruments,1326952334000
AER6WLSJPBPNOZIQWVHQBVOKTNCA,B08R5GM6YB,Musical_Instruments,1326234798000
AER6WLSJPBPNOZIQWVHQBVOKTNCA,B0BKZ3GCGR,Musical_Instruments,1326225439000
AER6WLSJPBPNOZIQWVHQBVOKTNCA,B0BPJ4Q6FJ,Musical_Instruments,1325888735000
AER6WLSJPBPNOZIQWVHQBVOKTNCA,B0BK5CXZBT,Musical_Instruments,1306375321000
AER6WLSJPBPNOZIQWVHQBVOKTNCA,B0002GZQGU,Musical_Instruments,1299015862000
AER6WLSJPBPNOZIQWVHQBVOKTNCA,B0716DK86D,Musical_Instruments,1299010423000
AER6WLSJPBPNOZIQWVHQBVOKTNCA,B0772STLBS,Musical_Instruments,1299007011000
AER6WLSJPBPNOZIQWVHQBVOKTNCA,B002KG9LWU,Musical_Instruments,1289504799000
AGV4WWE4CB7LRPPV6PG7RCEFBT3A,B07CYRYQ8G,Musical_Instruments,1515718875340
AFNR3D5OZTV3AKQYJQRTKFVEEKZA,B07R21522F,Musical_Instruments,1546021101754
AGJY4LG74YJEJBVWIPIMIZ464ELA,B0BG95DG2H,Musical_Instruments,1621904990056
AGJY4LG74YJEJBVWIPIMIZ464ELA,B0BKZ3GCGR,Musical_Instruments,1579055193909
AGJY4LG74YJEJBVWIPIMIZ464ELA,B09NWCD36N,Musical_Instruments,1579054882304
AGJY4LG74YJEJBVWIPIMIZ464ELA,B0B1LK9SXB,Musical_Instruments,1579054701261
AGJY4LG74YJEJBVWIPIMIZ464ELA,B0BTTN8RL1,Musical_Instruments,1579053687899
AGJY4LG74YJEJBVWIPIMIZ464ELA,B072DXPHC3,Musical_Instruments,1577160810538
AFWK5HW3FB4HNVYJUHU5ZW7NPCYA,B00KYFFGEG,Musical_Instruments,1560630535401
AETE7Y3DZT6BLMWA6U27ADJDZ4LA,B08NY9YKTY,Musical_Instruments,1620764488969
AE3U73QGVDLZUA2DSACCVDCYAY6Q,B093YKQVNY,Musical_Instruments,1630589935340
AE3U73QGVDLZUA2DSACCVDCYAY6Q,B07P5NCFTV,Musical_Instruments,1569678982039
AE57MRF2R2ALCC6H5WQLFKT7KSSA,B0BSGM6CQ9,Musical_Instruments,1646083815263
AE57MRF2R2ALCC6H5WQLFKT7KSSA,B0C6HXYY3R,Musical_Instruments,1641413215809
AE57MRF2R2ALCC6H5WQLFKT7KSSA,B0BX8VJYMD,Musical_Instruments,1641411949285
AE57MRF2R2ALCC6H5WQLFKT7KSSA,B01MRV9Z1Y,Musical_Instruments,1641411629725
AE57MRF2R2ALCC6H5WQLFKT7KSSA,B095WDF9MX,Musical_Instruments,1635089601072
AE57MRF2R2ALCC6H5WQLFKT7KSSA,B08T2DMFKD,Musical_Instruments,1614957486709
AE57MRF2R2ALCC6H5WQLFKT7KSSA,B08BQJYNCQ,Musical_Instruments,1612619049039
AE57MRF2R2ALCC6H5WQLFKT7KSSA,B07F1H422Y,Musical_Instruments,1608150029285
AE57MRF2R2ALCC6H5WQLFKT7KSSA,B06WLH45C9,Musical_Instruments,1607258394627
AE57MRF2R2ALCC6H5WQLFKT7KSSA,B07YXY9L3T,Musical_Instruments,1604337626558
AE57MRF2R2ALCC6H5WQLFKT7KSSA,B0BCK6L7S5,Musical_Instruments,1604337292930
AE57MRF2R2ALCC6H5WQLFKT7KSSA,B08BLH4QTG,Musical_Instruments,1600108545768
AE57MRF2R2ALCC6H5WQLFKT7KSSA,B00THNXBPM,Musical_Instruments,1600108243693
AE57MRF2R2ALCC6H5WQLFKT7KSSA,B07X9JY8BY,Musical_Instruments,1593269801798
AE57MRF2R2ALCC6H5WQLFKT7KSSA,B001L8NGJ2,Musical_Instruments,1578285939522
AE57MRF2R2ALCC6H5WQLFKT7KSSA,B09XB69QQ4,Musical_Instruments,1568062302664
AE57MRF2R2ALCC6H5WQLFKT7KSSA,B09857JRP2,Musical_Instruments,1562607340100
AE57MRF2R2ALCC6H5WQLFKT7KSSA,B07G86NNRB,Musical_Instruments,1561124747935
AE57MRF2R2ALCC6H5WQLFKT7KSSA,B07M877K69,Musical_Instruments,1561124220768
AE57MRF2R2ALCC6H5WQLFKT7KSSA,B0BFR1KZ9H,Musical_Instruments,1561124049688
AE57MRF2R2ALCC6H5WQLFKT7KSSA,B09M7F7LFB,Musical_Instruments,1560039496346
AE57MRF2R2ALCC6H5WQLFKT7KSSA,B00PYVNGV0,Musical_Instruments,1554834801667
AE57MRF2R2ALCC6H5WQLFKT7KSSA,B07KXQ7NP4,Musical_Instruments,1554228194047
AE57MRF2R2ALCC6H5WQLFKT7KSSA,B01MDTKJL6,Musical_Instruments,1540732434283
AE57MRF2R2ALCC6H5WQLFKT7KSSA,B074QKLW4N,Musical_Instruments,1540732163924
AE57MRF2R2ALCC6H5WQLFKT7KSSA,B09WJ35129,Musical_Instruments,1473561365000
AE57MRF2R2ALCC6H5WQLFKT7KSSA,B00LIO8PK4,Musical_Instruments,1473561260000
AE57MRF2R2ALCC6H5WQLFKT7KSSA,B00FJEJLS4,Musical_Instruments,1473561178000
AE57MRF2R2ALCC6H5WQLFKT7KSSA,B00NARHNCS,Musical_Instruments,1456982152000
AE57MRF2R2ALCC6H5WQLFKT7KSSA,B0BPJ4Q6FJ,Musical_Instruments,1456982100000
AE57MRF2R2ALCC6H5WQLFKT7KSSA,B08R5GM6YB,Musical_Instruments,1456982050000
AE57MRF2R2ALCC6H5WQLFKT7KSSA,B0BW41MRGK,Musical_Instruments,1456982005000
AE57MRF2R2ALCC6H5WQLFKT7KSSA,B00WJ3HL5I,Musical_Instruments,1455460742000
AE57MRF2R2ALCC6H5WQLFKT7KSSA,B07X2LN3FV,Musical_Instruments,1455460672000
AE57MRF2R2ALCC6H5WQLFKT7KSSA,B004U1QDL0,Musical_Instruments,1455460601000
AE57MRF2R2ALCC6H5WQLFKT7KSSA,B015WD6FIK,Musical_Instruments,1455460460000
AE57MRF2R2ALCC6H5WQLFKT7KSSA,B07JGCQYN8,Musical_Instruments,1426635611000
AE57MRF2R2ALCC6H5WQLFKT7KSSA,B074WXM13T,Musical_Instruments,1425384781000
AE57MRF2R2ALCC6H5WQLFKT7KSSA,B01DE4DPSC,Musical_Instruments,1425384567000
AE57MRF2R2ALCC6H5WQLFKT7KSSA,B00CGFRJ2Y,Musical_Instruments,1425384263000
AE57MRF2R2ALCC6H5WQLFKT7KSSA,B09V91H5XM,Musical_Instruments,1424607745000
AEAYCPAO7M75VC7U2FA2U6NQBZDA,B01M11BWP2,Musical_Instruments,1515041160224
AGYU7P3LUCMV4OZZAKC6D6NWSQHA,B07S6MKF6K,Musical_Instruments,1595774506403
AGYU7P3LUCMV4OZZAKC6D6NWSQHA,B00008W2LW,Musical_Instruments,1441235242000
AHQ5LUB5SXGXMH3AQEYW67LDSL2A,B096SQ21KJ,Musical_Instruments,1495133131000
AHJQPUQLSQZE6LMIUMY7WNRXCQQQ,B08ZMBRJPH,Musical_Instruments,1644599641786
AHJQPUQLSQZE6LMIUMY7WNRXCQQQ,B09MS7XW8R,Musical_Instruments,1643148232304
AHJQPUQLSQZE6LMIUMY7WNRXCQQQ,B01L1TXCVM,Musical_Instruments,1478388912000
AHJQPUQLSQZE6LMIUMY7WNRXCQQQ,B0BZK3X11C,Musical_Instruments,1466531352000
AFQDX4KZ5DHWGB2US6IBC7VMBK3Q,B0C53Z9TDF,Musical_Instruments,1632977889464
AEXBIH7OOSNTF3NPJ262T4HDNXBA,B074C125TN,Musical_Instruments,1564709191418
AHOEABHRAFWXIT4JZ5MKJ3FMASGA,B004UJO41S,Musical_Instruments,1449323248000
AEA2AYPIP3RN2YZWRNFKKD6OGGBA,B01MA51Z63,Musical_Instruments,1562619950643
AE6AL5KN3ZXJZD62ZVOOFMNOZ4PA,B09CDDC1CF,Musical_Instruments,1610293262835
AE6AL5KN3ZXJZD62ZVOOFMNOZ4PA,B0819WZGZV,Musical_Instruments,1552748403483
AFVVXZ2UVRM2KT73SLGNVZYUM2PA,B09NN2XD65,Musical_Instruments,1619125319212
AFVVXZ2UVRM2KT73SLGNVZYUM2PA,B071V2C56X,Musical_Instruments,1578035927275
AFVVXZ2UVRM2KT73SLGNVZYUM2PA,B07Q36MKHS,Musical_Instruments,1578034856459
AG7JSIKUQPSL5AAPRDRKDNWM4U2A,B0C69SH563,Musical_Instruments,1677987454328
AEYGPUCRKH7G4VM22FM3VAKSQ23Q,B077Z992XS,Musical_Instruments,1542135062129
AEYGPUCRKH7G4VM22FM3VAKSQ23Q,B0767VQGL4,Musical_Instruments,1533141443463
AFMOJCLGXTSSJ3HAFCQIDDMEG6VQ,B0BBML5LFF,Musical_Instruments,1663688778241
AGGHHNTNWUXUG2LEOP4KGUMULISQ,B00E0EXYR8,Musical_Instruments,1379912241000
AGGHHNTNWUXUG2LEOP4KGUMULISQ,B014QQE6CQ,Musical_Instruments,1357277611000
AHUPTBY3F3UN2S5H7K5JLP6MAV5Q,B0BZLXLF3W,Musical_Instruments,1670275777241
AHUPTBY3F3UN2S5H7K5JLP6MAV5Q,B0BN7G5RC3,Musical_Instruments,1669084438377
AHUPTBY3F3UN2S5H7K5JLP6MAV5Q,B0B7X5YJRC,Musical_Instruments,1666472932492
AHBZRDFYB2FWUAO63DCSF2VSTJ2Q,B0C6R1FZNM,Musical_Instruments,1611270359594
AHBZRDFYB2FWUAO63DCSF2VSTJ2Q,B09W4F2X6S,Musical_Instruments,1605889437008
AFXF3EGQTQDXMRLDWFU7UBFQZB7Q,B08SBR2LPW,Musical_Instruments,1619351665450
AFXF3EGQTQDXMRLDWFU7UBFQZB7Q,B08DVD56X2,Musical_Instruments,1612928421039
AFXF3EGQTQDXMRLDWFU7UBFQZB7Q,B0896Q9WZY,Musical_Instruments,1598759731492
AFXF3EGQTQDXMRLDWFU7UBFQZB7Q,B01B5V5P5M,Musical_Instruments,1497402285584
AHHFW36BP4VMQWC6V2NTKIXFAA2A,B099GN4H99,Musical_Instruments,1579348839741
AHHFW36BP4VMQWC6V2NTKIXFAA2A,B01DG28DMA,Musical_Instruments,1579348263183
AEN7KAKQJGIQCNK6NMVWH2WZ3YXQ,B08PCNLL3Y,Musical_Instruments,1625174585559
AFPTM2BBYFZ6EYXS73Z32HWBZKDQ,B0064D3J6Y,Musical_Instruments,1574829126788
AGA3PQKDGXZQB7D3XXO74OO3GM7A,B09PH4DV67,Musical_Instruments,1614259457125
AGA3PQKDGXZQB7D3XXO74OO3GM7A,B01EVKUHI4,Musical_Instruments,1614259425116
AEIPJBAN7A55Q5DFFPZSR2UV3OKA,B0C49TQ3XM,Musical_Instruments,1676970876106
AEIPJBAN7A55Q5DFFPZSR2UV3OKA,B0BXX7VRSD,Musical_Instruments,1645496964467
AEIPJBAN7A55Q5DFFPZSR2UV3OKA,B08P7HC23F,Musical_Instruments,1618030303981
AEIPJBAN7A55Q5DFFPZSR2UV3OKA,B0BVLJTMV2,Musical_Instruments,1608741523872
AEIPJBAN7A55Q5DFFPZSR2UV3OKA,B0C5WQF9XJ,Musical_Instruments,1583903541998
AHZOJQDTMJ6WIHY2RV7PB6K5TG7Q,B086TWRJ3W,Musical_Instruments,1665516148703
AFLZMJ3DM4UQY4PC5L4XVOAXBCSA,B000Z9E2BY,Musical_Instruments,1309028273000
AHYARJU3M2CYM3W5SZYL33KOFVHA,B07D4QCBX4,Musical_Instruments,1551059597184
AHPQ4CPYDRMHILUHA4WJOQ7ANKQQ,B01AAWXFK4,Musical_Instruments,1511800774312
AFTX5XGVRRUV7H7LJ6MP5LVDX5PQ,B0C53Z9TDF,Musical_Instruments,1637075638670
AFTX5XGVRRUV7H7LJ6MP5LVDX5PQ,B07CZ998HM,Musical_Instruments,1598322287232
AGO3N3SYF2NFSQGRSEDVQGNHBIDA,B005UQR48A,Musical_Instruments,1572039831642
AHBNOPRQZEGQ4RT6FAWS4E4KZKZQ,B0148EQYA8,Musical_Instruments,1558011788332
AHPFHP43AXWRYZZ4HPNCW7I7J3ZQ,B08X758Y25,Musical_Instruments,1620758255313
AHPFHP43AXWRYZZ4HPNCW7I7J3ZQ,B08SLZ3D21,Musical_Instruments,1619107880267
AHPFHP43AXWRYZZ4HPNCW7I7J3ZQ,B08DM4Q9FH,Musical_Instruments,1616245862747
AHPFHP43AXWRYZZ4HPNCW7I7J3ZQ,B097TLH3W8,Musical_Instruments,1601391430366
AHPFHP43AXWRYZZ4HPNCW7I7J3ZQ,B0896Q9WZY,Musical_Instruments,1593653814513
AHPFHP43AXWRYZZ4HPNCW7I7J3ZQ,B07WTRFSMB,Musical_Instruments,1576113809394
AHPFHP43AXWRYZZ4HPNCW7I7J3ZQ,B0B3VRG5RY,Musical_Instruments,1568770658992
AHPFHP43AXWRYZZ4HPNCW7I7J3ZQ,B0BK6MQF3J,Musical_Instruments,1568770584282
AHPFHP43AXWRYZZ4HPNCW7I7J3ZQ,B07M66HYW8,Musical_Instruments,1567198348438
AHPFHP43AXWRYZZ4HPNCW7I7J3ZQ,B07R74N5W8,Musical_Instruments,1567198162668
AHPFHP43AXWRYZZ4HPNCW7I7J3ZQ,B07T8747TT,Musical_Instruments,1563980873157
AHPFHP43AXWRYZZ4HPNCW7I7J3ZQ,B01HB4090I,Musical_Instruments,1483914120000
AHPFHP43AXWRYZZ4HPNCW7I7J3ZQ,B095QBH5ZB,Musical_Instruments,1483913980000
AHPFHP43AXWRYZZ4HPNCW7I7J3ZQ,B013E52TLU,Musical_Instruments,1483209655000
AHPFHP43AXWRYZZ4HPNCW7I7J3ZQ,B0C5YS1Q4S,Musical_Instruments,1467647472000
AHPFHP43AXWRYZZ4HPNCW7I7J3ZQ,B014PEZVKU,Musical_Instruments,1443102727000
AHPFHP43AXWRYZZ4HPNCW7I7J3ZQ,B005FKF1RW,Musical_Instruments,1388266409000
AHPFHP43AXWRYZZ4HPNCW7I7J3ZQ,B008B83SY8,Musical_Instruments,1384476917000
AHPFHP43AXWRYZZ4HPNCW7I7J3ZQ,B0017H4EBG,Musical_Instruments,1284935426000
AHPFHP43AXWRYZZ4HPNCW7I7J3ZQ,B003KVKT02,Musical_Instruments,1278983148000
AFHO7OBEBKY4YNEFOKI2GSFCHLNQ,B08SHWT429,Musical_Instruments,1633285829178
AFHO7OBEBKY4YNEFOKI2GSFCHLNQ,B094YB24NP,Musical_Instruments,1633285772522
AFBTXCSLSSICK734GIDYSHVZVSFA,B07S8MWBHL,Musical_Instruments,1623950288909
AFBTXCSLSSICK734GIDYSHVZVSFA,B0146137RG,Musical_Instruments,1577676006851
AGGYFCTTSSKTCS4QSGAS2Q2CGFIA,B07XYV9B5K,Musical_Instruments,1639437566397
AGGYFCTTSSKTCS4QSGAS2Q2CGFIA,B08FX19WQP,Musical_Instruments,1635090589797
AGGYFCTTSSKTCS4QSGAS2Q2CGFIA,B00ZVSGVA4,Musical_Instruments,1620161099640
AGGYFCTTSSKTCS4QSGAS2Q2CGFIA,B00HLVOO2G,Musical_Instruments,1437416445000
AGGYFCTTSSKTCS4QSGAS2Q2CGFIA,B09JJ784V5,Musical_Instruments,1437416326000
AGGYFCTTSSKTCS4QSGAS2Q2CGFIA,B00BRQ5AJW,Musical_Instruments,1437416264000
AGGYFCTTSSKTCS4QSGAS2Q2CGFIA,B007V5J6SE,Musical_Instruments,1437416174000
AGGYFCTTSSKTCS4QSGAS2Q2CGFIA,B0010KCP98,Musical_Instruments,1382371724000
AGGYFCTTSSKTCS4QSGAS2Q2CGFIA,B07KCGTYY9,Musical_Instruments,1368116086000
AEWRZLS7FBAX3BXANLXDKVV33CCA,B00JER27MO,Musical_Instruments,1464339028000
AEWRZLS7FBAX3BXANLXDKVV33CCA,B001RMFIOI,Musical_Instruments,1367933754000
AEWRZLS7FBAX3BXANLXDKVV33CCA,B0722HMY2F,Musical_Instruments,1354515548000
AEWRZLS7FBAX3BXANLXDKVV33CCA,B0722HMY2F,Musical_Instruments,1354515355000
AENOQPZF7HQERNM3TNR2UQUE7RBA,B00K68MT9Q,Musical_Instruments,1518217910699
AEDTBVJFD2IDHXKKY7DZSNKYUQ7Q,B07B9R77ZQ,Musical_Instruments,1612088225535
AEONZMWC255DMR7WXK6ALPB3CIJA,B00282WZG0,Musical_Instruments,1646083282846
AEICZD35OTDYVWA2KPYWN4PDZ2SA,B084ZZXF83,Musical_Instruments,1623718457911
AEICZD35OTDYVWA2KPYWN4PDZ2SA,B08DXD5RMC,Musical_Instruments,1615672192269
AEICZD35OTDYVWA2KPYWN4PDZ2SA,B083FNKLFV,Musical_Instruments,1613340898653
AEICZD35OTDYVWA2KPYWN4PDZ2SA,B08NPNWFC2,Musical_Instruments,1612545071579
AEICZD35OTDYVWA2KPYWN4PDZ2SA,B072DXG6YS,Musical_Instruments,1600997875645
AEICZD35OTDYVWA2KPYWN4PDZ2SA,B08CMZN8V8,Musical_Instruments,1600368009285
AEICZD35OTDYVWA2KPYWN4PDZ2SA,B08B3XWNY8,Musical_Instruments,1597102108489
AEICZD35OTDYVWA2KPYWN4PDZ2SA,B0BDFXQC71,Musical_Instruments,1597102015657
AEICZD35OTDYVWA2KPYWN4PDZ2SA,B09NN2XD65,Musical_Instruments,1596648723240
AEICZD35OTDYVWA2KPYWN4PDZ2SA,B07PJRSH5W,Musical_Instruments,1596042520600
AEICZD35OTDYVWA2KPYWN4PDZ2SA,B0072LXG2Y,Musical_Instruments,1582140572278
AEICZD35OTDYVWA2KPYWN4PDZ2SA,B06XX8SDW2,Musical_Instruments,1568060195561
AEICZD35OTDYVWA2KPYWN4PDZ2SA,B0BYP5CC5T,Musical_Instruments,1568059970765
AEICZD35OTDYVWA2KPYWN4PDZ2SA,B06X9KG3HW,Musical_Instruments,1555291731414
AEICZD35OTDYVWA2KPYWN4PDZ2SA,B0771NSMYP,Musical_Instruments,1553037909898
AEICZD35OTDYVWA2KPYWN4PDZ2SA,B07GR2RZCS,Musical_Instruments,1543780439248
AEICZD35OTDYVWA2KPYWN4PDZ2SA,B07LB5WWTT,Musical_Instruments,1541174483668
AEICZD35OTDYVWA2KPYWN4PDZ2SA,B07D93T8W3,Musical_Instruments,1536843992863
AEICZD35OTDYVWA2KPYWN4PDZ2SA,B0002NYKLU,Musical_Instruments,1533586600091
AEICZD35OTDYVWA2KPYWN4PDZ2SA,B019JX565C,Musical_Instruments,1533574521966
AEICZD35OTDYVWA2KPYWN4PDZ2SA,B079C82DC3,Musical_Instruments,1532100691490
AEICZD35OTDYVWA2KPYWN4PDZ2SA,B073ZZFC11,Musical_Instruments,1496512044000
AEICZD35OTDYVWA2KPYWN4PDZ2SA,B01JLQBNLS,Musical_Instruments,1495404469000
AEICZD35OTDYVWA2KPYWN4PDZ2SA,B01M3P777W,Musical_Instruments,1494874068000
AEICZD35OTDYVWA2KPYWN4PDZ2SA,B073WY5B1Q,Musical_Instruments,1491958042000
AEICZD35OTDYVWA2KPYWN4PDZ2SA,B000GG4B0I,Musical_Instruments,1489698877000
AEICZD35OTDYVWA2KPYWN4PDZ2SA,B00W19FPLM,Musical_Instruments,1477065011000
AEICZD35OTDYVWA2KPYWN4PDZ2SA,B01HQGW39Q,Musical_Instruments,1471982100000
AEICZD35OTDYVWA2KPYWN4PDZ2SA,B01EVLRFA6,Musical_Instruments,1465521745000
AEICZD35OTDYVWA2KPYWN4PDZ2SA,B0186MEA9A,Musical_Instruments,1464213146000
AEICZD35OTDYVWA2KPYWN4PDZ2SA,B08MWWYXB8,Musical_Instruments,1404755503000
AEICZD35OTDYVWA2KPYWN4PDZ2SA,B0037LLG2A,Musical_Instruments,1391790599000
AEICZD35OTDYVWA2KPYWN4PDZ2SA,B00MXUS52U,Musical_Instruments,1385071467000
AGG4G7NWIO2N2S4X2FVW5UUNJT5A,B092V8BZQC,Musical_Instruments,1659399045754
AGG4G7NWIO2N2S4X2FVW5UUNJT5A,B09M9QTL2G,Musical_Instruments,1659391156401
AG4COLOHCLHWUUYWCZ77TPJLE3EQ,B005LR0ETO,Musical_Instruments,1472417648000
AG4COLOHCLHWUUYWCZ77TPJLE3EQ,B00ITH66O0,Musical_Instruments,1472417011000
AG4COLOHCLHWUUYWCZ77TPJLE3EQ,B08JMQR2JK,Musical_Instruments,1472415347000
AG4COLOHCLHWUUYWCZ77TPJLE3EQ,B01DE4DPSC,Musical_Instruments,1472415296000
AG4COLOHCLHWUUYWCZ77TPJLE3EQ,B00CIO6BEA,Musical_Instruments,1472415265000
AG4COLOHCLHWUUYWCZ77TPJLE3EQ,B09G5MLJ79,Musical_Instruments,1472415050000
AGLQQCIS5V6EGUCS5SSNHWZHQM6Q,B07WVVXXVX,Musical_Instruments,1576642183173
AGLQQCIS5V6EGUCS5SSNHWZHQM6Q,B07QGTQ17D,Musical_Instruments,1569857966327
AGLQQCIS5V6EGUCS5SSNHWZHQM6Q,B08YJ5GQ9R,Musical_Instruments,1530637777251
AGLQQCIS5V6EGUCS5SSNHWZHQM6Q,B01LZ7UMJ5,Musical_Instruments,1484764086000
AGLQQCIS5V6EGUCS5SSNHWZHQM6Q,B095QBH5ZB,Musical_Instruments,1483717856000
AGLQQCIS5V6EGUCS5SSNHWZHQM6Q,B00WJ3GS16,Musical_Instruments,1478713827000
AGLQQCIS5V6EGUCS5SSNHWZHQM6Q,B08P4W7NFP,Musical_Instruments,1472094942000
AGLQQCIS5V6EGUCS5SSNHWZHQM6Q,B0199YPXA4,Musical_Instruments,1460328043000
AGLQQCIS5V6EGUCS5SSNHWZHQM6Q,B00J2JAT2Y,Musical_Instruments,1408114764000
AERVTQ63VWSKM3NWNNCJBDKJ4CIA,B08R9X8FZ8,Musical_Instruments,1612836247687
AGZE3IYHOEGKUTJZSQCSFSQ4IFFQ,B01DE4DTAG,Musical_Instruments,1571774733308
AGZE3IYHOEGKUTJZSQCSFSQ4IFFQ,B0025V1REU,Musical_Instruments,1571774474735
AGZE3IYHOEGKUTJZSQCSFSQ4IFFQ,B08R5GM6YB,Musical_Instruments,1443128812000
AGZE3IYHOEGKUTJZSQCSFSQ4IFFQ,B0BPKTYTPQ,Musical_Instruments,1443128679000
AGF5RVFM6B7LTHYFA2BZBRWO33OA,B00JDNYOAW,Musical_Instruments,1580180857916
AEX7SS7SIPFDOSVJVALTWKMAPWOA,B07DL3DR2D,Musical_Instruments,1553308597209
AFNZHLVWANRWLF3N24KCMPOTYG2A,B00UC9IA6A,Musical_Instruments,1462852549000
AGROPS2VIN3R7UUTWO2F662NSNMQ,B07BQN5JXF,Musical_Instruments,1537809465241
AGAOY2BY423ZC7WXKXN4OFIFHEXQ,B08HXGZYRB,Musical_Instruments,1611949665051
AGBOGNMAG3UCA6B4Z6VT62DVNOIA,B00B1YOENI,Musical_Instruments,1397170372000
AH7YC2UCODTUN7WCIH4ETTJ43ZMA,B096SQ21KJ,Musical_Instruments,1614641497845
AG24254ODJTUUAYUJQUBX5556KGA,B09SD4CD5Y,Musical_Instruments,1560009021960
AET24VX4XLW3GZ2XNFXZNPTE2AVA,B077W6Y54K,Musical_Instruments,1579552357610
AFQQQ5LGNSQUEBGDCYBAZZE5T3DA,B08SQFK6J2,Musical_Instruments,1618412412246
AFQQQ5LGNSQUEBGDCYBAZZE5T3DA,B08T18BRDM,Musical_Instruments,1616954491591
AFQQQ5LGNSQUEBGDCYBAZZE5T3DA,B08VCZH1QD,Musical_Instruments,1616196066976
AFQQQ5LGNSQUEBGDCYBAZZE5T3DA,B08QJ7D2P4,Musical_Instruments,1614711303711
AFQQQ5LGNSQUEBGDCYBAZZE5T3DA,B08L8Z67YH,Musical_Instruments,1614104283086
AFQQQ5LGNSQUEBGDCYBAZZE5T3DA,B08227YV9T,Musical_Instruments,1613930922023
AFQQQ5LGNSQUEBGDCYBAZZE5T3DA,B08CGVM9PX,Musical_Instruments,1613243583477
AFQQQ5LGNSQUEBGDCYBAZZE5T3DA,B08QHHLHJL,Musical_Instruments,1612900438358
AFQQQ5LGNSQUEBGDCYBAZZE5T3DA,B08P312YC3,Musical_Instruments,1612801224140
AFQQQ5LGNSQUEBGDCYBAZZE5T3DA,B08DRGPVRB,Musical_Instruments,1611072775820
AFUL3FLW6IDSNCAJQPCOPMBCIIPA,B096VTPT4P,Musical_Instruments,1640756507293
AFUL3FLW6IDSNCAJQPCOPMBCIIPA,B0BTQYTNZK,Musical_Instruments,1622796912919
AFSJGCYOYHJGG2VBYGB7WLKHQ37A,B01L6SSCX6,Musical_Instruments,1524144516037
AFSJGCYOYHJGG2VBYGB7WLKHQ37A,B06XB4WXHB,Musical_Instruments,1509739148485
AFSJGCYOYHJGG2VBYGB7WLKHQ37A,B000E1VOOG,Musical_Instruments,1377804282000
AFNOE72IGHPY5XTBEHKOIL4E6XVA,B004ZT0RUU,Musical_Instruments,1403646420000
AFLX66DKF6R3H6OEOC3TIVAYXZIQ,B0B3YF8PZS,Musical_Instruments,1672831474276
AFLX66DKF6R3H6OEOC3TIVAYXZIQ,B0B6D9RSS4,Musical_Instruments,1664962936131
AFLX66DKF6R3H6OEOC3TIVAYXZIQ,B09VWCSFCK,Musical_Instruments,1653907476743
AFLX66DKF6R3H6OEOC3TIVAYXZIQ,B0B4SNX12K,Musical_Instruments,1632578455228
AFLX66DKF6R3H6OEOC3TIVAYXZIQ,B0BWPZ9WG2,Musical_Instruments,1626431881329
AFLX66DKF6R3H6OEOC3TIVAYXZIQ,B0BHSJ4PNC,Musical_Instruments,1608205313033
AFLX66DKF6R3H6OEOC3TIVAYXZIQ,B07FB6TYS7,Musical_Instruments,1534933412828
AFLX66DKF6R3H6OEOC3TIVAYXZIQ,B01L1TXCVM,Musical_Instruments,1473561347000
AFLX66DKF6R3H6OEOC3TIVAYXZIQ,B08KRPLYJ6,Musical_Instruments,1457285676000
AFLX66DKF6R3H6OEOC3TIVAYXZIQ,B00KAWA4T0,Musical_Instruments,1441333652000
AFLX66DKF6R3H6OEOC3TIVAYXZIQ,B00VK5D67S,Musical_Instruments,1432522390000
AFLX66DKF6R3H6OEOC3TIVAYXZIQ,B0BPJ4Q6FJ,Musical_Instruments,1337800197000
AFLX66DKF6R3H6OEOC3TIVAYXZIQ,B0009MH5O8,Musical_Instruments,1118063158000
AFLX66DKF6R3H6OEOC3TIVAYXZIQ,B0002DOXBM,Musical_Instruments,1104768566000
AGV2W5TFSVS5RUVCL3GLNPA354LA,B09G2RD14V,Musical_Instruments,1655245606449
AGV2W5TFSVS5RUVCL3GLNPA354LA,B0150ZL6ZC,Musical_Instruments,1633893623506
AGV2W5TFSVS5RUVCL3GLNPA354LA,B076NZY43P,Musical_Instruments,1616383410036
AGV2W5TFSVS5RUVCL3GLNPA354LA,B06VWXN217,Musical_Instruments,1520284813119
AE6YLEEPJ47WLVVHEJ4CSBONBVBA,B0009DXEEM,Musical_Instruments,1365181066000
AE6YLEEPJ47WLVVHEJ4CSBONBVBA,B00AV557UC,Musical_Instruments,1363221779000
AFJP74KDEKRSPJN5JINL452T6WNA,B0B6HQR6H3,Musical_Instruments,1603299252779
AE6P2YJ6FKX332MD56GPJFSHXNJQ,B07JQ9QGR9,Musical_Instruments,1555371077543
AGWSEISP3NKF47Q2CG45DBOYURYA,B08563XKD9,Musical_Instruments,1594534845822
AEWUUCDGVSSXYUR37LNLE4EN4LDA,B01MA51Z63,Musical_Instruments,1614614987373
AEWUUCDGVSSXYUR37LNLE4EN4LDA,B00QKQXLM2,Musical_Instruments,1568985058696
AEWUUCDGVSSXYUR37LNLE4EN4LDA,B07CNW7GJ9,Musical_Instruments,1566957390139
AFT7ZUDE2KWQW4IDHTMBKX5EC7GA,B089QJSB7W,Musical_Instruments,1604350429141
AHJ2CDYLH4BNPIDVY3TIDSBNRRPA,B01NCEING6,Musical_Instruments,1517020693172
AEULQGRRIYAEMQL4QJIABL6JCHQQ,B01MFCQY6U,Musical_Instruments,1598883266013
AEULQGRRIYAEMQL4QJIABL6JCHQQ,B0876XKVBN,Musical_Instruments,1595901518190
AEULQGRRIYAEMQL4QJIABL6JCHQQ,B07R21522F,Musical_Instruments,1582200578396
AGEFGQNUBPAGS4JYBD664PSZKDNQ,B07JCQS2S7,Musical_Instruments,1565898830892
AHFAJWA2MDSLJ747IQEF3PHELF4A,B0BT9R8MMV,Musical_Instruments,1663954758031
AHFAJWA2MDSLJ747IQEF3PHELF4A,B004NIFYDI,Musical_Instruments,1334587973000
AFMM5RQLG7N45RORJJF3TBJL3QKA,B0B7C7PYVC,Musical_Instruments,1566238217594
AFMM5RQLG7N45RORJJF3TBJL3QKA,B099QSKMBP,Musical_Instruments,1564422113455
AEUAL3EJKUSTNB4YY6STLYGTJALA,B09MLLNDB9,Musical_Instruments,1659736387963
AEUAL3EJKUSTNB4YY6STLYGTJALA,B09KV12BWB,Musical_Instruments,1652897594446
AEUAL3EJKUSTNB4YY6STLYGTJALA,B072841ZZB,Musical_Instruments,1512762874016
AGZZ35KI6RBFZYHG4TZPOAIACVMA,B09KKZGDD6,Musical_Instruments,1616650694872
AGZZ35KI6RBFZYHG4TZPOAIACVMA,B0B8J8XPS9,Musical_Instruments,1615792117079
AGZZ35KI6RBFZYHG4TZPOAIACVMA,B089LWJFHF,Musical_Instruments,1610495881061
AGZZ35KI6RBFZYHG4TZPOAIACVMA,B079DRQ4ZV,Musical_Instruments,1608176883754
AHAYAH26IDHVY4OOG7S7HCV6EVRA,B07GZ3FM38,Musical_Instruments,1657418580664
AHAYAH26IDHVY4OOG7S7HCV6EVRA,B08K2HC22X,Musical_Instruments,1613654986263
AH2U5PEO5K7PAMZQKFWSX3R23ZIA,B07CTJXY5Z,Musical_Instruments,1633355397912
AGDDPM64XFF5WPK63RDLQ7RBHNVA,B002JK0L1C,Musical_Instruments,1548401995815
AFU5KXXFSVIZLVR4C2CYU3HMK2OQ,B00MY6VQ60,Musical_Instruments,1446212743000
AGIMKDMO3LUDHHGG4ZHXPPZ5OYMA,B0B7896KQT,Musical_Instruments,1609189011232
AF4WLLHTQLRPEZ33OJDYG23MFLKQ,B0BK6SCC3B,Musical_Instruments,1649467883700
AF4WLLHTQLRPEZ33OJDYG23MFLKQ,B003Y5A8EG,Musical_Instruments,1645049484130
AF4WLLHTQLRPEZ33OJDYG23MFLKQ,B08YRMQ7VQ,Musical_Instruments,1645049367178
AF4WLLHTQLRPEZ33OJDYG23MFLKQ,B08HST8G13,Musical_Instruments,1637985029199
AF4WLLHTQLRPEZ33OJDYG23MFLKQ,B0B5D7JW6B,Musical_Instruments,1637984816298
AF4WLLHTQLRPEZ33OJDYG23MFLKQ,B07XZKPWH4,Musical_Instruments,1630045089157
AF4WLLHTQLRPEZ33OJDYG23MFLKQ,B0C6M64NV7,Musical_Instruments,1626841498925
AF4WLLHTQLRPEZ33OJDYG23MFLKQ,B0BLM2WS66,Musical_Instruments,1575783567158
AF4WLLHTQLRPEZ33OJDYG23MFLKQ,B07D3KNW9N,Musical_Instruments,1575783249118
AF4WLLHTQLRPEZ33OJDYG23MFLKQ,B0749K3CB5,Musical_Instruments,1570582417806
AF4WLLHTQLRPEZ33OJDYG23MFLKQ,B07MLM8TGT,Musical_Instruments,1570581912516
AF4WLLHTQLRPEZ33OJDYG23MFLKQ,B07FQLLRQ7,Musical_Instruments,1570581894056
AF4WLLHTQLRPEZ33OJDYG23MFLKQ,B0C3VHF3N7,Musical_Instruments,1570580954595
AF4WLLHTQLRPEZ33OJDYG23MFLKQ,B07BSSS8VZ,Musical_Instruments,1562128945601
AF4WLLHTQLRPEZ33OJDYG23MFLKQ,B016B6YFDO,Musical_Instruments,1553572916605
AFV22L7AEKI2LW6HMLRLUKNYVBGQ,B09HV5FP8R,Musical_Instruments,1640893379519
AFV22L7AEKI2LW6HMLRLUKNYVBGQ,B0C521D41G,Musical_Instruments,1638560617328
AFVOXZV56LIZ2XJG4L3XRF2ITYUA,B0BQYH4Y5L,Musical_Instruments,1594747859249
AEJ2JQSEPTDNRU6TKQYZOUS6Y6PQ,B016C4ZG74,Musical_Instruments,1578150297931
AHUGMYP7DKW6TWQFBFNTX3G72WFQ,B01M7SOP3K,Musical_Instruments,1516235791104
AEIF7UX2DWY4ZIRO25IWJJ365LXA,B074W6S6K9,Musical_Instruments,1575351510904
AEIF7UX2DWY4ZIRO25IWJJ365LXA,B00IPJNW2G,Musical_Instruments,1548133982088
AEN6TFIVX635GNHMXJNMJOA56JWA,B08BW2TBD7,Musical_Instruments,1421180742000
AHDCJCKC5ECOHFMIOJOUG6NRHO6A,B09VRHKPWT,Musical_Instruments,1677352252356
AHDCJCKC5ECOHFMIOJOUG6NRHO6A,B01N3YXABZ,Musical_Instruments,1552837497553
AHDCJCKC5ECOHFMIOJOUG6NRHO6A,B07VWSB34H,Musical_Instruments,1529274538575
AHDCJCKC5ECOHFMIOJOUG6NRHO6A,B0BPJ4Q6FJ,Musical_Instruments,1477686520000
AHDCJCKC5ECOHFMIOJOUG6NRHO6A,B07CQS5BMH,Musical_Instruments,1446316530000
AHQW66DMLWVAY3KSMWFELOUAMD3A,B000EEHI02,Musical_Instruments,1330320708000
AHQW66DMLWVAY3KSMWFELOUAMD3A,B0B2LSX437,Musical_Instruments,1330320526000
AHQW66DMLWVAY3KSMWFELOUAMD3A,B09SNBQCM8,Musical_Instruments,1330319893000
AGQFGXUGFSZHNRQGP7J24RVSLZSA,B002R0KOZ2,Musical_Instruments,1413258852000
AGQFGXUGFSZHNRQGP7J24RVSLZSA,B0BT2QH7V5,Musical_Instruments,1413257921000
AGQFGXUGFSZHNRQGP7J24RVSLZSA,B07B4ZZVDV,Musical_Instruments,1413257438000
AGQFGXUGFSZHNRQGP7J24RVSLZSA,1617805718,Musical_Instruments,1382377366000
AFM5NV37IAPIP2AZXEZTKP3BJWKQ,B07Y4V2SK1,Musical_Instruments,1587536949876
AFFASCHAAKTSXQUAI6SU4YOXTFVA,B00D4MPZNI,Musical_Instruments,1434495422000
AGFKWX5UV6XADCUDKYILHVF2GIQA,B0B7D1HH54,Musical_Instruments,1605616174907
AGUO64P7C4QQ3NVBLJAHCGLLUCQA,B01MAYE84L,Musical_Instruments,1487878210000
AGUO64P7C4QQ3NVBLJAHCGLLUCQA,B07CQMWWLV,Musical_Instruments,1483195062000
AGUO64P7C4QQ3NVBLJAHCGLLUCQA,B019OO4IY6,Musical_Instruments,1483194369000
AGUO64P7C4QQ3NVBLJAHCGLLUCQA,B07DX95KP2,Musical_Instruments,1483194320000
AGAHANLSS7DG4ZHNPP5S56W4SKHA,B06X3YNWH1,Musical_Instruments,1661253159312
AGAHANLSS7DG4ZHNPP5S56W4SKHA,B07ZTZYL2M,Musical_Instruments,1599880310186
AGOTZY5BC6M5777IA7NZ4ZSHLUMA,B0165QGTQ6,Musical_Instruments,1556186671801
AF7KZKMOVOUFI6GEOLFDIHERFAJA,B001H00156,Musical_Instruments,1506429015728
AF5DDQZBNB2UEWU6IZF7VELJQJGA,B01MRKN2H8,Musical_Instruments,1545694888680
AFL5LOO2ILNOXKAYVFCF7M2VCDMQ,B07M7GMM7F,Musical_Instruments,1511239997525
AEYZZTMKOGD5WISD2L4WOKP4D4RA,B07P7CXGKH,Musical_Instruments,1630174598673
AEYZZTMKOGD5WISD2L4WOKP4D4RA,B0C4PHZK1D,Musical_Instruments,1606998632070
AEXTSZOMHUDQZ46764RKBNZ2WANA,B07N5J3GTB,Musical_Instruments,1530030905354
AGER7R5Q22DIDJBAW3TURAHPN6DQ,B07SZLTL1W,Musical_Instruments,1581529136280
AGER7R5Q22DIDJBAW3TURAHPN6DQ,B08Y5PTBKF,Musical_Instruments,1581528290474
AGER7R5Q22DIDJBAW3TURAHPN6DQ,B07FNLCPVB,Musical_Instruments,1580206404534
AGER7R5Q22DIDJBAW3TURAHPN6DQ,B072Q1ZNJN,Musical_Instruments,1574810403250
AGER7R5Q22DIDJBAW3TURAHPN6DQ,B07VPLFNYM,Musical_Instruments,1569398729686
AGER7R5Q22DIDJBAW3TURAHPN6DQ,B0887SDCS9,Musical_Instruments,1569398358668
AGER7R5Q22DIDJBAW3TURAHPN6DQ,B07QRH7K1H,Musical_Instruments,1569398100890
AHTBPU7ASQDCHJ7ZTWH3HOMBHZ5Q,B084TKZFV5,Musical_Instruments,1540569577887
AFYBNKQHMQTDAJ73HFVFK7TWJXZA,B06WRWZX2B,Musical_Instruments,1612876675143
AH5AW5PRJIYE4CFJOEHAMKTQGVYQ,B00INJ7HBK,Musical_Instruments,1487081890000
AEBEJ6DXXVSLCXD6NJ4XPVWRYDNA,B01MD1I08R,Musical_Instruments,1515527573318
AE2VZF52AHYFDF3RAWZ67QHLYLRA,B09W9KRSHQ,Musical_Instruments,1612286788945
AESGMCRKQKHIAIJUL72FWQYVS6MA,B09FPQ2MX3,Musical_Instruments,1672150167426
AGCHWDKXBTWJR5HF7AHWGXXLFNYQ,B07Q6XMDHN,Musical_Instruments,1578282328140
AF224BZVIYKHVGJGPKGC3UAVTLQQ,B07GYW9PLX,Musical_Instruments,1578155074041
AGUFDVO4TYIFQHQUMDXFHSHH43BA,B016QUXTZU,Musical_Instruments,1456166591000
AGUFDVO4TYIFQHQUMDXFHSHH43BA,B0C5BMZ1K9,Musical_Instruments,1456166125000
AECKU4ZPHHQE3ZSFLDTO3ZGPFKMA,B01CQ01SPM,Musical_Instruments,1574829268546
AGKVNYQO6TEMOBIJJXZ3GFUS7YRA,B00UC4S6A0,Musical_Instruments,1513621267816
AE25NQAZI3725GZIL5FS52ZIKWKQ,B0841GM8VF,Musical_Instruments,1660876766426
AGHRQ6BLKUBDEUZH3NT3DXJWOOWA,B072JT59TD,Musical_Instruments,1590354094101
AE2MIK6YBTBRNZZGI5O5Z6VCMEPA,B09B45DLQG,Musical_Instruments,1445056835000
AHFFYUHWXIDWMKYF2GBSHJSLWXAQ,B00IAYFIXW,Musical_Instruments,1433009381000
AEV5KODCW6P7ZXF66HHVTFHQ2Q7Q,B0BLTQ5JK4,Musical_Instruments,1602085897399
AH7P2ZJ7NDT2NNVS7ZEGNEPT2J2Q,B0BT9R8MMV,Musical_Instruments,1326155125000
AH7P2ZJ7NDT2NNVS7ZEGNEPT2J2Q,B001KWDUJ0,Musical_Instruments,1326154391000
AEPS4PAETQFKIPROSTLJDHQJAVKA,B08BJVV6J4,Musical_Instruments,1597245401900
AFKZENTNBQ7A7V7UXW5JJI6UGRYQ,B01MZ3SD2X,Office_Products,1677939345945
AFKZENTNBQ7A7V7UXW5JJI6UGRYQ,B08L6H23JZ,Office_Products,1677939160682
AFKZENTNBQ7A7V7UXW5JJI6UGRYQ,B07JDZ5J46,Office_Products,1660188831933
AFKZENTNBQ7A7V7UXW5JJI6UGRYQ,B07BR2PBJN,Office_Products,1659806066713
AFKZENTNBQ7A7V7UXW5JJI6UGRYQ,B097SFY5ZS,Office_Products,1659799390978
AFKZENTNBQ7A7V7UXW5JJI6UGRYQ,B003UBTODA,Office_Products,1657591253115
AFKZENTNBQ7A7V7UXW5JJI6UGRYQ,B09S7B2FMQ,Office_Products,1655240303599
AFKZENTNBQ7A7V7UXW5JJI6UGRYQ,B08Z78C8K2,Office_Products,1654452995581
AFKZENTNBQ7A7V7UXW5JJI6UGRYQ,B0B6BSZ6DJ,Office_Products,1645819690591
AFKZENTNBQ7A7V7UXW5JJI6UGRYQ,B09FPQXH6B,Office_Products,1645518946029
AFKZENTNBQ7A7V7UXW5JJI6UGRYQ,B07YFCV1NV,Office_Products,1644694360570
AFKZENTNBQ7A7V7UXW5JJI6UGRYQ,B00006IBQG,Office_Products,1644057297504
AFKZENTNBQ7A7V7UXW5JJI6UGRYQ,B00YL5GBWG,Office_Products,1643161893294
AFKZENTNBQ7A7V7UXW5JJI6UGRYQ,B08L4K4QKR,Office_Products,1643160661334
AFKZENTNBQ7A7V7UXW5JJI6UGRYQ,B09KLJ9NJH,Office_Products,1642826493637
AFKZENTNBQ7A7V7UXW5JJI6UGRYQ,B06XY7YNHG,Office_Products,1642733588149
AFKZENTNBQ7A7V7UXW5JJI6UGRYQ,B0B5RTTZ95,Office_Products,1642564061814
AFKZENTNBQ7A7V7UXW5JJI6UGRYQ,B07T4NX5F6,Office_Products,1624656029309
AFKZENTNBQ7A7V7UXW5JJI6UGRYQ,B08XM9Y46P,Office_Products,1624655605692
AFKZENTNBQ7A7V7UXW5JJI6UGRYQ,B07NWP25SX,Office_Products,1624654944258
AFKZENTNBQ7A7V7UXW5JJI6UGRYQ,B0C89HT5G5,Office_Products,1624654749498
AFKZENTNBQ7A7V7UXW5JJI6UGRYQ,B07NRD674H,Office_Products,1623382142051
AFKZENTNBQ7A7V7UXW5JJI6UGRYQ,B07664G5SL,Office_Products,1622450316093
AFKZENTNBQ7A7V7UXW5JJI6UGRYQ,B07DP8BYSY,Office_Products,1622449935071
AFKZENTNBQ7A7V7UXW5JJI6UGRYQ,B08CGCWQM3,Office_Products,1619294576562
AFKZENTNBQ7A7V7UXW5JJI6UGRYQ,B07ZPB8T4P,Office_Products,1611642164889
AFKZENTNBQ7A7V7UXW5JJI6UGRYQ,B098K24779,Office_Products,1589933892398
AFKZENTNBQ7A7V7UXW5JJI6UGRYQ,B0C3R84FLG,Office_Products,1561156591217
AFKZENTNBQ7A7V7UXW5JJI6UGRYQ,B0BNNDBH81,Office_Products,1534444231358
AFKZENTNBQ7A7V7UXW5JJI6UGRYQ,B079HQK8HG,Office_Products,1534443278981
AGGZ357AO26RQZVRLGU4D4N52DZQ,B005DIQDI2,Office_Products,1500920520800
AGGZ357AO26RQZVRLGU4D4N52DZQ,B01J1FH8FY,Office_Products,1460143968000
AGGZ357AO26RQZVRLGU4D4N52DZQ,B07CM4W67B,Office_Products,1438305352000
AGGZ357AO26RQZVRLGU4D4N52DZQ,B00AHPRIN0,Office_Products,1438305310000
AGGZ357AO26RQZVRLGU4D4N52DZQ,B082XWH5V6,Office_Products,1341922802000
AGGZ357AO26RQZVRLGU4D4N52DZQ,B000Q60EYU,Office_Products,1322861049000
AG2L7H23R5LLKDKLBEF2Q3L2MVDA,B003W0UNNO,Office_Products,1613947064010
AG2L7H23R5LLKDKLBEF2Q3L2MVDA,B082ML7PHK,Office_Products,1609192438593
AGCI7FAH4GL5FI65HYLKWTMFZ2CQ,B07BQP16MJ,Office_Products,1570657041042
AGCI7FAH4GL5FI65HYLKWTMFZ2CQ,B01D87DSGO,Office_Products,1565897704395
AGCI7FAH4GL5FI65HYLKWTMFZ2CQ,B01LX40RLO,Office_Products,1547150227546
AGCI7FAH4GL5FI65HYLKWTMFZ2CQ,B00BQHS9E0,Office_Products,1473288854000
AGXVBIUFLFGMVLATYXHJYL4A5Q7Q,B07DG3F8N2,Office_Products,1534769876305
AGXVBIUFLFGMVLATYXHJYL4A5Q7Q,B094XH2QB4,Office_Products,1530556756423
AGXVBIUFLFGMVLATYXHJYL4A5Q7Q,B08L1CM2QX,Office_Products,1490877407000
AGKHLEW2SOWHNMFQIJGBECAF7INQ,B09PSV648R,Office_Products,1644854980107
AGKHLEW2SOWHNMFQIJGBECAF7INQ,B00CYSTXY0,Office_Products,1596920612354
AGKHLEW2SOWHNMFQIJGBECAF7INQ,B07G9Y66N9,Office_Products,1588625715981
AEM663T6XHZFWLODF4US2RCOCUSA,B0878T7Y73,Office_Products,1607055262285
AFE337D2J37YRU5U6MVTVKNDKWDA,B0B1D8866Q,Office_Products,1660451134343
AFE337D2J37YRU5U6MVTVKNDKWDA,B09FJZZQW3,Office_Products,1644482798371
AGBFYI2DDIKXC5Y4FARTYDTQBMFQ,B088MX24QX,Office_Products,1597714859446
AEVWAM3YWN5URJVJIZZ6XPD2MKIA,B001DJ6C2W,Office_Products,1466868439000
AFTC6ZR5IKNRDG5JCPVNVMU3XV2Q,B0B9YG2LJN,Office_Products,1675128608321
AFTC6ZR5IKNRDG5JCPVNVMU3XV2Q,B0BZHVXFYR,Office_Products,1570935249192
AFTC6ZR5IKNRDG5JCPVNVMU3XV2Q,B0C3QY9DFQ,Office_Products,1550380080491
AEAUZK2OLWXD75AWJOCCGGCL3H2A,B07FQP931H,Office_Products,1610306922348
AHITBJSS7KYUBVZPX7M2WJCOIVKQ,B07QY6RZNQ,Office_Products,1574096819701
AHITBJSS7KYUBVZPX7M2WJCOIVKQ,B01GN83KHW,Office_Products,1560027415198
AHITBJSS7KYUBVZPX7M2WJCOIVKQ,B00T83XCM8,Office_Products,1449795379000
AHITBJSS7KYUBVZPX7M2WJCOIVKQ,B00LJEFAOM,Office_Products,1432343635000
AHNCL7NLOKEPI7UADY4TIXN3UTFA,B07DMKWPH9,Office_Products,1614333257997
AFVNEEPDEIH5SPUN5BWC6NKL3WNQ,B0C4NJDNB9,Office_Products,1640948342213
AFVNEEPDEIH5SPUN5BWC6NKL3WNQ,B07HNZ7LF5,Office_Products,1575891241304
AFVNEEPDEIH5SPUN5BWC6NKL3WNQ,B09KTSJLWG,Office_Products,1546290060596
AHGTHCERTEZUXNBLJ5SWHK2CDLXA,B08F1ZHCK7,Office_Products,1610556871118
AFEIN7QWSQ6EFW45LKD7ZOCSMLGQ,B002OHDTMI,Office_Products,1607562268778
AHBHMMUTJ5W3SZUHVKUP35ZYKUHA,B00M4LJMAM,Office_Products,1539829250223
AHSPLDNW5OOUK2PLH7GXLACFBZNQ,B07NZ1YWWS,Office_Products,1556493948767
AHP33HWZXHK3LO2EOA5YJKF4KDIQ,B0C484YSJY,Office_Products,1584100489846
AGXFEGMNVCSTSYYA5UWXDV7AFSXA,B07TXRTBJ9,Office_Products,1589663971426
AGXFEGMNVCSTSYYA5UWXDV7AFSXA,B07DFPFTLH,Office_Products,1546201633611
AGXFEGMNVCSTSYYA5UWXDV7AFSXA,B002NLD3WG,Office_Products,1451305393000
AGXFEGMNVCSTSYYA5UWXDV7AFSXA,B005ZVH890,Office_Products,1350319177000
AGXFEGMNVCSTSYYA5UWXDV7AFSXA,B004X9P0U4,Office_Products,1350319106000
AGXFEGMNVCSTSYYA5UWXDV7AFSXA,B002R5ARFO,Office_Products,1350318119000
AEFKF6R2GUSK2AWPSWRR4ZO36JVQ,B0016P8Q2W,Office_Products,1606976498229
AEFKF6R2GUSK2AWPSWRR4ZO36JVQ,B006TIKR5A,Office_Products,1602739215332
AEFKF6R2GUSK2AWPSWRR4ZO36JVQ,B08DKXJ83W,Office_Products,1602739001516
AEFKF6R2GUSK2AWPSWRR4ZO36JVQ,B00LLQ6ZJM,Office_Products,1602738895121
AEFKF6R2GUSK2AWPSWRR4ZO36JVQ,B0030U9OTK,Office_Products,1533024675861
AEFKF6R2GUSK2AWPSWRR4ZO36JVQ,B00C7W6G8O,Office_Products,1532071714874
AEFKF6R2GUSK2AWPSWRR4ZO36JVQ,B002MAAM1I,Office_Products,1532071612608
AEFKF6R2GUSK2AWPSWRR4ZO36JVQ,B07BFSCQRZ,Office_Products,1532071192239
AEFKF6R2GUSK2AWPSWRR4ZO36JVQ,B08PL6TJXL,Office_Products,1474372868000
AEFKF6R2GUSK2AWPSWRR4ZO36JVQ,B002DW91BM,Office_Products,1474372374000
AEFKF6R2GUSK2AWPSWRR4ZO36JVQ,B007A2GHQC,Office_Products,1414899345000
AEFKF6R2GUSK2AWPSWRR4ZO36JVQ,B003LQIRLE,Office_Products,1414899270000
AEFKF6R2GUSK2AWPSWRR4ZO36JVQ,B000GRBHAO,Office_Products,1414899174000
AEFKF6R2GUSK2AWPSWRR4ZO36JVQ,B00JRGT66M,Office_Products,1411381293000
AEFKF6R2GUSK2AWPSWRR4ZO36JVQ,B003OYAV30,Office_Products,1411380519000
AEFKF6R2GUSK2AWPSWRR4ZO36JVQ,B0079MTAAI,Office_Products,1351030476000
AFO6QN6ICKWUFQV3UEWK5EECIQTQ,B0B7VJ2DX3,Office_Products,1616859306052
AET3VOB7PYHAKDAPEDTFGPSEE6QQ,B09Q964PTR,Office_Products,1606167883432
AGMJ3EMDVL6OWBJF7CA5RGJLXN5A,B0723F38TR,Office_Products,1600987181174
AGMJ3EMDVL6OWBJF7CA5RGJLXN5A,B0058I1R0Q,Office_Products,1566420595007
AFWHJ6O3PV4JC7PVOJH6CPULO2KQ,B081FZWZ55,Office_Products,1612225685495
AFWHJ6O3PV4JC7PVOJH6CPULO2KQ,B000J05NDA,Office_Products,1525980808480
AFWHJ6O3PV4JC7PVOJH6CPULO2KQ,B00XC1YE1A,Office_Products,1524768620173
AFWHJ6O3PV4JC7PVOJH6CPULO2KQ,B07BGFZ83V,Office_Products,1524768581848
AFWHJ6O3PV4JC7PVOJH6CPULO2KQ,B00TTV7X5G,Office_Products,1524768371799
AFWHJ6O3PV4JC7PVOJH6CPULO2KQ,B06ZZV1866,Office_Products,1524768134203
AFWHJ6O3PV4JC7PVOJH6CPULO2KQ,B0B6QS85VW,Office_Products,1524767406037
AFWHJ6O3PV4JC7PVOJH6CPULO2KQ,B0B6QTXJ44,Office_Products,1524767354712
AFWHJ6O3PV4JC7PVOJH6CPULO2KQ,B017WEPOC0,Office_Products,1524337907981
AFWHJ6O3PV4JC7PVOJH6CPULO2KQ,B08W68MC8N,Office_Products,1511030654483
AFWHJ6O3PV4JC7PVOJH6CPULO2KQ,B01LFV7RGW,Office_Products,1507817649192
AEZGPLOYTSAPR3DHZKKXEFPAXUAA,B01LX40RLO,Office_Products,1662259437914
AEZGPLOYTSAPR3DHZKKXEFPAXUAA,B09V7CB1LB,Office_Products,1662257826789
AEWJXW46LKSW22FWTGRYTLNE7TGA,B08QDTGBL3,Office_Products,1645978464926
AHXBL3QDWZGJYH7A5CMPFNUPMF7Q,B0B96D9SJT,Office_Products,1619045496258
AHXBL3QDWZGJYH7A5CMPFNUPMF7Q,B09ZRSMBVH,Office_Products,1588295337247
AHXBL3QDWZGJYH7A5CMPFNUPMF7Q,B08QFCL9VR,Office_Products,1459174082000
AGPR2UDFIJJCBA3EKFEEAJBWKROQ,B01KEUEWH2,Office_Products,1591370667278
AGPR2UDFIJJCBA3EKFEEAJBWKROQ,B0019IP2GE,Office_Products,1534096529936
AGPR2UDFIJJCBA3EKFEEAJBWKROQ,B0056DIYBS,Office_Products,1534096510318
AGPR2UDFIJJCBA3EKFEEAJBWKROQ,B00ZGQD4GU,Office_Products,1455295436000
AG6BAEKWLCWH2TW3KKLVK773YF6A,B07LFVKTV1,Office_Products,1610671050277
AHOEIYJJHZ7ITX75BOFQYNXVVJQQ,B0BMZC3G93,Office_Products,1674302164515
AHOEIYJJHZ7ITX75BOFQYNXVVJQQ,B09ZPTR1M5,Office_Products,1664611270910
AHLC5H2CEWSAOXOA53VIIROLPZKA,B09W7QS947,Office_Products,1665254255909
AHLC5H2CEWSAOXOA53VIIROLPZKA,B0769CXJRW,Office_Products,1663355069473
AHLC5H2CEWSAOXOA53VIIROLPZKA,B07SQJ567B,Office_Products,1613178616135
AHLC5H2CEWSAOXOA53VIIROLPZKA,B08J8D1WLG,Office_Products,1608274160333
AHLC5H2CEWSAOXOA53VIIROLPZKA,B084GW7WFD,Office_Products,1598287742699
AHLC5H2CEWSAOXOA53VIIROLPZKA,B01I0D4IZQ,Office_Products,1481915777000
AHLC5H2CEWSAOXOA53VIIROLPZKA,B08VFZQBKR,Office_Products,1458356369000
AFNT6ZJCYQN3WDIKUSWHJDXNND2Q,B08X7JZQ7S,Office_Products,1677552185837
AFNT6ZJCYQN3WDIKUSWHJDXNND2Q,B0BDSYBBWX,Office_Products,1676512566326
AFNT6ZJCYQN3WDIKUSWHJDXNND2Q,B01N94G4LV,Office_Products,1674006971665
AFNT6ZJCYQN3WDIKUSWHJDXNND2Q,B093QHJT62,Office_Products,1674006867425
AFNT6ZJCYQN3WDIKUSWHJDXNND2Q,B09RCBFY2L,Office_Products,1667005788515
AFNT6ZJCYQN3WDIKUSWHJDXNND2Q,B07P2RN1RN,Office_Products,1573344821916
AFNT6ZJCYQN3WDIKUSWHJDXNND2Q,B09LK9C2H6,Office_Products,1561403114714
AFNT6ZJCYQN3WDIKUSWHJDXNND2Q,B0018191SM,Office_Products,1513807691075
AFNT6ZJCYQN3WDIKUSWHJDXNND2Q,B07W8RMM8R,Office_Products,1513807431747
AFNT6ZJCYQN3WDIKUSWHJDXNND2Q,B0BWM8812D,Office_Products,1453308853000
AHUVQ4UNB2JGV6MY4ZT75SZLPUBQ,B0BG17PN4Y,Office_Products,1672623876197
AHUVQ4UNB2JGV6MY4ZT75SZLPUBQ,B096MWBCK8,Office_Products,1655337705213
AF232QQ7UDHGQOVR6LZ3X7ZVQ3ZA,B00D82D3NI,Office_Products,1504973028177
AF232QQ7UDHGQOVR6LZ3X7ZVQ3ZA,B00CLI3M68,Office_Products,1504972932160
AEVPPTMG43C6GWSR7I2UGRQN7WFQ,B09JMW53JL,Office_Products,1656788116702
AHREXOGQPZDA6354MHH4ETSF3MCQ,B0761H2ZQL,Office_Products,1621866084630
AEYCJLZHSNAWFO7IKKERBKF2VD5A,B0BTPZMK4Q,Office_Products,1598758314336
AEYCJLZHSNAWFO7IKKERBKF2VD5A,B07CKGDVHF,Office_Products,1509194672756
AEYCJLZHSNAWFO7IKKERBKF2VD5A,B0C5364Z2D,Office_Products,1500667277655
AHSXXZHYMXDRVKC643TJZYQ7XGYA,B01LYXKF4D,Office_Products,1592368118021
AHSXXZHYMXDRVKC643TJZYQ7XGYA,B09VY7NBF3,Office_Products,1466009693000
AHSXXZHYMXDRVKC643TJZYQ7XGYA,B00LB40XVA,Office_Products,1449107316000
AHSXXZHYMXDRVKC643TJZYQ7XGYA,B01N6BMP0V,Office_Products,1442074029000
AH6CATODIVPVUOJEWHRSRCSKAOHA,B097M3YZ4N,Office_Products,1640977240020
AH6CATODIVPVUOJEWHRSRCSKAOHA,B018GOQLA4,Office_Products,1590619416397
AH6CATODIVPVUOJEWHRSRCSKAOHA,B07SKN7GCL,Office_Products,1590332648324
AH6CATODIVPVUOJEWHRSRCSKAOHA,B016OTUGYU,Office_Products,1482753809000
AH6CATODIVPVUOJEWHRSRCSKAOHA,B088KZKQKH,Office_Products,1463153017000
AH6CATODIVPVUOJEWHRSRCSKAOHA,B00V5GZJKE,Office_Products,1454417850000
AH6CATODIVPVUOJEWHRSRCSKAOHA,B00134D3BA,Office_Products,1398817989000
AFGUPTDFAWOHHL4LZDV27ERDNOYQ,B083NNV9MV,Office_Products,1610068532850
AFGUPTDFAWOHHL4LZDV27ERDNOYQ,B073KTXFLS,Office_Products,1546663152492
AFGUPTDFAWOHHL4LZDV27ERDNOYQ,B002DZJQ0A,Office_Products,1546662783103
AFIWYBPRAGQIAJOBA4QGIKL2BZAQ,B07JYRC4J5,Office_Products,1641560792550
AFIWYBPRAGQIAJOBA4QGIKL2BZAQ,B072N3T79P,Office_Products,1568053716809
AFIWYBPRAGQIAJOBA4QGIKL2BZAQ,B083L84RS5,Office_Products,1517317175080
AFIWYBPRAGQIAJOBA4QGIKL2BZAQ,B0739SHZVW,Office_Products,1512220910014
AFIWYBPRAGQIAJOBA4QGIKL2BZAQ,B00AVWKUJS,Office_Products,1445381591000
AH6PLOGWYIVIWLJTY756BHNFD4YA,B071CX6TY4,Office_Products,1613855085638
AH6PLOGWYIVIWLJTY756BHNFD4YA,B0737QRV8M,Office_Products,1587991908436
AH6PLOGWYIVIWLJTY756BHNFD4YA,B0773VVK86,Office_Products,1587828248405
AH6PLOGWYIVIWLJTY756BHNFD4YA,B003YGZIY0,Office_Products,1372635296000
AF5MJENGAL5G6BUFIVMH5LRSZ6EA,B07RZ9CTMQ,Office_Products,1647981044767
AF5MJENGAL5G6BUFIVMH5LRSZ6EA,B09RTXPTYG,Office_Products,1643656948763
AF5MJENGAL5G6BUFIVMH5LRSZ6EA,B09914177L,Office_Products,1643656595120
AF5MJENGAL5G6BUFIVMH5LRSZ6EA,1477066349,Office_Products,1635496081689
AF5MJENGAL5G6BUFIVMH5LRSZ6EA,B0BV3CQXYP,Office_Products,1607924147012
AF5MJENGAL5G6BUFIVMH5LRSZ6EA,B08Q55QRVX,Office_Products,1578421877879
AEI4YPQZG6TZOWHDFP7I22S4MQZQ,B07HDSR65W,Office_Products,1578632131156
AEI4YPQZG6TZOWHDFP7I22S4MQZQ,B07H7VJ6P8,Office_Products,1578631826694
AEYORY2AVPMCPDV57CE337YU5LXA,B0725C7K16,Office_Products,1577585980435
AE3Q6AEWP7Y7CH4N6IWEP4YBNP2A,B08YY3QS6W,Office_Products,1646013113300
AFSKPY37N3C43SOI5IEXEK5JSIYA,B098JQR6KJ,Office_Products,1643544716785
AFSKPY37N3C43SOI5IEXEK5JSIYA,B08YRT216Q,Office_Products,1624406408856
AFSKPY37N3C43SOI5IEXEK5JSIYA,B08NF2J4M4,Office_Products,1613243523490
AFSKPY37N3C43SOI5IEXEK5JSIYA,B08K45VC7J,Office_Products,1608069532051
AFSKPY37N3C43SOI5IEXEK5JSIYA,B08DHV46RT,Office_Products,1606955729824
AFSKPY37N3C43SOI5IEXEK5JSIYA,B07V4LZ223,Office_Products,1570572121187
AFSKPY37N3C43SOI5IEXEK5JSIYA,B07DMBK5SR,Office_Products,1565704973484
AFSKPY37N3C43SOI5IEXEK5JSIYA,B01M6CVJBG,Office_Products,1511211476848
AFSKPY37N3C43SOI5IEXEK5JSIYA,B07Q2WYX3Q,Office_Products,1496517346000
AFSKPY37N3C43SOI5IEXEK5JSIYA,B00UHJDW8G,Office_Products,1434399024000
AFSKPY37N3C43SOI5IEXEK5JSIYA,B00D7S845A,Office_Products,1408024295000
AFSKPY37N3C43SOI5IEXEK5JSIYA,B09BKQ1BHM,Office_Products,1405097972000
AFSKPY37N3C43SOI5IEXEK5JSIYA,B09BKQ1BHM,Office_Products,1403816839000
AFSKPY37N3C43SOI5IEXEK5JSIYA,B00AVWKUJI,Office_Products,1367965350000
AFSKPY37N3C43SOI5IEXEK5JSIYA,B000TINEFG,Office_Products,1365762042000
AFSKPY37N3C43SOI5IEXEK5JSIYA,B000X4WCJU,Office_Products,1337808742000
AFSKPY37N3C43SOI5IEXEK5JSIYA,B005SG9B88,Office_Products,1326398151000
AFSKPY37N3C43SOI5IEXEK5JSIYA,B0050BPX10,Office_Products,1315908073000
AFSKPY37N3C43SOI5IEXEK5JSIYA,B000A7WBGY,Office_Products,1311858774000
AFSKPY37N3C43SOI5IEXEK5JSIYA,B0CCK27BSW,Office_Products,1306343685000
AFSKPY37N3C43SOI5IEXEK5JSIYA,B004A91TE8,Office_Products,1306340409000
AFSKPY37N3C43SOI5IEXEK5JSIYA,B0BG91JSPT,Office_Products,1299756987000
AFSKPY37N3C43SOI5IEXEK5JSIYA,B002JG0BZM,Office_Products,1281014866000
AEBQTMAMKQWHOLTR4CYXKKZWXSMA,B0BDRJCBGB,Office_Products,1630428097498
AGCIVNDDRX3PXIUINEG4NCRGWCRA,B015NKTVM4,Office_Products,1611001364630
AGCIVNDDRX3PXIUINEG4NCRGWCRA,B07HNPLC9Y,Office_Products,1579106593448
AGCIVNDDRX3PXIUINEG4NCRGWCRA,B075SG8JK1,Office_Products,1522084869491
AGCPAPUHXYA3EEIL2KGSQTGO5HRA,B01A00F94G,Office_Products,1525299052851
AGCPAPUHXYA3EEIL2KGSQTGO5HRA,B01FWIE032,Office_Products,1497206625665
AGCPAPUHXYA3EEIL2KGSQTGO5HRA,B0C3WRSCS5,Office_Products,1490746017000
AGCPAPUHXYA3EEIL2KGSQTGO5HRA,B00MMOMV2M,Office_Products,1425009002000
AGCPAPUHXYA3EEIL2KGSQTGO5HRA,B010C4XY38,Office_Products,1391371454000
AFGNIWCBLQT2QIXXKIW7Q6VREZRQ,B09SGYCYGC,Office_Products,1646194448600
AFGNIWCBLQT2QIXXKIW7Q6VREZRQ,B07XD1XRZ7,Office_Products,1599855237514
AFGNIWCBLQT2QIXXKIW7Q6VREZRQ,B0BFC26KTN,Office_Products,1599855173633
AFUOYIZBU3MTBOLYKOJE5Z35MBDA,B07M8DLCJK,Office_Products,1673165973320
AFUOYIZBU3MTBOLYKOJE5Z35MBDA,B0BMPMMS6Z,Office_Products,1672338519244
AFUOYIZBU3MTBOLYKOJE5Z35MBDA,B071Y72MNW,Office_Products,1634768439530
AFUOYIZBU3MTBOLYKOJE5Z35MBDA,B007KYUWWA,Office_Products,1460418496000
AG35BKPUEUMX7LV5YLOQ5YCQ3GOA,B0983JFSFT,Office_Products,1678551282241
AG35BKPUEUMX7LV5YLOQ5YCQ3GOA,B07JMHRZRY,Office_Products,1556676211923
AG35BKPUEUMX7LV5YLOQ5YCQ3GOA,B00006JN7V,Office_Products,1514397608979
AG35BKPUEUMX7LV5YLOQ5YCQ3GOA,B075TFWM5G,Office_Products,1514397396007
AG35BKPUEUMX7LV5YLOQ5YCQ3GOA,B07N1DX3D1,Office_Products,1514397352880
AG35BKPUEUMX7LV5YLOQ5YCQ3GOA,B0182V4RVG,Office_Products,1472595069000
AG35BKPUEUMX7LV5YLOQ5YCQ3GOA,B00H4NM7DE,Office_Products,1389800113000
AG35BKPUEUMX7LV5YLOQ5YCQ3GOA,B00A180C3G,Office_Products,1389799112000
AG35BKPUEUMX7LV5YLOQ5YCQ3GOA,B003YFHCKY,Office_Products,1361833599000
AGKFRCDY4WBW4RH6GFYFJ3T3XBSA,B008OO77KA,Office_Products,1400628556000
AHPUT3ITXCHQJO7OMF74LEMYHIVA,B09NR5GSHN,Office_Products,1654734012712
AHPUT3ITXCHQJO7OMF74LEMYHIVA,B08ML463L7,Office_Products,1644470983112
AHGAOIZVODNHYMNCBV4DECZH42UQ,B07L33BLFW,Office_Products,1637364156498
AHGAOIZVODNHYMNCBV4DECZH42UQ,B075V97VBZ,Office_Products,1609858818259
AHGAOIZVODNHYMNCBV4DECZH42UQ,B07BF61B8W,Office_Products,1609000709417
AHGAOIZVODNHYMNCBV4DECZH42UQ,B0BZR1489L,Office_Products,1596376560468
AHGAOIZVODNHYMNCBV4DECZH42UQ,B000NP4C8S,Office_Products,1582673203683
AHGAOIZVODNHYMNCBV4DECZH42UQ,B07WRRDWGL,Office_Products,1579035374452
AHGAOIZVODNHYMNCBV4DECZH42UQ,B082PZ426P,Office_Products,1577369751554
AHGAOIZVODNHYMNCBV4DECZH42UQ,B0C4VLBWSP,Office_Products,1572829149139
AHGAOIZVODNHYMNCBV4DECZH42UQ,B00004Z5LI,Office_Products,1570557973529
AHGAOIZVODNHYMNCBV4DECZH42UQ,B07NKS8V18,Office_Products,1555000566425
AHGAOIZVODNHYMNCBV4DECZH42UQ,B01HSENE4O,Office_Products,1549723317083
AHGAOIZVODNHYMNCBV4DECZH42UQ,B00Q43EL84,Office_Products,1547934788403
AHGAOIZVODNHYMNCBV4DECZH42UQ,B07D8ZS5KN,Office_Products,1547391785698
AHGAOIZVODNHYMNCBV4DECZH42UQ,B07BSHMFW9,Office_Products,1536880774348
AHGAOIZVODNHYMNCBV4DECZH42UQ,B0C6765BDD,Office_Products,1535739610158
AHGAOIZVODNHYMNCBV4DECZH42UQ,B003U8MTOO,Office_Products,1532884128913
AHGAOIZVODNHYMNCBV4DECZH42UQ,B00D3AFMT8,Office_Products,1530802091082
AHGAOIZVODNHYMNCBV4DECZH42UQ,B0C36Q7PM4,Office_Products,1530216498637
AHGAOIZVODNHYMNCBV4DECZH42UQ,B0779BGJBP,Office_Products,1528138944066
AHGAOIZVODNHYMNCBV4DECZH42UQ,B084GD69F1,Office_Products,1526408341108
AHGAOIZVODNHYMNCBV4DECZH42UQ,B072Y4BH7D,Office_Products,1525635761302
AHGAOIZVODNHYMNCBV4DECZH42UQ,B07T33C4S4,Office_Products,1525635646473
AHGAOIZVODNHYMNCBV4DECZH42UQ,B01DN8TG46,Office_Products,1523457293586
AHGAOIZVODNHYMNCBV4DECZH42UQ,B07HXHWDHZ,Office_Products,1522337662813
AHGAOIZVODNHYMNCBV4DECZH42UQ,B072WGMFQR,Office_Products,1521578151354
AHGAOIZVODNHYMNCBV4DECZH42UQ,B078785X3W,Office_Products,1521578044299
AHGAOIZVODNHYMNCBV4DECZH42UQ,B07XVZYZFV,Office_Products,1521232455480
AHGAOIZVODNHYMNCBV4DECZH42UQ,B07XVZYZFV,Office_Products,1521232409907
AHGAOIZVODNHYMNCBV4DECZH42UQ,B0B6QRY1ZB,Office_Products,1513876403930
AHGAOIZVODNHYMNCBV4DECZH42UQ,B005GPFWG6,Office_Products,1513814365931
AHGAOIZVODNHYMNCBV4DECZH42UQ,B01K8JL62I,Office_Products,1513557269738
AHGAOIZVODNHYMNCBV4DECZH42UQ,B0925Q175R,Office_Products,1513274871396
AHGAOIZVODNHYMNCBV4DECZH42UQ,B0992YMHYW,Office_Products,1511307031480
AHGAOIZVODNHYMNCBV4DECZH42UQ,B004HJ6ZFO,Office_Products,1511306956196
AHGAOIZVODNHYMNCBV4DECZH42UQ,B0C3VN2M6Z,Office_Products,1500086824024
AHGAOIZVODNHYMNCBV4DECZH42UQ,B08729C6MQ,Office_Products,1500086751667
AF5Z2RWMKZOTVIXDTOTYJKVJ7G2A,B08KZD3WN4,Office_Products,1609672506784
AGAJIGBX3UA7OEFS3XA42FR5SGWA,B0B1F2465R,Office_Products,1543788325423
AGOVW6NFUETMVWLUT4YFJGTSBH3Q,B076WMZBHV,Office_Products,1540783668970
AGUMKAETPKF5G37FKT6CXLBRPOAA,B07D6VKNSM,Office_Products,1548207870724
AE7Y5RLYIKHOZB5NKKOEKYG2SPSQ,1469427745,Office_Products,1668434563786
AE7Y5RLYIKHOZB5NKKOEKYG2SPSQ,B08SVBFH5G,Office_Products,1630194004389
AFN4CBF7K45NM7AC4OKGZ2Z2E56Q,B08FBBWBSC,Office_Products,1608745991840
AEEPQNBGOQFIIR36NAUCIFL5F3MQ,B0BK961KZG,Office_Products,1672191383066
AFGEM6BXCYHUILEOA3P2ZYBEF2TA,B001GXM68Y,Office_Products,1675364278519
AFGEM6BXCYHUILEOA3P2ZYBEF2TA,B0B8GQH1F1,Office_Products,1672352622464
AFGEM6BXCYHUILEOA3P2ZYBEF2TA,B079T11MMF,Office_Products,1619095342517
AHOTTCH2V6EADWONZ3GAVU5KUP3A,B0886J1DPX,Office_Products,1606872862020
AHOTTCH2V6EADWONZ3GAVU5KUP3A,B01N5DNPTQ,Office_Products,1563694042832
AH7DSQKRNRX45EP42R364AWLJ3TQ,B08TNSR17X,Office_Products,1615820132048
AHHBXLYVZCDODBPA2NTPSACJD6CA,B09G2ZNF8F,Office_Products,1655682359352
AHHBXLYVZCDODBPA2NTPSACJD6CA,B001SR1242,Office_Products,1378963433000
AGC3Q6IXOVLTTDMS4Q55FPYUF6FQ,B08L1BWTB2,Office_Products,1677946051320
AGC3Q6IXOVLTTDMS4Q55FPYUF6FQ,B0BSF1K96C,Office_Products,1662372293774
AGC3Q6IXOVLTTDMS4Q55FPYUF6FQ,B0BHVKL1RC,Office_Products,1589724480967
AEYS7TG2WOZAB7NLRVGTM5XZIG3Q,B087S2JRXY,Office_Products,1565892122081
AGZHUIQEFS4VR23E7SKABSLIVEEA,B07SNGLNQC,Office_Products,1577003769466
AEOKAIB6OJVB5FRZGLEB3YAK5UBQ,B082FZ2VD5,Office_Products,1567475026329
AEOKAIB6OJVB5FRZGLEB3YAK5UBQ,B07PVKQSGY,Office_Products,1567461022267
AEOKAIB6OJVB5FRZGLEB3YAK5UBQ,B07FSMK294,Office_Products,1555891291085
AEOKAIB6OJVB5FRZGLEB3YAK5UBQ,B0BGCZNFYJ,Office_Products,1533697440177
AEXC2RWTZY5DQIVSVFXGUZANKMSQ,B001A3Y32C,Office_Products,1594930700107
AEYEP6B5W5QBNMM4OBQBQJDJ63SA,B082V4FWKW,Office_Products,1600689885735
AGMBLP4JLQK6M3UZQY655VZP73XA,B0BZ971TC7,Office_Products,1510602763487
AHZ6XMOLEWA67S3TX7IWEXXGWSOA,B08B89JCP5,Office_Products,1665926134164
AHZ6XMOLEWA67S3TX7IWEXXGWSOA,B07NHXTJKZ,Office_Products,1625280286761
AHZ6XMOLEWA67S3TX7IWEXXGWSOA,B07DPJ16N9,Office_Products,1582758267943
AHZ6XMOLEWA67S3TX7IWEXXGWSOA,B00006IBS6,Office_Products,1582758097652
AHZ6XMOLEWA67S3TX7IWEXXGWSOA,B07H8VBNNR,Office_Products,1549863058007
AHZ6XMOLEWA67S3TX7IWEXXGWSOA,B01N2VMGMQ,Office_Products,1549862124823
AHZ6XMOLEWA67S3TX7IWEXXGWSOA,B0119FW1T2,Office_Products,1486594428000
AHZ6XMOLEWA67S3TX7IWEXXGWSOA,B0006HVMA4,Office_Products,1482388064000
AHZ6XMOLEWA67S3TX7IWEXXGWSOA,B08GLT5HLJ,Office_Products,1449894950000
AHZ6XMOLEWA67S3TX7IWEXXGWSOA,B00SX0R6MO,Office_Products,1449592019000
AHZ6XMOLEWA67S3TX7IWEXXGWSOA,B08GM98V1Z,Office_Products,1416525355000
AHZ6XMOLEWA67S3TX7IWEXXGWSOA,B000K5Y4PW,Office_Products,1406384382000
AHZ6XMOLEWA67S3TX7IWEXXGWSOA,B013X0EZ4A,Office_Products,1406381992000
AFZUK3MTBIBEDQOPAK3OATUOUKLA,B09TR7X8CN,Office_Products,1675205732884
AFZUK3MTBIBEDQOPAK3OATUOUKLA,B07PDNBMF6,Office_Products,1674604349204
AFZUK3MTBIBEDQOPAK3OATUOUKLA,B07X4F27Z8,Office_Products,1674001263798
AFZUK3MTBIBEDQOPAK3OATUOUKLA,B00NY6N1UI,Office_Products,1671983869583
AFZUK3MTBIBEDQOPAK3OATUOUKLA,B0BBY5SKCF,Office_Products,1671733175718
AFZUK3MTBIBEDQOPAK3OATUOUKLA,B098K11N25,Office_Products,1671732848841
AFZUK3MTBIBEDQOPAK3OATUOUKLA,B07XQLQ3R1,Office_Products,1671731799935
AFZUK3MTBIBEDQOPAK3OATUOUKLA,B00NY6MW08,Office_Products,1671726300701
AFZUK3MTBIBEDQOPAK3OATUOUKLA,B0994RTBCW,Office_Products,1671726088112
AFZUK3MTBIBEDQOPAK3OATUOUKLA,B09H2Y8FWP,Office_Products,1671725590271
AFZUK3MTBIBEDQOPAK3OATUOUKLA,B07H23K78W,Office_Products,1671725457432
AFZUK3MTBIBEDQOPAK3OATUOUKLA,B09B51QXC9,Office_Products,1671725294493
AFZUK3MTBIBEDQOPAK3OATUOUKLA,B0B4WGP855,Office_Products,1671723868236
AFZUK3MTBIBEDQOPAK3OATUOUKLA,B094MGS1QY,Office_Products,1669500198217
AFZUK3MTBIBEDQOPAK3OATUOUKLA,B09FR24R5D,Office_Products,1669496835492
AFZUK3MTBIBEDQOPAK3OATUOUKLA,B0B45H82MZ,Office_Products,1669496614354
AFZUK3MTBIBEDQOPAK3OATUOUKLA,B09C5MJHKM,Office_Products,1669496394120
AFZUK3MTBIBEDQOPAK3OATUOUKLA,B0BGZ23BS9,Office_Products,1668017968274
AFZUK3MTBIBEDQOPAK3OATUOUKLA,B07FB5CB18,Office_Products,1668016081933
AFZUK3MTBIBEDQOPAK3OATUOUKLA,B0B6HYZSL6,Office_Products,1666146108488
AFZUK3MTBIBEDQOPAK3OATUOUKLA,B093QHJT62,Office_Products,1665686877904
AFZUK3MTBIBEDQOPAK3OATUOUKLA,B0B8Z4B1PT,Office_Products,1664130261457
AFZUK3MTBIBEDQOPAK3OATUOUKLA,B08R58P32J,Office_Products,1664130097206
AFZUK3MTBIBEDQOPAK3OATUOUKLA,B09TV7Q5PV,Office_Products,1664129668097
AFZUK3MTBIBEDQOPAK3OATUOUKLA,B0B7J7FQB1,Office_Products,1663549246656
AFZUK3MTBIBEDQOPAK3OATUOUKLA,B0B6P1YQXK,Office_Products,1660710724171
AFZUK3MTBIBEDQOPAK3OATUOUKLA,B0BJQS98PP,Office_Products,1660702869930
AFZUK3MTBIBEDQOPAK3OATUOUKLA,B0B6P4WD39,Office_Products,1660702619997
AFZUK3MTBIBEDQOPAK3OATUOUKLA,B0B5QSC3TJ,Office_Products,1660702167043
AFZUK3MTBIBEDQOPAK3OATUOUKLA,B092Q33F49,Office_Products,1660097931187
AFZUK3MTBIBEDQOPAK3OATUOUKLA,B094K1NMLQ,Office_Products,1660097320946
AFZUK3MTBIBEDQOPAK3OATUOUKLA,B09XTVRGQH,Office_Products,1657860529180
AFZUK3MTBIBEDQOPAK3OATUOUKLA,B0C1TBWCKG,Office_Products,1655847166812
AFZUK3MTBIBEDQOPAK3OATUOUKLA,B0CC8YXWG6,Office_Products,1651110686528
AFZUK3MTBIBEDQOPAK3OATUOUKLA,B07Q39FQSJ,Office_Products,1651109069934
AFZUK3MTBIBEDQOPAK3OATUOUKLA,B093G75ZS8,Office_Products,1651108749799
AFZUK3MTBIBEDQOPAK3OATUOUKLA,B00G4CJ8GK,Office_Products,1649976181139
AFZUK3MTBIBEDQOPAK3OATUOUKLA,B0BS76ZMJC,Office_Products,1649387924919
AFZUK3MTBIBEDQOPAK3OATUOUKLA,B093JK3DBG,Office_Products,1646026109566
AFZUK3MTBIBEDQOPAK3OATUOUKLA,B08HYHXY6X,Office_Products,1646025924847
AFZUK3MTBIBEDQOPAK3OATUOUKLA,B08FSZM8ZB,Office_Products,1646025383829
AFZUK3MTBIBEDQOPAK3OATUOUKLA,B084LPK26V,Office_Products,1646025102656
AFZUK3MTBIBEDQOPAK3OATUOUKLA,B08CZSL1PD,Office_Products,1645063751509
AFZUK3MTBIBEDQOPAK3OATUOUKLA,B07DGVNNT9,Office_Products,1641420401185
AFZUK3MTBIBEDQOPAK3OATUOUKLA,B09LRR89ZY,Office_Products,1641406073707
AFZUK3MTBIBEDQOPAK3OATUOUKLA,B0BDVD62GJ,Office_Products,1638676732137
AFZUK3MTBIBEDQOPAK3OATUOUKLA,B07RMV5ZSY,Office_Products,1638048121483
AFZUK3MTBIBEDQOPAK3OATUOUKLA,B0BZH5KM8J,Office_Products,1638047993440
AFZUK3MTBIBEDQOPAK3OATUOUKLA,B079L4FSYM,Office_Products,1632625301446
AFZUK3MTBIBEDQOPAK3OATUOUKLA,B09MZ9TFWW,Office_Products,1632624745547
AFZUK3MTBIBEDQOPAK3OATUOUKLA,B00T83XCM8,Office_Products,1630382128606
AFZUK3MTBIBEDQOPAK3OATUOUKLA,B01LWQQM82,Office_Products,1630381664428
AFZUK3MTBIBEDQOPAK3OATUOUKLA,B081458VKK,Office_Products,1630381557598
AFZUK3MTBIBEDQOPAK3OATUOUKLA,B09TV3L16Q,Office_Products,1630380880353
AFZUK3MTBIBEDQOPAK3OATUOUKLA,B088NLCMQQ,Office_Products,1630379642540
AFZUK3MTBIBEDQOPAK3OATUOUKLA,B0BWQ8MKVR,Office_Products,1630368928172
AFZUK3MTBIBEDQOPAK3OATUOUKLA,B09PZGQT9K,Office_Products,1630368656546
AFZUK3MTBIBEDQOPAK3OATUOUKLA,B0BHVNDL6K,Office_Products,1630368215831
AFZUK3MTBIBEDQOPAK3OATUOUKLA,B0C5S9H6C6,Office_Products,1630365557394
AFZUK3MTBIBEDQOPAK3OATUOUKLA,B097Q6XNZK,Office_Products,1628969650231
AFZUK3MTBIBEDQOPAK3OATUOUKLA,B08J45MDL3,Office_Products,1628616395928
AFZUK3MTBIBEDQOPAK3OATUOUKLA,B0784RHQG9,Office_Products,1627852298930
AFZUK3MTBIBEDQOPAK3OATUOUKLA,B0B6QRHB36,Office_Products,1623959537806
AFZUK3MTBIBEDQOPAK3OATUOUKLA,B0B6QRY1ZB,Office_Products,1623959421948
AFZUK3MTBIBEDQOPAK3OATUOUKLA,B0BXFG2FY2,Office_Products,1620407645301
AFZUK3MTBIBEDQOPAK3OATUOUKLA,B0B51Z3978,Office_Products,1620276402230
AFZUK3MTBIBEDQOPAK3OATUOUKLA,B0B6QST457,Office_Products,1618008220064
AFZUK3MTBIBEDQOPAK3OATUOUKLA,B005P3B4OS,Office_Products,1618008184571
AFZUK3MTBIBEDQOPAK3OATUOUKLA,B08K4GLG75,Office_Products,1618006404915
AFZUK3MTBIBEDQOPAK3OATUOUKLA,B07PPL84FY,Office_Products,1616716759227
AFZUK3MTBIBEDQOPAK3OATUOUKLA,B09TQPDFY1,Office_Products,1616716621488
AFZUK3MTBIBEDQOPAK3OATUOUKLA,B093D138QF,Office_Products,1616716204095
AFZUK3MTBIBEDQOPAK3OATUOUKLA,B0BD51VT9B,Office_Products,1616533172171
AFZUK3MTBIBEDQOPAK3OATUOUKLA,B0BR1SQ7M3,Office_Products,1616533006171
AFZUK3MTBIBEDQOPAK3OATUOUKLA,B0BR1V24GD,Office_Products,1616532853989
AFZUK3MTBIBEDQOPAK3OATUOUKLA,B0B522L6T2,Office_Products,1616532511647
AFZUK3MTBIBEDQOPAK3OATUOUKLA,B07V9FL8V4,Office_Products,1616532417968
AFZUK3MTBIBEDQOPAK3OATUOUKLA,B09NBBQS2P,Office_Products,1615436256721
AFZUK3MTBIBEDQOPAK3OATUOUKLA,B0749PKZGN,Office_Products,1615138255459
AFZUK3MTBIBEDQOPAK3OATUOUKLA,B000MFJNVK,Office_Products,1613776241165
AFZUK3MTBIBEDQOPAK3OATUOUKLA,B092HMWPDW,Office_Products,1613536031184
AFZUK3MTBIBEDQOPAK3OATUOUKLA,B005EDXAFK,Office_Products,1613534988866
AFZUK3MTBIBEDQOPAK3OATUOUKLA,B0C6L65ZBQ,Office_Products,1611814036974
AFZUK3MTBIBEDQOPAK3OATUOUKLA,B00QL1AW00,Office_Products,1611810794009
AFZUK3MTBIBEDQOPAK3OATUOUKLA,B07MKLCQC6,Office_Products,1611809151534
AFZUK3MTBIBEDQOPAK3OATUOUKLA,B085GMDW8Z,Office_Products,1611330090393
AFZUK3MTBIBEDQOPAK3OATUOUKLA,B07QK9HR1N,Office_Products,1611092867692
AFZUK3MTBIBEDQOPAK3OATUOUKLA,B0C1CXBHKZ,Office_Products,1610864379842
AFZUK3MTBIBEDQOPAK3OATUOUKLA,B07Y1GRW6B,Office_Products,1610539337763
AFZUK3MTBIBEDQOPAK3OATUOUKLA,B07M9SDKPS,Office_Products,1609350519132
AFZUK3MTBIBEDQOPAK3OATUOUKLA,B082GCQ5N1,Office_Products,1608304803247
AFZUK3MTBIBEDQOPAK3OATUOUKLA,B0B18GCKN4,Office_Products,1606996453351
AFZUK3MTBIBEDQOPAK3OATUOUKLA,B07889BFC5,Office_Products,1606995874784
AFZUK3MTBIBEDQOPAK3OATUOUKLA,B0BNNCDVH1,Office_Products,1606752614999
AFZUK3MTBIBEDQOPAK3OATUOUKLA,B0BH3WM5SW,Office_Products,1606691296229
AFZUK3MTBIBEDQOPAK3OATUOUKLA,B01M3OERR8,Office_Products,1606691200275
AFZUK3MTBIBEDQOPAK3OATUOUKLA,B084MZCWNL,Office_Products,1602888378428
AFZUK3MTBIBEDQOPAK3OATUOUKLA,B0BKMHL1VT,Office_Products,1602886735698
AFZUK3MTBIBEDQOPAK3OATUOUKLA,B07RJYQMW9,Office_Products,1600963859547
AFZUK3MTBIBEDQOPAK3OATUOUKLA,B077FFRQQS,Office_Products,1600302096637
AFZUK3MTBIBEDQOPAK3OATUOUKLA,B07DLMLXP3,Office_Products,1600301885475
AFZUK3MTBIBEDQOPAK3OATUOUKLA,B07VWTBPDZ,Office_Products,1600300569818
AFZUK3MTBIBEDQOPAK3OATUOUKLA,B0BR1SQ7M3,Office_Products,1600298072242
AFZUK3MTBIBEDQOPAK3OATUOUKLA,B095YCRTQQ,Office_Products,1599686436760
AFZUK3MTBIBEDQOPAK3OATUOUKLA,B01J2S74P4,Office_Products,1598923715924
AFZUK3MTBIBEDQOPAK3OATUOUKLA,1441310290,Office_Products,1598923528591
AFZUK3MTBIBEDQOPAK3OATUOUKLA,B0B5NR1L6H,Office_Products,1598923410927
AFZUK3MTBIBEDQOPAK3OATUOUKLA,B01H6XZU1M,Office_Products,1598923077373
AFZUK3MTBIBEDQOPAK3OATUOUKLA,B0784TVXYY,Office_Products,1597206604258
AFZUK3MTBIBEDQOPAK3OATUOUKLA,B07JYV67B8,Office_Products,1594348821040
AFZUK3MTBIBEDQOPAK3OATUOUKLA,B079L6R6X8,Office_Products,1593320989471
AFZUK3MTBIBEDQOPAK3OATUOUKLA,B0B3PV6HJD,Office_Products,1591734158815
AFZUK3MTBIBEDQOPAK3OATUOUKLA,B06XYVXDQ8,Office_Products,1591732953917
AFZUK3MTBIBEDQOPAK3OATUOUKLA,B09F12B968,Office_Products,1586729491447
AFZUK3MTBIBEDQOPAK3OATUOUKLA,B000093L25,Office_Products,1586389757085
AFZUK3MTBIBEDQOPAK3OATUOUKLA,B01JJNBKBG,Office_Products,1581389931048
AFZUK3MTBIBEDQOPAK3OATUOUKLA,B07VNGCTCL,Office_Products,1580927125168
AFZUK3MTBIBEDQOPAK3OATUOUKLA,B00178HMMS,Office_Products,1579719392079
AFZUK3MTBIBEDQOPAK3OATUOUKLA,B08233D22Y,Office_Products,1579718724109
AFZUK3MTBIBEDQOPAK3OATUOUKLA,B0B75S9WGP,Office_Products,1579718642088
AFZUK3MTBIBEDQOPAK3OATUOUKLA,B07DM1KGM9,Office_Products,1579718516852
AFZUK3MTBIBEDQOPAK3OATUOUKLA,B09KNCJ6F6,Office_Products,1579718130941
AFZUK3MTBIBEDQOPAK3OATUOUKLA,B076RNS74J,Office_Products,1579718079983
AFZUK3MTBIBEDQOPAK3OATUOUKLA,B0017DCQCE,Office_Products,1579717463899
AFZUK3MTBIBEDQOPAK3OATUOUKLA,B0B6QQPG57,Office_Products,1579715817856
AFZUK3MTBIBEDQOPAK3OATUOUKLA,B0B8TJ728T,Office_Products,1579715483042
AFZUK3MTBIBEDQOPAK3OATUOUKLA,B01M24TL06,Office_Products,1579715400846
AFZUK3MTBIBEDQOPAK3OATUOUKLA,B008DIXE0O,Office_Products,1579715350195
AFZUK3MTBIBEDQOPAK3OATUOUKLA,B01G2RWNFE,Office_Products,1579715278074
AFZUK3MTBIBEDQOPAK3OATUOUKLA,B09F66RY8Y,Office_Products,1579635798678
AFZUK3MTBIBEDQOPAK3OATUOUKLA,B079ZXF5MF,Office_Products,1579635410113
AFZUK3MTBIBEDQOPAK3OATUOUKLA,B09PBBXGBQ,Office_Products,1579635150089
AFZUK3MTBIBEDQOPAK3OATUOUKLA,B07NC7617L,Office_Products,1579634624644
AFZUK3MTBIBEDQOPAK3OATUOUKLA,B07CT2TB1R,Office_Products,1579634374709
AFZUK3MTBIBEDQOPAK3OATUOUKLA,B0BSN23DQT,Office_Products,1579634052640
AFZUK3MTBIBEDQOPAK3OATUOUKLA,B0B3WQ6DF8,Office_Products,1579391722054
AFZUK3MTBIBEDQOPAK3OATUOUKLA,B08C9H9V49,Office_Products,1578867578194
AFZUK3MTBIBEDQOPAK3OATUOUKLA,B07N155HRP,Office_Products,1578867091513
AFZUK3MTBIBEDQOPAK3OATUOUKLA,B07GCNWTXB,Office_Products,1578866937045
AFZUK3MTBIBEDQOPAK3OATUOUKLA,B07ND6QTQL,Office_Products,1576086283135
AFZUK3MTBIBEDQOPAK3OATUOUKLA,B08MWPW2J4,Office_Products,1574474046355
AFZUK3MTBIBEDQOPAK3OATUOUKLA,B0CBP97H6Q,Office_Products,1570664346259
AFZUK3MTBIBEDQOPAK3OATUOUKLA,B0BH96PWKQ,Office_Products,1570587486298
AFZUK3MTBIBEDQOPAK3OATUOUKLA,B07DH1MNMR,Office_Products,1569377119325
AFZUK3MTBIBEDQOPAK3OATUOUKLA,B079J9NQVM,Office_Products,1564551315297
AFZUK3MTBIBEDQOPAK3OATUOUKLA,B07HQ5P4FN,Office_Products,1556563869248
AFZUK3MTBIBEDQOPAK3OATUOUKLA,B07D8P6L3W,Office_Products,1556323730535
AFZUK3MTBIBEDQOPAK3OATUOUKLA,B08JHWHBSZ,Office_Products,1551235077885
AFZUK3MTBIBEDQOPAK3OATUOUKLA,B0BNWJFMHD,Office_Products,1550525631922
AFZUK3MTBIBEDQOPAK3OATUOUKLA,B08R9XFLG7,Office_Products,1550525452023
AFZUK3MTBIBEDQOPAK3OATUOUKLA,B07GWNTV8J,Office_Products,1550525139752
AFZUK3MTBIBEDQOPAK3OATUOUKLA,B0748GPDDL,Office_Products,1550525009974
AFZUK3MTBIBEDQOPAK3OATUOUKLA,B07BRPBT3J,Office_Products,1550524773088
AFZUK3MTBIBEDQOPAK3OATUOUKLA,B07D2CW3X7,Office_Products,1550524682696
AFZUK3MTBIBEDQOPAK3OATUOUKLA,B07Y5XCDCC,Office_Products,1545849820627
AFZUK3MTBIBEDQOPAK3OATUOUKLA,B07W4DFYN8,Office_Products,1538014839284
AFZUK3MTBIBEDQOPAK3OATUOUKLA,B00EYDQT4A,Office_Products,1537897069426
AFZUK3MTBIBEDQOPAK3OATUOUKLA,B08Q57MV77,Office_Products,1535811863266
AFZUK3MTBIBEDQOPAK3OATUOUKLA,B0C1P9QRW4,Office_Products,1533659323211
AFZUK3MTBIBEDQOPAK3OATUOUKLA,B07BRM84Y3,Office_Products,1532559814806
AFZUK3MTBIBEDQOPAK3OATUOUKLA,B07RPP7Z7W,Office_Products,1530737196869
AFZUK3MTBIBEDQOPAK3OATUOUKLA,B002HWRK3E,Office_Products,1527909982364
AFZUK3MTBIBEDQOPAK3OATUOUKLA,B0B7577D1J,Office_Products,1521755488340
AFZUK3MTBIBEDQOPAK3OATUOUKLA,B0BD55J3HS,Office_Products,1520356304548
AFZUK3MTBIBEDQOPAK3OATUOUKLA,B01NANC8A4,Office_Products,1510079134074
AFZUK3MTBIBEDQOPAK3OATUOUKLA,B096K7215Z,Office_Products,1508020584694
AFZUK3MTBIBEDQOPAK3OATUOUKLA,B002E56SXC,Office_Products,1507074966867
AFZUK3MTBIBEDQOPAK3OATUOUKLA,B01N2YR67T,Office_Products,1506364416719
AFZUK3MTBIBEDQOPAK3OATUOUKLA,B00L1G7OMO,Office_Products,1502315587721
AFZUK3MTBIBEDQOPAK3OATUOUKLA,B0BBLYYHY3,Office_Products,1500514900123
AFZUK3MTBIBEDQOPAK3OATUOUKLA,B0C7WN2BQM,Office_Products,1497222706831
AFZUK3MTBIBEDQOPAK3OATUOUKLA,B002HWRK34,Office_Products,1497222123570
AFZUK3MTBIBEDQOPAK3OATUOUKLA,B00AWDKB2W,Office_Products,1490129025000
AFZUK3MTBIBEDQOPAK3OATUOUKLA,B0897WTBSZ,Office_Products,1486327303000
AFZUK3MTBIBEDQOPAK3OATUOUKLA,B07MP1J6YJ,Office_Products,1486317226000
AFZUK3MTBIBEDQOPAK3OATUOUKLA,B01M2VO9NT,Office_Products,1485148890000
AFZUK3MTBIBEDQOPAK3OATUOUKLA,B097SFZQ8J,Office_Products,1484516092000
AFZUK3MTBIBEDQOPAK3OATUOUKLA,B0B6QSLDZ1,Office_Products,1484509936000
AFZUK3MTBIBEDQOPAK3OATUOUKLA,B0B6QQPG57,Office_Products,1484099103000
AFZUK3MTBIBEDQOPAK3OATUOUKLA,B0044SA388,Office_Products,1484097917000
AFZUK3MTBIBEDQOPAK3OATUOUKLA,B01H5PHSFM,Office_Products,1484090917000
AFZUK3MTBIBEDQOPAK3OATUOUKLA,B019A21JYO,Office_Products,1484090734000
AFZUK3MTBIBEDQOPAK3OATUOUKLA,B00MT6ALZW,Office_Products,1483906649000
AFZUK3MTBIBEDQOPAK3OATUOUKLA,B0173358X0,Office_Products,1483759444000
AFZUK3MTBIBEDQOPAK3OATUOUKLA,B0BLXK73V6,Office_Products,1481759778000
AFZUK3MTBIBEDQOPAK3OATUOUKLA,B0C6L65ZBQ,Office_Products,1472443024000
AFZUK3MTBIBEDQOPAK3OATUOUKLA,B0005KC7A6,Office_Products,1472442027000
AFZUK3MTBIBEDQOPAK3OATUOUKLA,B0BGS91BMN,Office_Products,1461098067000
AFZUK3MTBIBEDQOPAK3OATUOUKLA,B08CBKW43J,Office_Products,1461096924000
AFZUK3MTBIBEDQOPAK3OATUOUKLA,B002ONCFF4,Office_Products,1459003177000
AFZUK3MTBIBEDQOPAK3OATUOUKLA,B09WXWF1HP,Office_Products,1459003074000
AFZUK3MTBIBEDQOPAK3OATUOUKLA,B000783OXA,Office_Products,1459002110000
AFZUK3MTBIBEDQOPAK3OATUOUKLA,B00006IFKW,Office_Products,1458942892000
AFKZENTNBQ7A7V7UXW5JJI6UGRYQ,B07CL2CD4D,Patio_Lawn_and_Garden,1618965231473
AGGZ357AO26RQZVRLGU4D4N52DZQ,B0C6HJPJXL,Patio_Lawn_and_Garden,1661261577742
AGGZ357AO26RQZVRLGU4D4N52DZQ,B01CHG9MXA,Patio_Lawn_and_Garden,1481665576000
AGKASBHYZPGTEPO6LWZPVJWB2BVA,B004BK1DL0,Patio_Lawn_and_Garden,1653174206096
AGCI7FAH4GL5FI65HYLKWTMFZ2CQ,B004CSWPS6,Patio_Lawn_and_Garden,1474144567000
AGCI7FAH4GL5FI65HYLKWTMFZ2CQ,B005FVPP04,Patio_Lawn_and_Garden,1456772560000
AGCI7FAH4GL5FI65HYLKWTMFZ2CQ,B0B34QLVXJ,Patio_Lawn_and_Garden,1456772188000
AGCI7FAH4GL5FI65HYLKWTMFZ2CQ,B003OS18HE,Patio_Lawn_and_Garden,1397664685000
AGXVBIUFLFGMVLATYXHJYL4A5Q7Q,B08L5YVDR9,Patio_Lawn_and_Garden,1607702861811
AGXVBIUFLFGMVLATYXHJYL4A5Q7Q,B00RSD4ZOY,Patio_Lawn_and_Garden,1474376501000
AGXVBIUFLFGMVLATYXHJYL4A5Q7Q,B081SLGZY3,Patio_Lawn_and_Garden,1461331133000
AFE337D2J37YRU5U6MVTVKNDKWDA,B09B3Q1RJR,Patio_Lawn_and_Garden,1659125123337
AFE337D2J37YRU5U6MVTVKNDKWDA,B079NLTFY4,Patio_Lawn_and_Garden,1611392072373
AEVWAM3YWN5URJVJIZZ6XPD2MKIA,B017HR0XYG,Patio_Lawn_and_Garden,1485302644000
AEVWAM3YWN5URJVJIZZ6XPD2MKIA,B003ZUHL2W,Patio_Lawn_and_Garden,1466867532000
AEVWAM3YWN5URJVJIZZ6XPD2MKIA,B00HEESKC0,Patio_Lawn_and_Garden,1440350962000
AEVWAM3YWN5URJVJIZZ6XPD2MKIA,B00DQ8K2UG,Patio_Lawn_and_Garden,1425673280000
AEVWAM3YWN5URJVJIZZ6XPD2MKIA,B009SLYFMQ,Patio_Lawn_and_Garden,1425672938000
AE74DYR3QUGVPZJ3P7RFWBGIX7XQ,B07L8SG31S,Patio_Lawn_and_Garden,1667624420190
AFAHVT5FXHSIGNDR7YZK3FOCW3YA,B0045122EM,Patio_Lawn_and_Garden,1597431280158
AFAHVT5FXHSIGNDR7YZK3FOCW3YA,B000WE7L9M,Patio_Lawn_and_Garden,1528392793487
AHVC23XPR4J63SSNSIRNG4H6AEWQ,B09WZGXJL4,Patio_Lawn_and_Garden,1677122639706
AHVC23XPR4J63SSNSIRNG4H6AEWQ,B0BG4X4VGC,Patio_Lawn_and_Garden,1671300032648
AHVC23XPR4J63SSNSIRNG4H6AEWQ,B07F9XMBPF,Patio_Lawn_and_Garden,1556666149467
AHVC23XPR4J63SSNSIRNG4H6AEWQ,B07MH431N1,Patio_Lawn_and_Garden,1555864758495
AHNCL7NLOKEPI7UADY4TIXN3UTFA,B01LXXRDNV,Patio_Lawn_and_Garden,1614333513057
AHGTHCERTEZUXNBLJ5SWHK2CDLXA,B09D2RQGQT,Patio_Lawn_and_Garden,1653713779949
AFJTRBXMURLHS5EGNXLUHDHIZRFQ,B00KGMWNC0,Patio_Lawn_and_Garden,1652225417538
AFJTRBXMURLHS5EGNXLUHDHIZRFQ,B08V1HBRHL,Patio_Lawn_and_Garden,1646704263889
AFJTRBXMURLHS5EGNXLUHDHIZRFQ,B002FGU2MI,Patio_Lawn_and_Garden,1624053736863
AFJTRBXMURLHS5EGNXLUHDHIZRFQ,B000BQT5IG,Patio_Lawn_and_Garden,1602272552200
AFJTRBXMURLHS5EGNXLUHDHIZRFQ,B096WPNG8Q,Patio_Lawn_and_Garden,1600542207688
AHSPLDNW5OOUK2PLH7GXLACFBZNQ,B00730QW70,Patio_Lawn_and_Garden,1570643111092
AHSPLDNW5OOUK2PLH7GXLACFBZNQ,B00CRYOPMQ,Patio_Lawn_and_Garden,1449000286000
AHWWLSPCJMALVHDDVSUGICL6RUCA,B00DHHIRC6,Patio_Lawn_and_Garden,1673301167503
AHWWLSPCJMALVHDDVSUGICL6RUCA,B093PWR3GC,Patio_Lawn_and_Garden,1673301122333
AHWWLSPCJMALVHDDVSUGICL6RUCA,B078MLTF7S,Patio_Lawn_and_Garden,1673301072963
AHWWLSPCJMALVHDDVSUGICL6RUCA,B0831FJJHN,Patio_Lawn_and_Garden,1668259834044
AGBUJDDLRJIUJFTKPABJT6CJTHRQ,B07RY7G98T,Patio_Lawn_and_Garden,1593046073869
AGXFEGMNVCSTSYYA5UWXDV7AFSXA,B00EOMT4BQ,Patio_Lawn_and_Garden,1658694049811
AGXFEGMNVCSTSYYA5UWXDV7AFSXA,B06WVCTNLP,Patio_Lawn_and_Garden,1596306379499
AGXFEGMNVCSTSYYA5UWXDV7AFSXA,B00F5465B4,Patio_Lawn_and_Garden,1529790016225
AGXFEGMNVCSTSYYA5UWXDV7AFSXA,B00BHZMI1Q,Patio_Lawn_and_Garden,1497461030033
AEFKF6R2GUSK2AWPSWRR4ZO36JVQ,B07BTTFTVS,Patio_Lawn_and_Garden,1624748968807
AEFKF6R2GUSK2AWPSWRR4ZO36JVQ,B09VQMVL63,Patio_Lawn_and_Garden,1624748849700
AEFKF6R2GUSK2AWPSWRR4ZO36JVQ,B00004R9XP,Patio_Lawn_and_Garden,1623110667333
AEFKF6R2GUSK2AWPSWRR4ZO36JVQ,B01J0RIRUS,Patio_Lawn_and_Garden,1566941843328
AEFKF6R2GUSK2AWPSWRR4ZO36JVQ,B073V7N6RQ,Patio_Lawn_and_Garden,1566941698710
AF4BOHAQZZBMDYP7B6IWIKQNHTCA,B0BVHG67W8,Patio_Lawn_and_Garden,1666978386997
AF4BOHAQZZBMDYP7B6IWIKQNHTCA,B08P28WKHD,Patio_Lawn_and_Garden,1656446598207
AF4BOHAQZZBMDYP7B6IWIKQNHTCA,B08DNWCHM8,Patio_Lawn_and_Garden,1604792919230
AF4BOHAQZZBMDYP7B6IWIKQNHTCA,B003I68Z78,Patio_Lawn_and_Garden,1596462459181
AFO6QN6ICKWUFQV3UEWK5EECIQTQ,B09NQ8FY3Q,Patio_Lawn_and_Garden,1670365188007
AET3VOB7PYHAKDAPEDTFGPSEE6QQ,B092R5DVG5,Patio_Lawn_and_Garden,1621455925940
AFWHJ6O3PV4JC7PVOJH6CPULO2KQ,B09JNWKSHG,Patio_Lawn_and_Garden,1655751169828
AFWHJ6O3PV4JC7PVOJH6CPULO2KQ,B08HNBNJ81,Patio_Lawn_and_Garden,1644251115677
AFWHJ6O3PV4JC7PVOJH6CPULO2KQ,B096FMR4XH,Patio_Lawn_and_Garden,1524768566691
AFWHJ6O3PV4JC7PVOJH6CPULO2KQ,B081BCK2QK,Patio_Lawn_and_Garden,1524337977819
AGYMJY6FD5ZBRML5EWUDC6HVNS6A,B09Y1ZM1ZJ,Patio_Lawn_and_Garden,1625587658947
AEWJXW46LKSW22FWTGRYTLNE7TGA,B08576BZF8,Patio_Lawn_and_Garden,1655989105702
AEWJXW46LKSW22FWTGRYTLNE7TGA,B0BFNVT6JC,Patio_Lawn_and_Garden,1653564889140
AEWJXW46LKSW22FWTGRYTLNE7TGA,B07KJCCB4W,Patio_Lawn_and_Garden,1597364152061
AEWJXW46LKSW22FWTGRYTLNE7TGA,B09KQRQSRZ,Patio_Lawn_and_Garden,1593002935235
AEWJXW46LKSW22FWTGRYTLNE7TGA,B07B482LMM,Patio_Lawn_and_Garden,1586369408010
AEWJXW46LKSW22FWTGRYTLNE7TGA,B01A7KW122,Patio_Lawn_and_Garden,1586369309100
AEWJXW46LKSW22FWTGRYTLNE7TGA,B0C6B5JCMX,Patio_Lawn_and_Garden,1572227378386
AH6PDU5N7P7TLLVFHCY64IFV7HIQ,B07D9YZZL1,Patio_Lawn_and_Garden,1649777699739
AGPR2UDFIJJCBA3EKFEEAJBWKROQ,B07FKYVB49,Patio_Lawn_and_Garden,1527864156063
AEQAYV7RXZEBXMQIQPL6KCT2CFWQ,B07DK1L6VP,Patio_Lawn_and_Garden,1666812435610
AEQAYV7RXZEBXMQIQPL6KCT2CFWQ,B09TJXWDML,Patio_Lawn_and_Garden,1642724384191
AEQAYV7RXZEBXMQIQPL6KCT2CFWQ,B08L8RXJQT,Patio_Lawn_and_Garden,1642724031928
AEQAYV7RXZEBXMQIQPL6KCT2CFWQ,B015Y259DQ,Patio_Lawn_and_Garden,1595100987541
AEQAYV7RXZEBXMQIQPL6KCT2CFWQ,B00TD58GPO,Patio_Lawn_and_Garden,1565312566313
AEQAYV7RXZEBXMQIQPL6KCT2CFWQ,B00TD4ZLSU,Patio_Lawn_and_Garden,1565312516824
AEVPPTMG43C6GWSR7I2UGRQN7WFQ,B08K3SCLGV,Patio_Lawn_and_Garden,1611190359443
AHREXOGQPZDA6354MHH4ETSF3MCQ,B08YNB3C52,Patio_Lawn_and_Garden,1620822008022
AEYCJLZHSNAWFO7IKKERBKF2VD5A,B0C46XHGLX,Patio_Lawn_and_Garden,1521909240742
AHSXXZHYMXDRVKC643TJZYQ7XGYA,B00E4GACB8,Patio_Lawn_and_Garden,1630729960131
AH6CATODIVPVUOJEWHRSRCSKAOHA,B098CZ7YB7,Patio_Lawn_and_Garden,1676136128769
AH6CATODIVPVUOJEWHRSRCSKAOHA,B09XBB7QXH,Patio_Lawn_and_Garden,1658304927556
AH6CATODIVPVUOJEWHRSRCSKAOHA,B07RWPGYGB,Patio_Lawn_and_Garden,1653153716923
AH6CATODIVPVUOJEWHRSRCSKAOHA,B0BRKR13X8,Patio_Lawn_and_Garden,1650310441204
AFGUPTDFAWOHHL4LZDV27ERDNOYQ,B07V2LQV4S,Patio_Lawn_and_Garden,1671593788830
AHYIIOGHQYQNXYSSAOUSP4WYYBUA,B0BFMV7SP6,Patio_Lawn_and_Garden,1620860878734
AEKDF2ANHCJWJQSPSMPV5TNTNZJA,B0BYJZZWPY,Patio_Lawn_and_Garden,1595802464609
AHW2LP77UXV3E2T3SIERXOYD7DDA,B07VGZ4ZBH,Patio_Lawn_and_Garden,1651789240320
AH6PLOGWYIVIWLJTY756BHNFD4YA,B002WGIMVO,Patio_Lawn_and_Garden,1673267065438
AH6PLOGWYIVIWLJTY756BHNFD4YA,B000O9SVKS,Patio_Lawn_and_Garden,1661559731865
AH6PLOGWYIVIWLJTY756BHNFD4YA,B09VLGWXMW,Patio_Lawn_and_Garden,1655121860232
AH6PLOGWYIVIWLJTY756BHNFD4YA,B07WNXXZGC,Patio_Lawn_and_Garden,1652496048441
AH6PLOGWYIVIWLJTY756BHNFD4YA,B07V7JR7T9,Patio_Lawn_and_Garden,1616499737263
AH6PLOGWYIVIWLJTY756BHNFD4YA,B076DBPR6C,Patio_Lawn_and_Garden,1562265416685
AH6PLOGWYIVIWLJTY756BHNFD4YA,B076V7ZYB8,Patio_Lawn_and_Garden,1562253244385
AH6PLOGWYIVIWLJTY756BHNFD4YA,B009ZZNSCS,Patio_Lawn_and_Garden,1441882066000
AH6PLOGWYIVIWLJTY756BHNFD4YA,B000GKXXKS,Patio_Lawn_and_Garden,1356096320000
AHI3JGUFPMIJLPYTHBMTFAOZ4XFA,B09WLGB9KQ,Patio_Lawn_and_Garden,1539992638936
AGFETIUFABYTBKH3H237OWO2FLBA,B0C1YB1N3T,Patio_Lawn_and_Garden,1657402476389
AGFETIUFABYTBKH3H237OWO2FLBA,B08BRJ22TL,Patio_Lawn_and_Garden,1636332966260
AEI4YPQZG6TZOWHDFP7I22S4MQZQ,B009MOW9S6,Patio_Lawn_and_Garden,1640036572331
AEI4YPQZG6TZOWHDFP7I22S4MQZQ,B08VRYG7V9,Patio_Lawn_and_Garden,1603038154375
AEI4YPQZG6TZOWHDFP7I22S4MQZQ,B089314VLQ,Patio_Lawn_and_Garden,1599347947701
AGJSTXSEWFVQWVQINO6QKMNBUUNA,B0BCQSQ2XF,Patio_Lawn_and_Garden,1665244022054
AGJSTXSEWFVQWVQINO6QKMNBUUNA,B09W5FFBGX,Patio_Lawn_and_Garden,1665243825608
AGJSTXSEWFVQWVQINO6QKMNBUUNA,B09BP6ZD6N,Patio_Lawn_and_Garden,1655775668328
AGJSTXSEWFVQWVQINO6QKMNBUUNA,B0C2VJT6BM,Patio_Lawn_and_Garden,1639170337256
AEJDETWITK2KGACH7FUBMY33PPSQ,B01JAJ1LQS,Patio_Lawn_and_Garden,1522958602815
AEJDETWITK2KGACH7FUBMY33PPSQ,B09Z48QJV8,Patio_Lawn_and_Garden,1520791386466
AGSMNIT5YGSO35M2YRIE2OZIOSUQ,B000IGEEQC,Patio_Lawn_and_Garden,1417566364000
AFSKPY37N3C43SOI5IEXEK5JSIYA,B093MD2JL1,Patio_Lawn_and_Garden,1647793436063
AFSKPY37N3C43SOI5IEXEK5JSIYA,B0BQ2LC4SN,Patio_Lawn_and_Garden,1629490057752
AFSKPY37N3C43SOI5IEXEK5JSIYA,B08NP38C66,Patio_Lawn_and_Garden,1615921830551
AFSKPY37N3C43SOI5IEXEK5JSIYA,B09SZR1H2J,Patio_Lawn_and_Garden,1598213352160
AFSKPY37N3C43SOI5IEXEK5JSIYA,B0893KHMCM,Patio_Lawn_and_Garden,1594644690059
AFSKPY37N3C43SOI5IEXEK5JSIYA,B082NVHBW3,Patio_Lawn_and_Garden,1583453920367
AFSKPY37N3C43SOI5IEXEK5JSIYA,B08DK9T52W,Patio_Lawn_and_Garden,1569235187294
AFSKPY37N3C43SOI5IEXEK5JSIYA,B07RTWTZMZ,Patio_Lawn_and_Garden,1563877411575
AFSKPY37N3C43SOI5IEXEK5JSIYA,B08QRVKF74,Patio_Lawn_and_Garden,1557261868282
AFSKPY37N3C43SOI5IEXEK5JSIYA,B07988CQYH,Patio_Lawn_and_Garden,1543787816172
AFSKPY37N3C43SOI5IEXEK5JSIYA,B0723C1NX7,Patio_Lawn_and_Garden,1499264687989
AFSKPY37N3C43SOI5IEXEK5JSIYA,B094DWC6WX,Patio_Lawn_and_Garden,1476379133000
AFSKPY37N3C43SOI5IEXEK5JSIYA,B00BHUUZ6Q,Patio_Lawn_and_Garden,1432119806000
AFSKPY37N3C43SOI5IEXEK5JSIYA,B000X5ULNI,Patio_Lawn_and_Garden,1431870379000
AFSKPY37N3C43SOI5IEXEK5JSIYA,B07KFKYB13,Patio_Lawn_and_Garden,1429621878000
AFSKPY37N3C43SOI5IEXEK5JSIYA,B00RXWDLUY,Patio_Lawn_and_Garden,1429618556000
AFSKPY37N3C43SOI5IEXEK5JSIYA,B08LMBXM2K,Patio_Lawn_and_Garden,1390993720000
AFSKPY37N3C43SOI5IEXEK5JSIYA,B008NFL1RK,Patio_Lawn_and_Garden,1349799248000
AFSKPY37N3C43SOI5IEXEK5JSIYA,B0013FO2B4,Patio_Lawn_and_Garden,1308744531000
AFSKPY37N3C43SOI5IEXEK5JSIYA,B001KOUDJS,Patio_Lawn_and_Garden,1242870676000
AFSKPY37N3C43SOI5IEXEK5JSIYA,B001KOUDH0,Patio_Lawn_and_Garden,1238191061000
AGCPAPUHXYA3EEIL2KGSQTGO5HRA,B08D8YHVG9,Patio_Lawn_and_Garden,1600661582248
AFUOYIZBU3MTBOLYKOJE5Z35MBDA,B08DFGJFWM,Patio_Lawn_and_Garden,1672338298837
AFUOYIZBU3MTBOLYKOJE5Z35MBDA,B0B2VJQLDP,Patio_Lawn_and_Garden,1667504826135
AFUOYIZBU3MTBOLYKOJE5Z35MBDA,B071JL1VH4,Patio_Lawn_and_Garden,1667504215470
AFUOYIZBU3MTBOLYKOJE5Z35MBDA,B072JD654R,Patio_Lawn_and_Garden,1667503763916
AFUOYIZBU3MTBOLYKOJE5Z35MBDA,B0CFYLGV4L,Patio_Lawn_and_Garden,1657320263487
AFUOYIZBU3MTBOLYKOJE5Z35MBDA,B09SCB5T7S,Patio_Lawn_and_Garden,1654104369713
AFUOYIZBU3MTBOLYKOJE5Z35MBDA,B08QVMB2RW,Patio_Lawn_and_Garden,1654104187396
AFUOYIZBU3MTBOLYKOJE5Z35MBDA,B07YYZ3WJ8,Patio_Lawn_and_Garden,1654103149126
AFUOYIZBU3MTBOLYKOJE5Z35MBDA,B077RD1HZT,Patio_Lawn_and_Garden,1654102583408
AFUOYIZBU3MTBOLYKOJE5Z35MBDA,B08Q7JYYT5,Patio_Lawn_and_Garden,1575334270358
AFUOYIZBU3MTBOLYKOJE5Z35MBDA,B08K3WP5K6,Patio_Lawn_and_Garden,1575334005798
AFUOYIZBU3MTBOLYKOJE5Z35MBDA,B09VPTQ1ZR,Patio_Lawn_and_Garden,1534038194305
AFUOYIZBU3MTBOLYKOJE5Z35MBDA,B00LOXN2MK,Patio_Lawn_and_Garden,1534037978361
AFUOYIZBU3MTBOLYKOJE5Z35MBDA,B01AXOW550,Patio_Lawn_and_Garden,1534037837942
AFUOYIZBU3MTBOLYKOJE5Z35MBDA,B01H38OL7E,Patio_Lawn_and_Garden,1532748024283
AFUOYIZBU3MTBOLYKOJE5Z35MBDA,B09K9QDW9S,Patio_Lawn_and_Garden,1449007759000
AFUOYIZBU3MTBOLYKOJE5Z35MBDA,B00LMFR6R2,Patio_Lawn_and_Garden,1449007663000
AFUOYIZBU3MTBOLYKOJE5Z35MBDA,B07THLQDQC,Patio_Lawn_and_Garden,1442692504000
AG35BKPUEUMX7LV5YLOQ5YCQ3GOA,B07T4F787Z,Patio_Lawn_and_Garden,1613427439398
AG35BKPUEUMX7LV5YLOQ5YCQ3GOA,B006V877BU,Patio_Lawn_and_Garden,1365694030000
AG35BKPUEUMX7LV5YLOQ5YCQ3GOA,B001BRQGHC,Patio_Lawn_and_Garden,1365693036000
AHPUT3ITXCHQJO7OMF74LEMYHIVA,B096XWW16D,Patio_Lawn_and_Garden,1657915032619
AHPUT3ITXCHQJO7OMF74LEMYHIVA,B0B9VXPSJW,Patio_Lawn_and_Garden,1595979218586
AHGAOIZVODNHYMNCBV4DECZH42UQ,B01NBK9GPA,Patio_Lawn_and_Garden,1531943534422
AHGAOIZVODNHYMNCBV4DECZH42UQ,B01MG8XTWZ,Patio_Lawn_and_Garden,1501695436290
AGAJIGBX3UA7OEFS3XA42FR5SGWA,B0061UTV26,Patio_Lawn_and_Garden,1430144828000
AGOVW6NFUETMVWLUT4YFJGTSBH3Q,B0CBPWTPNB,Patio_Lawn_and_Garden,1672505482048
AE7Y5RLYIKHOZB5NKKOEKYG2SPSQ,B07XZPHG68,Patio_Lawn_and_Garden,1672083201542
AE7Y5RLYIKHOZB5NKKOEKYG2SPSQ,B09QXKGC1M,Patio_Lawn_and_Garden,1668436389163
AE7Y5RLYIKHOZB5NKKOEKYG2SPSQ,B07ST9BJ5P,Patio_Lawn_and_Garden,1668434020515
AE7Y5RLYIKHOZB5NKKOEKYG2SPSQ,B094FCQ6YV,Patio_Lawn_and_Garden,1655423409867
AFN4CBF7K45NM7AC4OKGZ2Z2E56Q,B08CC56BLT,Patio_Lawn_and_Garden,1639198144498
AEEPQNBGOQFIIR36NAUCIFL5F3MQ,B0786S4XY9,Patio_Lawn_and_Garden,1618096254031
AGVWGLLS7SG3ZQTICDD7K6EAPRMQ,B0B37HLF2Z,Patio_Lawn_and_Garden,1660512683081
AH7DSQKRNRX45EP42R364AWLJ3TQ,B01N6EI8V3,Patio_Lawn_and_Garden,1522439611997
AGQJNXM7K6U5ZHDPSOJ2CLKUH5IQ,B08Y8BSLHW,Patio_Lawn_and_Garden,1619831773522
AHHBXLYVZCDODBPA2NTPSACJD6CA,B0C3CJPCHJ,Patio_Lawn_and_Garden,1677997901308
AHHBXLYVZCDODBPA2NTPSACJD6CA,B01INRSBH0,Patio_Lawn_and_Garden,1609456585376
AHHBXLYVZCDODBPA2NTPSACJD6CA,B01592SOC4,Patio_Lawn_and_Garden,1574623607258
AHHBXLYVZCDODBPA2NTPSACJD6CA,B06XWXRRTP,Patio_Lawn_and_Garden,1516521457905
AHHBXLYVZCDODBPA2NTPSACJD6CA,B0BDVP73CS,Patio_Lawn_and_Garden,1513728363507
AHHBXLYVZCDODBPA2NTPSACJD6CA,B074189JCD,Patio_Lawn_and_Garden,1513540606494
AFE7OXQ2GPXOICDFCLDEOW55SKLA,B093JZJBY3,Patio_Lawn_and_Garden,1641581576785
AEYS7TG2WOZAB7NLRVGTM5XZIG3Q,B07TWZT2SP,Patio_Lawn_and_Garden,1596561645297
AEYS7TG2WOZAB7NLRVGTM5XZIG3Q,B07WNCJTB4,Patio_Lawn_and_Garden,1596561337668
AEYS7TG2WOZAB7NLRVGTM5XZIG3Q,B09132FC96,Patio_Lawn_and_Garden,1570252220907
AEYS7TG2WOZAB7NLRVGTM5XZIG3Q,B0C576GBM7,Patio_Lawn_and_Garden,1570240216706
AHFLQE2JRKV4XJDSLX3LSEPMHF7Q,B09RQCLQ3J,Patio_Lawn_and_Garden,1567574875532
AEFIZWO3P6NV4AFJDRGBNNUDXE3Q,B08VN2N2WV,Patio_Lawn_and_Garden,1617836043766
AHX4XWVVQUKT3FCNWCVASDF4Q56Q,B08R9YSMG4,Patio_Lawn_and_Garden,1609447383905
AHX4XWVVQUKT3FCNWCVASDF4Q56Q,B07GRF4FSN,Patio_Lawn_and_Garden,1580934738091
AHX4XWVVQUKT3FCNWCVASDF4Q56Q,B09B9SKFPF,Patio_Lawn_and_Garden,1579668282586
AHX4XWVVQUKT3FCNWCVASDF4Q56Q,B00080QKA6,Patio_Lawn_and_Garden,1501015585711
AHY7ZJB523OPTIKXRI63PS2V6FSQ,B0863JQLGH,Patio_Lawn_and_Garden,1626316349000
AHY7ZJB523OPTIKXRI63PS2V6FSQ,B07N12CKJM,Patio_Lawn_and_Garden,1620733442897
AHY7ZJB523OPTIKXRI63PS2V6FSQ,B0BKLRB1FL,Patio_Lawn_and_Garden,1602876994212
AHY7ZJB523OPTIKXRI63PS2V6FSQ,B0BY9VPPB5,Patio_Lawn_and_Garden,1582046861175
AHY7ZJB523OPTIKXRI63PS2V6FSQ,B075QMMTJD,Patio_Lawn_and_Garden,1532820702581
AEYEP6B5W5QBNMM4OBQBQJDJ63SA,B096Z551HW,Patio_Lawn_and_Garden,1640522499505
AF2FPW2AJZGXQGM6KQDTHTOL7E5Q,B07ZQTBBMR,Patio_Lawn_and_Garden,1655151929097
AF2FPW2AJZGXQGM6KQDTHTOL7E5Q,B07X6M7YWL,Patio_Lawn_and_Garden,1598896547887
AF2FPW2AJZGXQGM6KQDTHTOL7E5Q,B096HB6M7J,Patio_Lawn_and_Garden,1590463328725
AGMBLP4JLQK6M3UZQY655VZP73XA,B004EBWKUO,Patio_Lawn_and_Garden,1510602688548
AHZ6XMOLEWA67S3TX7IWEXXGWSOA,B0B3WSPRRZ,Patio_Lawn_and_Garden,1665924192507
AHZ6XMOLEWA67S3TX7IWEXXGWSOA,B09M9DSQZQ,Patio_Lawn_and_Garden,1650557088770
AHZ6XMOLEWA67S3TX7IWEXXGWSOA,B09JLNKKYM,Patio_Lawn_and_Garden,1650556753957
AHZ6XMOLEWA67S3TX7IWEXXGWSOA,B0C3VWVFFP,Patio_Lawn_and_Garden,1646702930893
AHZ6XMOLEWA67S3TX7IWEXXGWSOA,B0956V134G,Patio_Lawn_and_Garden,1646701852352
AHZ6XMOLEWA67S3TX7IWEXXGWSOA,B09S3BTSCV,Patio_Lawn_and_Garden,1646701507009
AHZ6XMOLEWA67S3TX7IWEXXGWSOA,B091CKX9JQ,Patio_Lawn_and_Garden,1635632812390
AHZ6XMOLEWA67S3TX7IWEXXGWSOA,B09VVJ6WWZ,Patio_Lawn_and_Garden,1633657839985
AHZ6XMOLEWA67S3TX7IWEXXGWSOA,B097XSDHCC,Patio_Lawn_and_Garden,1633657507557
AHZ6XMOLEWA67S3TX7IWEXXGWSOA,B078N3M145,Patio_Lawn_and_Garden,1629321270634
AHZ6XMOLEWA67S3TX7IWEXXGWSOA,B001ARBD8U,Patio_Lawn_and_Garden,1629317993585
AHZ6XMOLEWA67S3TX7IWEXXGWSOA,B08SK3GK4G,Patio_Lawn_and_Garden,1629316922190
AHZ6XMOLEWA67S3TX7IWEXXGWSOA,B0881SKQ1V,Patio_Lawn_and_Garden,1624113541130
AHZ6XMOLEWA67S3TX7IWEXXGWSOA,B0BMQW33KX,Patio_Lawn_and_Garden,1621359165564
AHZ6XMOLEWA67S3TX7IWEXXGWSOA,B08JCX3Z4L,Patio_Lawn_and_Garden,1621358909980
AHZ6XMOLEWA67S3TX7IWEXXGWSOA,B01AO6T19U,Patio_Lawn_and_Garden,1621358315107
AHZ6XMOLEWA67S3TX7IWEXXGWSOA,B08G211BBH,Patio_Lawn_and_Garden,1621358156150
AHZ6XMOLEWA67S3TX7IWEXXGWSOA,B002HJBPE2,Patio_Lawn_and_Garden,1621357992468
AHZ6XMOLEWA67S3TX7IWEXXGWSOA,B09HXT5VMB,Patio_Lawn_and_Garden,1621357411791
AHZ6XMOLEWA67S3TX7IWEXXGWSOA,B0CCJVSGNY,Patio_Lawn_and_Garden,1621357105949
AHZ6XMOLEWA67S3TX7IWEXXGWSOA,B0BGR41GHN,Patio_Lawn_and_Garden,1620789592715
AHZ6XMOLEWA67S3TX7IWEXXGWSOA,B009XP5X46,Patio_Lawn_and_Garden,1618911930337
AHZ6XMOLEWA67S3TX7IWEXXGWSOA,B0BZ5HLZST,Patio_Lawn_and_Garden,1618911648193
AHZ6XMOLEWA67S3TX7IWEXXGWSOA,B09M65R1ZG,Patio_Lawn_and_Garden,1618243589215
AHZ6XMOLEWA67S3TX7IWEXXGWSOA,B09NMFMCKQ,Patio_Lawn_and_Garden,1618243405146
AHZ6XMOLEWA67S3TX7IWEXXGWSOA,B09PNBGB8H,Patio_Lawn_and_Garden,1618243097383
AHZ6XMOLEWA67S3TX7IWEXXGWSOA,B01NH9VQAR,Patio_Lawn_and_Garden,1618242724302
AHZ6XMOLEWA67S3TX7IWEXXGWSOA,B0C15VRVT6,Patio_Lawn_and_Garden,1617004071518
AHZ6XMOLEWA67S3TX7IWEXXGWSOA,B0BY2VM69Q,Patio_Lawn_and_Garden,1617003427822
AHZ6XMOLEWA67S3TX7IWEXXGWSOA,B0B86GBD2R,Patio_Lawn_and_Garden,1617003006536
AHZ6XMOLEWA67S3TX7IWEXXGWSOA,B09KGZ6QXN,Patio_Lawn_and_Garden,1617001900447
AHZ6XMOLEWA67S3TX7IWEXXGWSOA,B08L5ZK3JS,Patio_Lawn_and_Garden,1612958764080
AHZ6XMOLEWA67S3TX7IWEXXGWSOA,B0BH3J1CXN,Patio_Lawn_and_Garden,1611884268965
AHZ6XMOLEWA67S3TX7IWEXXGWSOA,B0C3Y26X9X,Patio_Lawn_and_Garden,1591057824271
AHZ6XMOLEWA67S3TX7IWEXXGWSOA,B07FY49ZF5,Patio_Lawn_and_Garden,1582757515987
AHZ6XMOLEWA67S3TX7IWEXXGWSOA,B018BC0IGY,Patio_Lawn_and_Garden,1560781087473
AHZ6XMOLEWA67S3TX7IWEXXGWSOA,B018GOI7TW,Patio_Lawn_and_Garden,1549864938544
AHZ6XMOLEWA67S3TX7IWEXXGWSOA,B07CPNF1C5,Patio_Lawn_and_Garden,1528230007978
AHZ6XMOLEWA67S3TX7IWEXXGWSOA,B004V65BWQ,Patio_Lawn_and_Garden,1528149887713
AHZ6XMOLEWA67S3TX7IWEXXGWSOA,B0015MLT7U,Patio_Lawn_and_Garden,1501376397278
AHZ6XMOLEWA67S3TX7IWEXXGWSOA,B00ICMEM2U,Patio_Lawn_and_Garden,1501376319914
AHZ6XMOLEWA67S3TX7IWEXXGWSOA,B00ICMDNI4,Patio_Lawn_and_Garden,1501376287965
AHZ6XMOLEWA67S3TX7IWEXXGWSOA,B01JAQL19S,Patio_Lawn_and_Garden,1501376229963
AHZ6XMOLEWA67S3TX7IWEXXGWSOA,B006MY41JO,Patio_Lawn_and_Garden,1500570643831
AHZ6XMOLEWA67S3TX7IWEXXGWSOA,B00IMZGTKK,Patio_Lawn_and_Garden,1495127308000
AHZ6XMOLEWA67S3TX7IWEXXGWSOA,B09MRLJVK3,Patio_Lawn_and_Garden,1487642184000
AHZ6XMOLEWA67S3TX7IWEXXGWSOA,B009LHJ3U6,Patio_Lawn_and_Garden,1481935397000
AHZ6XMOLEWA67S3TX7IWEXXGWSOA,B00R1UNELO,Patio_Lawn_and_Garden,1478568053000
AHZ6XMOLEWA67S3TX7IWEXXGWSOA,B0BDDFXG98,Patio_Lawn_and_Garden,1443572740000
AHZ6XMOLEWA67S3TX7IWEXXGWSOA,B0835VXPW8,Patio_Lawn_and_Garden,1443572608000
AHZ6XMOLEWA67S3TX7IWEXXGWSOA,B0BDDFXG98,Patio_Lawn_and_Garden,1440086368000
AHZ6XMOLEWA67S3TX7IWEXXGWSOA,B0BDDFXG98,Patio_Lawn_and_Garden,1439995731000
AHZ6XMOLEWA67S3TX7IWEXXGWSOA,B004HLUS6O,Patio_Lawn_and_Garden,1439995648000
AHZ6XMOLEWA67S3TX7IWEXXGWSOA,B001E50VD6,Patio_Lawn_and_Garden,1406382959000
AHZ6XMOLEWA67S3TX7IWEXXGWSOA,B003ENUVCW,Patio_Lawn_and_Garden,1406137316000
AH6ZNRRCEEWR6P34CNLQ2LRLUU3Q,B08BMYBHZG,Patio_Lawn_and_Garden,1617823426132
AH6ZNRRCEEWR6P34CNLQ2LRLUU3Q,B071ZTMN94,Patio_Lawn_and_Garden,1560812400639
AFZUK3MTBIBEDQOPAK3OATUOUKLA,B08ML73PLB,Patio_Lawn_and_Garden,1671845934681
AFZUK3MTBIBEDQOPAK3OATUOUKLA,B09N6Y7WT9,Patio_Lawn_and_Garden,1671729628134
AFZUK3MTBIBEDQOPAK3OATUOUKLA,B0BQQPCMB1,Patio_Lawn_and_Garden,1669502439418
AFZUK3MTBIBEDQOPAK3OATUOUKLA,B0C42KBMYQ,Patio_Lawn_and_Garden,1669494535536
AFZUK3MTBIBEDQOPAK3OATUOUKLA,B09HPWPSRT,Patio_Lawn_and_Garden,1668177448803
AFZUK3MTBIBEDQOPAK3OATUOUKLA,B0BJ7FWYZQ,Patio_Lawn_and_Garden,1667069289448
AFZUK3MTBIBEDQOPAK3OATUOUKLA,B0989WLNJZ,Patio_Lawn_and_Garden,1667067704780
AFZUK3MTBIBEDQOPAK3OATUOUKLA,B09VBT9CJC,Patio_Lawn_and_Garden,1667067634684
AFZUK3MTBIBEDQOPAK3OATUOUKLA,B07TN1Y3SJ,Patio_Lawn_and_Garden,1664134564367
AFZUK3MTBIBEDQOPAK3OATUOUKLA,B002YKUP68,Patio_Lawn_and_Garden,1664132591618
AFZUK3MTBIBEDQOPAK3OATUOUKLA,B0C9QGC68K,Patio_Lawn_and_Garden,1664125685134
AFZUK3MTBIBEDQOPAK3OATUOUKLA,B095KT57YR,Patio_Lawn_and_Garden,1659380283059
AFZUK3MTBIBEDQOPAK3OATUOUKLA,B08996KYQP,Patio_Lawn_and_Garden,1658595810022
AFZUK3MTBIBEDQOPAK3OATUOUKLA,B0B83J2123,Patio_Lawn_and_Garden,1655847662107
AFZUK3MTBIBEDQOPAK3OATUOUKLA,B0BDDFXG98,Patio_Lawn_and_Garden,1655756312506
AFZUK3MTBIBEDQOPAK3OATUOUKLA,B0C4JKJN9X,Patio_Lawn_and_Garden,1654386928897
AFZUK3MTBIBEDQOPAK3OATUOUKLA,B0BPRD2LJY,Patio_Lawn_and_Garden,1654055632579
AFZUK3MTBIBEDQOPAK3OATUOUKLA,B0BKB1DYF7,Patio_Lawn_and_Garden,1652370286889
AFZUK3MTBIBEDQOPAK3OATUOUKLA,B0BTZ6HBFW,Patio_Lawn_and_Garden,1651991637289
AFZUK3MTBIBEDQOPAK3OATUOUKLA,B08J17YR6L,Patio_Lawn_and_Garden,1651990931142
AFZUK3MTBIBEDQOPAK3OATUOUKLA,B07JPZRL5M,Patio_Lawn_and_Garden,1651990763822
AFZUK3MTBIBEDQOPAK3OATUOUKLA,B07N7QDMFG,Patio_Lawn_and_Garden,1651989877011
AFZUK3MTBIBEDQOPAK3OATUOUKLA,B08HL87CFV,Patio_Lawn_and_Garden,1651513073614
AFZUK3MTBIBEDQOPAK3OATUOUKLA,B09MFLWDZV,Patio_Lawn_and_Garden,1649566680552
AFZUK3MTBIBEDQOPAK3OATUOUKLA,B09XD263RZ,Patio_Lawn_and_Garden,1641419172079
AFZUK3MTBIBEDQOPAK3OATUOUKLA,B07SYB1FL2,Patio_Lawn_and_Garden,1641418547942
AFZUK3MTBIBEDQOPAK3OATUOUKLA,B09229142H,Patio_Lawn_and_Garden,1641411815695
AFZUK3MTBIBEDQOPAK3OATUOUKLA,B074TZYDD3,Patio_Lawn_and_Garden,1638678244867
AFZUK3MTBIBEDQOPAK3OATUOUKLA,B07663114X,Patio_Lawn_and_Garden,1638676199477
AFZUK3MTBIBEDQOPAK3OATUOUKLA,B095KVX2J1,Patio_Lawn_and_Garden,1637000172038
AFZUK3MTBIBEDQOPAK3OATUOUKLA,B098LSKJHH,Patio_Lawn_and_Garden,1636999043976
AFZUK3MTBIBEDQOPAK3OATUOUKLA,B07Q3M6QYK,Patio_Lawn_and_Garden,1635309428033
AFZUK3MTBIBEDQOPAK3OATUOUKLA,B09X75ZSD8,Patio_Lawn_and_Garden,1635309329970
AFZUK3MTBIBEDQOPAK3OATUOUKLA,B0995G89L2,Patio_Lawn_and_Garden,1627190151305
AFZUK3MTBIBEDQOPAK3OATUOUKLA,B0874Y9ZT9,Patio_Lawn_and_Garden,1627188924558
AFZUK3MTBIBEDQOPAK3OATUOUKLA,B0BVG8HKXJ,Patio_Lawn_and_Garden,1627187147733
AFZUK3MTBIBEDQOPAK3OATUOUKLA,B09TVZ4W4R,Patio_Lawn_and_Garden,1627182152157
AFZUK3MTBIBEDQOPAK3OATUOUKLA,B076NVZB3C,Patio_Lawn_and_Garden,1625599135651
AFZUK3MTBIBEDQOPAK3OATUOUKLA,B078CXX1LM,Patio_Lawn_and_Garden,1624912523638
AFZUK3MTBIBEDQOPAK3OATUOUKLA,B085DQW61Q,Patio_Lawn_and_Garden,1623962532224
AFZUK3MTBIBEDQOPAK3OATUOUKLA,B07G5S6LVH,Patio_Lawn_and_Garden,1623962062986
AFZUK3MTBIBEDQOPAK3OATUOUKLA,B087TBMKCF,Patio_Lawn_and_Garden,1623961586180
AFZUK3MTBIBEDQOPAK3OATUOUKLA,B08JM47W3C,Patio_Lawn_and_Garden,1623960797905
AFZUK3MTBIBEDQOPAK3OATUOUKLA,B08G4VXGQK,Patio_Lawn_and_Garden,1623960674998
AFZUK3MTBIBEDQOPAK3OATUOUKLA,B0BJ3MDXYK,Patio_Lawn_and_Garden,1622781998189
AFZUK3MTBIBEDQOPAK3OATUOUKLA,B0BRP9VYQ9,Patio_Lawn_and_Garden,1622780813735
AFZUK3MTBIBEDQOPAK3OATUOUKLA,B09MN19RBM,Patio_Lawn_and_Garden,1622778519663
AFZUK3MTBIBEDQOPAK3OATUOUKLA,B08MQRP2DT,Patio_Lawn_and_Garden,1620865351445
AFZUK3MTBIBEDQOPAK3OATUOUKLA,B07G2YH7CD,Patio_Lawn_and_Garden,1620863470615
AFZUK3MTBIBEDQOPAK3OATUOUKLA,B07G2YH7CD,Patio_Lawn_and_Garden,1620862573136
AFZUK3MTBIBEDQOPAK3OATUOUKLA,B0C5HV47M9,Patio_Lawn_and_Garden,1620277629676
AFZUK3MTBIBEDQOPAK3OATUOUKLA,B008JJK5S6,Patio_Lawn_and_Garden,1620172502584
AFZUK3MTBIBEDQOPAK3OATUOUKLA,B086CBV9DN,Patio_Lawn_and_Garden,1620171735065
AFZUK3MTBIBEDQOPAK3OATUOUKLA,B0194I4D4C,Patio_Lawn_and_Garden,1620171223700
AFZUK3MTBIBEDQOPAK3OATUOUKLA,B07T4NMJP2,Patio_Lawn_and_Garden,1620171104429
AFZUK3MTBIBEDQOPAK3OATUOUKLA,B0765DHQJK,Patio_Lawn_and_Garden,1620170851356
AFZUK3MTBIBEDQOPAK3OATUOUKLA,B0194I43BK,Patio_Lawn_and_Garden,1620169418941
AFZUK3MTBIBEDQOPAK3OATUOUKLA,B07T7R8PBH,Patio_Lawn_and_Garden,1620169302877
AFZUK3MTBIBEDQOPAK3OATUOUKLA,B07MVPHZW5,Patio_Lawn_and_Garden,1620168781435
AFZUK3MTBIBEDQOPAK3OATUOUKLA,B08D7LXXVX,Patio_Lawn_and_Garden,1618259062453
AFZUK3MTBIBEDQOPAK3OATUOUKLA,B00WGEQ5H0,Patio_Lawn_and_Garden,1618254018646
AFZUK3MTBIBEDQOPAK3OATUOUKLA,B08CTVS22R,Patio_Lawn_and_Garden,1617329096060
AFZUK3MTBIBEDQOPAK3OATUOUKLA,B07NQ7M5JW,Patio_Lawn_and_Garden,1615521248012
AFZUK3MTBIBEDQOPAK3OATUOUKLA,B09WMMR7XC,Patio_Lawn_and_Garden,1615520770354
AFZUK3MTBIBEDQOPAK3OATUOUKLA,B08JCYRKGH,Patio_Lawn_and_Garden,1615519225497
AFZUK3MTBIBEDQOPAK3OATUOUKLA,B07TYY4VD9,Patio_Lawn_and_Garden,1615170836398
AFZUK3MTBIBEDQOPAK3OATUOUKLA,B07ZHSRJX1,Patio_Lawn_and_Garden,1610038915572
AFZUK3MTBIBEDQOPAK3OATUOUKLA,B0C7R6R9CX,Patio_Lawn_and_Garden,1609261036443
AFZUK3MTBIBEDQOPAK3OATUOUKLA,B09YRB162V,Patio_Lawn_and_Garden,1609258499388
AFZUK3MTBIBEDQOPAK3OATUOUKLA,B0C426HXDB,Patio_Lawn_and_Garden,1607129747948
AFZUK3MTBIBEDQOPAK3OATUOUKLA,B0C8QVNSQ5,Patio_Lawn_and_Garden,1605217841214
AFZUK3MTBIBEDQOPAK3OATUOUKLA,B07CP6F9WJ,Patio_Lawn_and_Garden,1600428637419
AFZUK3MTBIBEDQOPAK3OATUOUKLA,B0B6HSR4VD,Patio_Lawn_and_Garden,1599856824457
AFZUK3MTBIBEDQOPAK3OATUOUKLA,B07V2LQV4S,Patio_Lawn_and_Garden,1599329256597
AFZUK3MTBIBEDQOPAK3OATUOUKLA,B08L4R2JG4,Patio_Lawn_and_Garden,1598924646490
AFZUK3MTBIBEDQOPAK3OATUOUKLA,B08BNYKBDP,Patio_Lawn_and_Garden,1598656170991
AFZUK3MTBIBEDQOPAK3OATUOUKLA,B08DJX5L4H,Patio_Lawn_and_Garden,1598296524726
AFZUK3MTBIBEDQOPAK3OATUOUKLA,B09YMJZKZQ,Patio_Lawn_and_Garden,1596900116678
AFZUK3MTBIBEDQOPAK3OATUOUKLA,B08HW1495Z,Patio_Lawn_and_Garden,1596823671473
AFZUK3MTBIBEDQOPAK3OATUOUKLA,B08B4R95M8,Patio_Lawn_and_Garden,1596578019291
AFZUK3MTBIBEDQOPAK3OATUOUKLA,B002DGS704,Patio_Lawn_and_Garden,1596148692297
AFZUK3MTBIBEDQOPAK3OATUOUKLA,B08W3N37QG,Patio_Lawn_and_Garden,1596146845272
AFZUK3MTBIBEDQOPAK3OATUOUKLA,B08BKCB9YW,Patio_Lawn_and_Garden,1596145142049
AFZUK3MTBIBEDQOPAK3OATUOUKLA,B089VHDXMX,Patio_Lawn_and_Garden,1596056037520
AFZUK3MTBIBEDQOPAK3OATUOUKLA,B0BXXBNSSQ,Patio_Lawn_and_Garden,1595648508331
AFZUK3MTBIBEDQOPAK3OATUOUKLA,B0976GPZ5J,Patio_Lawn_and_Garden,1594756079909
AFZUK3MTBIBEDQOPAK3OATUOUKLA,B00KJVTB96,Patio_Lawn_and_Garden,1594020677222
AFZUK3MTBIBEDQOPAK3OATUOUKLA,B07ZCC63S4,Patio_Lawn_and_Garden,1593321936897
AFZUK3MTBIBEDQOPAK3OATUOUKLA,B07V34R3CD,Patio_Lawn_and_Garden,1593321655595
AFZUK3MTBIBEDQOPAK3OATUOUKLA,B094VY49FZ,Patio_Lawn_and_Garden,1593321524320
AFZUK3MTBIBEDQOPAK3OATUOUKLA,B07PFFPT2M,Patio_Lawn_and_Garden,1592444805592
AFZUK3MTBIBEDQOPAK3OATUOUKLA,B016W5UU7E,Patio_Lawn_and_Garden,1592271768255
AFZUK3MTBIBEDQOPAK3OATUOUKLA,B07CMDGJVK,Patio_Lawn_and_Garden,1592271578275
AFZUK3MTBIBEDQOPAK3OATUOUKLA,B07HK84G27,Patio_Lawn_and_Garden,1591918943327
AFZUK3MTBIBEDQOPAK3OATUOUKLA,B07BQXJCPB,Patio_Lawn_and_Garden,1591918642807
AFZUK3MTBIBEDQOPAK3OATUOUKLA,B003LOBNAI,Patio_Lawn_and_Garden,1591389764043
AFZUK3MTBIBEDQOPAK3OATUOUKLA,B07NYDR1C5,Patio_Lawn_and_Garden,1589415743455
AFZUK3MTBIBEDQOPAK3OATUOUKLA,B07N6MHYGK,Patio_Lawn_and_Garden,1589173181938
AFZUK3MTBIBEDQOPAK3OATUOUKLA,B071VKV4HJ,Patio_Lawn_and_Garden,1586731378084
AFZUK3MTBIBEDQOPAK3OATUOUKLA,B0BNP4NKS2,Patio_Lawn_and_Garden,1586729086486
AFZUK3MTBIBEDQOPAK3OATUOUKLA,B001C46S6I,Patio_Lawn_and_Garden,1586722869159
AFZUK3MTBIBEDQOPAK3OATUOUKLA,B001AS30LM,Patio_Lawn_and_Garden,1586714284104
AFZUK3MTBIBEDQOPAK3OATUOUKLA,B09JB8ZB4L,Patio_Lawn_and_Garden,1586388519233
AFZUK3MTBIBEDQOPAK3OATUOUKLA,B09JCPJG3R,Patio_Lawn_and_Garden,1586388406457
AFZUK3MTBIBEDQOPAK3OATUOUKLA,B00YHTE7CM,Patio_Lawn_and_Garden,1586387891817
AFZUK3MTBIBEDQOPAK3OATUOUKLA,B084L3G75P,Patio_Lawn_and_Garden,1586385737419
AFZUK3MTBIBEDQOPAK3OATUOUKLA,B084P1WP8K,Patio_Lawn_and_Garden,1586384939461
AFZUK3MTBIBEDQOPAK3OATUOUKLA,B08WH1XNCZ,Patio_Lawn_and_Garden,1585976186803
AFZUK3MTBIBEDQOPAK3OATUOUKLA,B014F5TIX0,Patio_Lawn_and_Garden,1585974882090
AFZUK3MTBIBEDQOPAK3OATUOUKLA,B08BHJJ96S,Patio_Lawn_and_Garden,1581214536616
AFZUK3MTBIBEDQOPAK3OATUOUKLA,B08LPMGXFB,Patio_Lawn_and_Garden,1579718432860
AFZUK3MTBIBEDQOPAK3OATUOUKLA,B09MC6ZN91,Patio_Lawn_and_Garden,1579714864545
AFZUK3MTBIBEDQOPAK3OATUOUKLA,B07MC1YXTP,Patio_Lawn_and_Garden,1578938212812
AFZUK3MTBIBEDQOPAK3OATUOUKLA,B0C4R1GQ3T,Patio_Lawn_and_Garden,1578868600959
AFZUK3MTBIBEDQOPAK3OATUOUKLA,B0BZS13D9T,Patio_Lawn_and_Garden,1578868461671
AFZUK3MTBIBEDQOPAK3OATUOUKLA,B085DD9GQ5,Patio_Lawn_and_Garden,1578867223569
AFZUK3MTBIBEDQOPAK3OATUOUKLA,B07B6P5SFP,Patio_Lawn_and_Garden,1578866148239
AFZUK3MTBIBEDQOPAK3OATUOUKLA,B07NYQG77S,Patio_Lawn_and_Garden,1578864374369
AFZUK3MTBIBEDQOPAK3OATUOUKLA,B07FFGYJYL,Patio_Lawn_and_Garden,1578693242110
AFZUK3MTBIBEDQOPAK3OATUOUKLA,B07D3P5Y72,Patio_Lawn_and_Garden,1578203866797
AFZUK3MTBIBEDQOPAK3OATUOUKLA,B07BFJL4J1,Patio_Lawn_and_Garden,1574475894151
AFZUK3MTBIBEDQOPAK3OATUOUKLA,B009UZAEEI,Patio_Lawn_and_Garden,1573586034372
AFZUK3MTBIBEDQOPAK3OATUOUKLA,B07ST9BJ5P,Patio_Lawn_and_Garden,1568246154393
AFZUK3MTBIBEDQOPAK3OATUOUKLA,B09RRZMP2G,Patio_Lawn_and_Garden,1568243425454
AFZUK3MTBIBEDQOPAK3OATUOUKLA,B0899RP1FF,Patio_Lawn_and_Garden,1564549386695
AFZUK3MTBIBEDQOPAK3OATUOUKLA,B000BRNB9E,Patio_Lawn_and_Garden,1561506055492
AFZUK3MTBIBEDQOPAK3OATUOUKLA,B00JENYYHO,Patio_Lawn_and_Garden,1561504569011
AFZUK3MTBIBEDQOPAK3OATUOUKLA,B000HHM1JY,Patio_Lawn_and_Garden,1559948982994
AFZUK3MTBIBEDQOPAK3OATUOUKLA,B01AEQ9X9I,Patio_Lawn_and_Garden,1559099348073
AFZUK3MTBIBEDQOPAK3OATUOUKLA,B09XVC8GM5,Patio_Lawn_and_Garden,1558495571156
AFZUK3MTBIBEDQOPAK3OATUOUKLA,B0196PN5VU,Patio_Lawn_and_Garden,1558151242893
AFZUK3MTBIBEDQOPAK3OATUOUKLA,B00L4CG9QM,Patio_Lawn_and_Garden,1548885957306
AFZUK3MTBIBEDQOPAK3OATUOUKLA,B01GP0O0FO,Patio_Lawn_and_Garden,1541521598283
AFZUK3MTBIBEDQOPAK3OATUOUKLA,B072K5YTSH,Patio_Lawn_and_Garden,1521312614979
AFZUK3MTBIBEDQOPAK3OATUOUKLA,B07VL5XDT4,Patio_Lawn_and_Garden,1520355617045
AFZUK3MTBIBEDQOPAK3OATUOUKLA,B01K5RRAY6,Patio_Lawn_and_Garden,1516938888676
AFZUK3MTBIBEDQOPAK3OATUOUKLA,B01F6T34MA,Patio_Lawn_and_Garden,1513614923678
AFZUK3MTBIBEDQOPAK3OATUOUKLA,B0C5Z5TY3Q,Patio_Lawn_and_Garden,1512655552065
AFZUK3MTBIBEDQOPAK3OATUOUKLA,B09HT9BQXN,Patio_Lawn_and_Garden,1510080534913
AFZUK3MTBIBEDQOPAK3OATUOUKLA,B09D595STC,Patio_Lawn_and_Garden,1510079832979
AFZUK3MTBIBEDQOPAK3OATUOUKLA,B09LMVFG1J,Patio_Lawn_and_Garden,1508171940365
AFZUK3MTBIBEDQOPAK3OATUOUKLA,B01N9G47O5,Patio_Lawn_and_Garden,1508170529688
AFZUK3MTBIBEDQOPAK3OATUOUKLA,B07T85TZ15,Patio_Lawn_and_Garden,1502057413469
AFZUK3MTBIBEDQOPAK3OATUOUKLA,B0016AJC2A,Patio_Lawn_and_Garden,1484522925000
AFZUK3MTBIBEDQOPAK3OATUOUKLA,B0BZ5BJ1G1,Patio_Lawn_and_Garden,1470705960000
AFZUK3MTBIBEDQOPAK3OATUOUKLA,B000BQROHU,Patio_Lawn_and_Garden,1464994745000
AFZUK3MTBIBEDQOPAK3OATUOUKLA,B00DWIDWCU,Patio_Lawn_and_Garden,1464905189000
AFZUK3MTBIBEDQOPAK3OATUOUKLA,B09KSJLFNT,Patio_Lawn_and_Garden,1464903648000
AFZUK3MTBIBEDQOPAK3OATUOUKLA,B013JCWQG6,Patio_Lawn_and_Garden,1449082252000
AFZUK3MTBIBEDQOPAK3OATUOUKLA,B003NTGXF6,Patio_Lawn_and_Garden,1448145952000
AFZUK3MTBIBEDQOPAK3OATUOUKLA,B004N59OFU,Patio_Lawn_and_Garden,1447854947000
AFZUK3MTBIBEDQOPAK3OATUOUKLA,B007PZBCC8,Patio_Lawn_and_Garden,1438916305000
AFZUK3MTBIBEDQOPAK3OATUOUKLA,B09TRKJ96B,Patio_Lawn_and_Garden,1438015235000
AFZUK3MTBIBEDQOPAK3OATUOUKLA,B09ZYXF1XM,Patio_Lawn_and_Garden,1434922697000
AFZUK3MTBIBEDQOPAK3OATUOUKLA,B00F4FRH0W,Patio_Lawn_and_Garden,1434855767000
AFZUK3MTBIBEDQOPAK3OATUOUKLA,B089B6Z5HK,Patio_Lawn_and_Garden,1434855657000
AFZUK3MTBIBEDQOPAK3OATUOUKLA,B00FIX8QBE,Patio_Lawn_and_Garden,1434855371000
AFZUK3MTBIBEDQOPAK3OATUOUKLA,B07ZHXPDGP,Patio_Lawn_and_Garden,1419451209000
AFZUK3MTBIBEDQOPAK3OATUOUKLA,B082VYDPXL,Patio_Lawn_and_Garden,1419451115000
AFZUK3MTBIBEDQOPAK3OATUOUKLA,B008E068AO,Patio_Lawn_and_Garden,1411237829000
AFZUK3MTBIBEDQOPAK3OATUOUKLA,B00004ZB4K,Patio_Lawn_and_Garden,1408919346000
AFZUK3MTBIBEDQOPAK3OATUOUKLA,B00JTI4K5U,Patio_Lawn_and_Garden,1406237128000
AFZUK3MTBIBEDQOPAK3OATUOUKLA,B004NJKVDA,Patio_Lawn_and_Garden,1405549455000
AFZUK3MTBIBEDQOPAK3OATUOUKLA,B000DZTXQ4,Patio_Lawn_and_Garden,1403916106000
AFZUK3MTBIBEDQOPAK3OATUOUKLA,B005J24R26,Patio_Lawn_and_Garden,1402952862000
AFZUK3MTBIBEDQOPAK3OATUOUKLA,B00004ZAVR,Patio_Lawn_and_Garden,1402088601000
AFZUK3MTBIBEDQOPAK3OATUOUKLA,B008R9M342,Patio_Lawn_and_Garden,1400462267000
AFZUK3MTBIBEDQOPAK3OATUOUKLA,B00I16UKIM,Patio_Lawn_and_Garden,1400310793000
AFZUK3MTBIBEDQOPAK3OATUOUKLA,B09Z7FLZLP,Patio_Lawn_and_Garden,1394995097000
AFZUK3MTBIBEDQOPAK3OATUOUKLA,B01CIJELKK,Patio_Lawn_and_Garden,1394992286000
AFZUK3MTBIBEDQOPAK3OATUOUKLA,B00BARNL2Q,Patio_Lawn_and_Garden,1394990836000
AFZUK3MTBIBEDQOPAK3OATUOUKLA,B00D7M6692,Patio_Lawn_and_Garden,1386639198000
AFZUK3MTBIBEDQOPAK3OATUOUKLA,B0029D6NZC,Patio_Lawn_and_Garden,1386468892000
AFZUK3MTBIBEDQOPAK3OATUOUKLA,B004I3VKQ8,Patio_Lawn_and_Garden,1385246630000
AFZUK3MTBIBEDQOPAK3OATUOUKLA,B00725XDSC,Patio_Lawn_and_Garden,1381616370000
AFZUK3MTBIBEDQOPAK3OATUOUKLA,B07BP9TN6K,Patio_Lawn_and_Garden,1380591990000
AFZUK3MTBIBEDQOPAK3OATUOUKLA,B008EPZYMC,Patio_Lawn_and_Garden,1380140976000
AFZUK3MTBIBEDQOPAK3OATUOUKLA,B008EPZXZA,Patio_Lawn_and_Garden,1380140862000
AFZUK3MTBIBEDQOPAK3OATUOUKLA,B0016BPFH0,Patio_Lawn_and_Garden,1380140787000
AFZUK3MTBIBEDQOPAK3OATUOUKLA,B0037Z7LV6,Patio_Lawn_and_Garden,1371653312000
AEDRFOIY6IFY7DWSPRRNGEFIFE2Q,B006P8U1SC,Patio_Lawn_and_Garden,1669383802196
AEDRFOIY6IFY7DWSPRRNGEFIFE2Q,B00602J2ZQ,Patio_Lawn_and_Garden,1509554980178
AEDRFOIY6IFY7DWSPRRNGEFIFE2Q,B0025ZHV3W,Patio_Lawn_and_Garden,1421930180000
AE2TA5GQH4JI5RQ4W5H5PQOVYBGA,B088BLRFTR,Patio_Lawn_and_Garden,1639074110341
AE2TA5GQH4JI5RQ4W5H5PQOVYBGA,B08L5XHCGN,Patio_Lawn_and_Garden,1639072974198
AE2TA5GQH4JI5RQ4W5H5PQOVYBGA,B0967ZPQCY,Patio_Lawn_and_Garden,1637276665073
AE2TA5GQH4JI5RQ4W5H5PQOVYBGA,B08P8ZJY6S,Patio_Lawn_and_Garden,1625853550288
AE2TA5GQH4JI5RQ4W5H5PQOVYBGA,B084GSMNY2,Patio_Lawn_and_Garden,1625668228168
AE2TA5GQH4JI5RQ4W5H5PQOVYBGA,B07VXMF52W,Patio_Lawn_and_Garden,1621445050083
AE2TA5GQH4JI5RQ4W5H5PQOVYBGA,B089GM9TKH,Patio_Lawn_and_Garden,1621444935377
AE2TA5GQH4JI5RQ4W5H5PQOVYBGA,B0B89T7DQK,Patio_Lawn_and_Garden,1621444424071
AE2TA5GQH4JI5RQ4W5H5PQOVYBGA,B0BYYGGBVB,Patio_Lawn_and_Garden,1620593304139
AE2TA5GQH4JI5RQ4W5H5PQOVYBGA,B07G2TS7G8,Patio_Lawn_and_Garden,1614718727746
AE2TA5GQH4JI5RQ4W5H5PQOVYBGA,B0891QZWN6,Patio_Lawn_and_Garden,1610812750140
AE2TA5GQH4JI5RQ4W5H5PQOVYBGA,B09M5X9B8X,Patio_Lawn_and_Garden,1610635521428
AE2TA5GQH4JI5RQ4W5H5PQOVYBGA,B089K79LG5,Patio_Lawn_and_Garden,1610244947114
AE2TA5GQH4JI5RQ4W5H5PQOVYBGA,B07W5S12LH,Patio_Lawn_and_Garden,1610244845476
AE2TA5GQH4JI5RQ4W5H5PQOVYBGA,B085445V2C,Patio_Lawn_and_Garden,1610075451758
AE2TA5GQH4JI5RQ4W5H5PQOVYBGA,B07T6C717G,Patio_Lawn_and_Garden,1606740145088
AE2TA5GQH4JI5RQ4W5H5PQOVYBGA,B0BQCB9X64,Patio_Lawn_and_Garden,1606050972013
AE2TA5GQH4JI5RQ4W5H5PQOVYBGA,B07XYP6QKQ,Patio_Lawn_and_Garden,1606050692892
AE2TA5GQH4JI5RQ4W5H5PQOVYBGA,B08HDJM7TM,Patio_Lawn_and_Garden,1606049931377
AE2TA5GQH4JI5RQ4W5H5PQOVYBGA,B07WKLYWVF,Patio_Lawn_and_Garden,1606049591704
AE2TA5GQH4JI5RQ4W5H5PQOVYBGA,B08B4YX4QY,Patio_Lawn_and_Garden,1602273345627
AE2TA5GQH4JI5RQ4W5H5PQOVYBGA,B0987L1TCY,Patio_Lawn_and_Garden,1599406554661
AE2TA5GQH4JI5RQ4W5H5PQOVYBGA,B0BMTYYWL1,Patio_Lawn_and_Garden,1581657732833
AGRKCZLSFFECGP54U2T2CBYB3RLA,B00EP77XWW,Patio_Lawn_and_Garden,1620087799371
AGRKCZLSFFECGP54U2T2CBYB3RLA,B09LMNGWXY,Patio_Lawn_and_Garden,1616424135137
AHFURURV4H35BXUUTXYMJYA36CTQ,B07792ZKF2,Patio_Lawn_and_Garden,1601633447491
AHFURURV4H35BXUUTXYMJYA36CTQ,B0B2HGFP6R,Patio_Lawn_and_Garden,1577695797475
AHFURURV4H35BXUUTXYMJYA36CTQ,B015O6NESE,Patio_Lawn_and_Garden,1477776611000
AFSNGBROR4NUCU6UQCJBB4VEJOPA,B0BCT9S9J7,Patio_Lawn_and_Garden,1672864907867
AFSNGBROR4NUCU6UQCJBB4VEJOPA,B09D197LGG,Patio_Lawn_and_Garden,1670023566136
AFSNGBROR4NUCU6UQCJBB4VEJOPA,B08SKVYHBS,Patio_Lawn_and_Garden,1644693232824
AFSNGBROR4NUCU6UQCJBB4VEJOPA,B0919L24NX,Patio_Lawn_and_Garden,1633630474789
AFSNGBROR4NUCU6UQCJBB4VEJOPA,B092TNMVHD,Patio_Lawn_and_Garden,1633132873532
AFSNGBROR4NUCU6UQCJBB4VEJOPA,B088P3DQD1,Patio_Lawn_and_Garden,1629757954004
AFSNGBROR4NUCU6UQCJBB4VEJOPA,B0BZYTC1N7,Patio_Lawn_and_Garden,1623010585216
AFSNGBROR4NUCU6UQCJBB4VEJOPA,B081KLHM5F,Patio_Lawn_and_Garden,1622827707377
AFSNGBROR4NUCU6UQCJBB4VEJOPA,B01DIOY0S2,Patio_Lawn_and_Garden,1604855656632
AFSNGBROR4NUCU6UQCJBB4VEJOPA,B07Q6P8V5N,Patio_Lawn_and_Garden,1592952226332
AFSNGBROR4NUCU6UQCJBB4VEJOPA,B07MQB5WVY,Patio_Lawn_and_Garden,1592166545680
AFSNGBROR4NUCU6UQCJBB4VEJOPA,B07LFLHXVN,Patio_Lawn_and_Garden,1591041474409
AFSNGBROR4NUCU6UQCJBB4VEJOPA,B07Y2QB3CM,Patio_Lawn_and_Garden,1590945049285
AFETVW7S5M4LVJ7GTWPCKT7S3YBQ,B07FM3XG5X,Patio_Lawn_and_Garden,1573024729448
AFETVW7S5M4LVJ7GTWPCKT7S3YBQ,B07H26LKK2,Patio_Lawn_and_Garden,1568428731384
AFETVW7S5M4LVJ7GTWPCKT7S3YBQ,B01LG288B8,Patio_Lawn_and_Garden,1568427886890
AFDZTUGGQIHCVV2AQ5B2Y22KPVRQ,B084WWK4Y3,Patio_Lawn_and_Garden,1599257060070
AEBHD4YLKOL6LOF7ZAP7RHYKQAPQ,B0C9NR8V4K,Patio_Lawn_and_Garden,1659285912901
AEBHD4YLKOL6LOF7ZAP7RHYKQAPQ,B09JVPXWVW,Patio_Lawn_and_Garden,1656879988953
AEBHD4YLKOL6LOF7ZAP7RHYKQAPQ,B09HSJHYX6,Patio_Lawn_and_Garden,1632394747477
AFCHZEWYXBKTILVVSVCS73VVUY4Q,B07K2GNDCV,Patio_Lawn_and_Garden,1657082075368
AH5L7ILVA6HYLZOUZIQAWNHVVK3A,B089G9CR56,Patio_Lawn_and_Garden,1603945689770
AH4VGTN3VWRIESJMI4VGQHSQ4KRA,B094QP5XZ6,Patio_Lawn_and_Garden,1637212312274
AGF42GID7QWDCNFTJRCTMKAITJJA,B09FSPC915,Patio_Lawn_and_Garden,1661882289875
AGF42GID7QWDCNFTJRCTMKAITJJA,B0B63YZJT3,Patio_Lawn_and_Garden,1655253983961
AGF42GID7QWDCNFTJRCTMKAITJJA,B06XZQWFKP,Patio_Lawn_and_Garden,1641672636256
AGF42GID7QWDCNFTJRCTMKAITJJA,B07W5TFBC7,Patio_Lawn_and_Garden,1641672283472
AGF42GID7QWDCNFTJRCTMKAITJJA,B07KST17KT,Patio_Lawn_and_Garden,1641672209337
AGF42GID7QWDCNFTJRCTMKAITJJA,B07TSC8XF3,Patio_Lawn_and_Garden,1641660822464
AGF42GID7QWDCNFTJRCTMKAITJJA,B09S35BGW5,Patio_Lawn_and_Garden,1638408173118
AEIOIVFNO6QX7OYOJNPRKQEWMPGA,B00004RBDW,Patio_Lawn_and_Garden,1560389593224
AEWLOQTKYUYRJ24NK4GD5CZTR7WA,B07L7F3PBP,Patio_Lawn_and_Garden,1609898428998
AE5DIA2HDWBPNGBO2FXN2PF4NQJA,B08WQFY8MK,Patio_Lawn_and_Garden,1607656771680
AHQQ62COZ3ANN33IRXZ6Z4KF664A,B004Z71IHS,Patio_Lawn_and_Garden,1659308309255
AHQQ62COZ3ANN33IRXZ6Z4KF664A,B09T9VXY7C,Patio_Lawn_and_Garden,1655468204411
AHQQ62COZ3ANN33IRXZ6Z4KF664A,B07PHRD21N,Patio_Lawn_and_Garden,1608261776972
AGMKOM3374MIOS47KXTIFEGAFKOQ,B092QP7KDC,Patio_Lawn_and_Garden,1641355089981
AGMKOM3374MIOS47KXTIFEGAFKOQ,B08P1S3V6T,Patio_Lawn_and_Garden,1626107168863
AGMKOM3374MIOS47KXTIFEGAFKOQ,B07GTJ6SYD,Patio_Lawn_and_Garden,1626106102237
AFKZENTNBQ7A7V7UXW5JJI6UGRYQ,B0BHTBS5RM,Pet_Supplies,1675529329744
AFKZENTNBQ7A7V7UXW5JJI6UGRYQ,B0BJ16KKML,Pet_Supplies,1665513673369
AFKZENTNBQ7A7V7UXW5JJI6UGRYQ,B0BX76YVP9,Pet_Supplies,1656118516820
AFKZENTNBQ7A7V7UXW5JJI6UGRYQ,B0BM6V2SH8,Pet_Supplies,1589933838188
AFKZENTNBQ7A7V7UXW5JJI6UGRYQ,B0986BSRB1,Pet_Supplies,1587853303681
AFKZENTNBQ7A7V7UXW5JJI6UGRYQ,B0BP3XMDP2,Pet_Supplies,1583557116498
AFKZENTNBQ7A7V7UXW5JJI6UGRYQ,B079QFP1F5,Pet_Supplies,1545114749534
AFKZENTNBQ7A7V7UXW5JJI6UGRYQ,B072QCGYBC,Pet_Supplies,1534376759917
AGGZ357AO26RQZVRLGU4D4N52DZQ,B08M41H4QK,Pet_Supplies,1635819311842
AGGZ357AO26RQZVRLGU4D4N52DZQ,B07XC78K3P,Pet_Supplies,1481666095000
AGCI7FAH4GL5FI65HYLKWTMFZ2CQ,B08NY7TBKP,Pet_Supplies,1626369788041
AGXVBIUFLFGMVLATYXHJYL4A5Q7Q,B07D59MS4W,Pet_Supplies,1530556386499
AGXVBIUFLFGMVLATYXHJYL4A5Q7Q,B09VYZJFZY,Pet_Supplies,1530556292224
AGKHLEW2SOWHNMFQIJGBECAF7INQ,B002TMHRA8,Pet_Supplies,1557756580211
AFE337D2J37YRU5U6MVTVKNDKWDA,B01H05JVWA,Pet_Supplies,1659124841485
AFE337D2J37YRU5U6MVTVKNDKWDA,B0BP7J7FXJ,Pet_Supplies,1659124454981
AFE337D2J37YRU5U6MVTVKNDKWDA,B09Y9DFVVZ,Pet_Supplies,1650747903897
AFE337D2J37YRU5U6MVTVKNDKWDA,B0091RE52C,Pet_Supplies,1650746940459
AGBFYI2DDIKXC5Y4FARTYDTQBMFQ,B082XFFY9L,Pet_Supplies,1650893560314
AGBFYI2DDIKXC5Y4FARTYDTQBMFQ,B079J22K9D,Pet_Supplies,1650892503331
AGBFYI2DDIKXC5Y4FARTYDTQBMFQ,B0BKWDZKFH,Pet_Supplies,1648306429767
AGBFYI2DDIKXC5Y4FARTYDTQBMFQ,B079W6P3K4,Pet_Supplies,1620357790250
AGBFYI2DDIKXC5Y4FARTYDTQBMFQ,B07CV7C4QC,Pet_Supplies,1600865535503
AGBFYI2DDIKXC5Y4FARTYDTQBMFQ,B089B3KT43,Pet_Supplies,1599165589718
AGBFYI2DDIKXC5Y4FARTYDTQBMFQ,B07217B2KF,Pet_Supplies,1589548781145
AGBFYI2DDIKXC5Y4FARTYDTQBMFQ,B00OKHZ446,Pet_Supplies,1582464145340
AGBFYI2DDIKXC5Y4FARTYDTQBMFQ,B0973ZP49X,Pet_Supplies,1582076123231
AGBFYI2DDIKXC5Y4FARTYDTQBMFQ,B0BFYZY2DZ,Pet_Supplies,1581948892227
AGBFYI2DDIKXC5Y4FARTYDTQBMFQ,B00BUFSX7G,Pet_Supplies,1501598487861
AGBFYI2DDIKXC5Y4FARTYDTQBMFQ,B0007ZN3KC,Pet_Supplies,1356728579000
AGBFYI2DDIKXC5Y4FARTYDTQBMFQ,B08D8FC4MG,Pet_Supplies,1286646315000
AEVWAM3YWN5URJVJIZZ6XPD2MKIA,B0B7TDZYCF,Pet_Supplies,1661976601314
AEVWAM3YWN5URJVJIZZ6XPD2MKIA,B08TBFGBMY,Pet_Supplies,1630262267965
AEVWAM3YWN5URJVJIZZ6XPD2MKIA,B072BR11S5,Pet_Supplies,1556043387293
AEVWAM3YWN5URJVJIZZ6XPD2MKIA,B0040Q7R7E,Pet_Supplies,1542505678537
AEVWAM3YWN5URJVJIZZ6XPD2MKIA,B01MR2Z9VE,Pet_Supplies,1542504673888
AEVWAM3YWN5URJVJIZZ6XPD2MKIA,B01FA89O5I,Pet_Supplies,1540058753972
AEVWAM3YWN5URJVJIZZ6XPD2MKIA,B000QFMYRG,Pet_Supplies,1537660972133
AEVWAM3YWN5URJVJIZZ6XPD2MKIA,B09BPCVTZ9,Pet_Supplies,1529024844003
AEVWAM3YWN5URJVJIZZ6XPD2MKIA,B075M6GBCY,Pet_Supplies,1529023662848
AEVWAM3YWN5URJVJIZZ6XPD2MKIA,B00KC7YPMA,Pet_Supplies,1482863314000
AEVWAM3YWN5URJVJIZZ6XPD2MKIA,B0BKLDDN8L,Pet_Supplies,1440350854000
AEVWAM3YWN5URJVJIZZ6XPD2MKIA,B005N2ECMM,Pet_Supplies,1425672751000
AEVWAM3YWN5URJVJIZZ6XPD2MKIA,B0039GAQHE,Pet_Supplies,1409848757000
AEVWAM3YWN5URJVJIZZ6XPD2MKIA,B00061UX2I,Pet_Supplies,1404907775000
AEVWAM3YWN5URJVJIZZ6XPD2MKIA,B000OB0OCO,Pet_Supplies,1402942254000
AEVWAM3YWN5URJVJIZZ6XPD2MKIA,B000OSMA06,Pet_Supplies,1241661329000
AFTC6ZR5IKNRDG5JCPVNVMU3XV2Q,B081ZLSH8T,Pet_Supplies,1599158927875
AFTC6ZR5IKNRDG5JCPVNVMU3XV2Q,B08NGQXKJD,Pet_Supplies,1599158657043
AEAUZK2OLWXD75AWJOCCGGCL3H2A,B01MXEP1VY,Pet_Supplies,1497536098237
AE74DYR3QUGVPZJ3P7RFWBGIX7XQ,B08LK94K4X,Pet_Supplies,1582479883679
AFAHVT5FXHSIGNDR7YZK3FOCW3YA,B0BPJBR7K9,Pet_Supplies,1570577608248
AHITBJSS7KYUBVZPX7M2WJCOIVKQ,B0BT2XS49P,Pet_Supplies,1603298905797
AHITBJSS7KYUBVZPX7M2WJCOIVKQ,B09MF2HCMT,Pet_Supplies,1603298829432
AHITBJSS7KYUBVZPX7M2WJCOIVKQ,B0BJ16KKML,Pet_Supplies,1603298773127
AHITBJSS7KYUBVZPX7M2WJCOIVKQ,B0BFGBY2HP,Pet_Supplies,1603298630150
AHITBJSS7KYUBVZPX7M2WJCOIVKQ,B0C1PB7WKC,Pet_Supplies,1603298537991
AHITBJSS7KYUBVZPX7M2WJCOIVKQ,B08LK94K4X,Pet_Supplies,1603298016117
AHITBJSS7KYUBVZPX7M2WJCOIVKQ,B09FVQ5T15,Pet_Supplies,1603297897340
AHITBJSS7KYUBVZPX7M2WJCOIVKQ,B07PQF4W24,Pet_Supplies,1603297472039
AHITBJSS7KYUBVZPX7M2WJCOIVKQ,B0879DL1N4,Pet_Supplies,1603296997261
AHITBJSS7KYUBVZPX7M2WJCOIVKQ,B00HGBTTD0,Pet_Supplies,1472034704000
AHITBJSS7KYUBVZPX7M2WJCOIVKQ,B08KKPVXP7,Pet_Supplies,1449795301000
AERGOXGAFZ2J3ZMHXVLZQGTW36RA,B07D1SK71B,Pet_Supplies,1650084088180
AHVC23XPR4J63SSNSIRNG4H6AEWQ,B08LN2Y82R,Pet_Supplies,1615236376613
AHVC23XPR4J63SSNSIRNG4H6AEWQ,B07ZCZR178,Pet_Supplies,1588025082420
AHVC23XPR4J63SSNSIRNG4H6AEWQ,B07X5KC5H6,Pet_Supplies,1574889304300
AHVC23XPR4J63SSNSIRNG4H6AEWQ,B0B8S8Y486,Pet_Supplies,1573343985077
AHVC23XPR4J63SSNSIRNG4H6AEWQ,B0BJW24TJ1,Pet_Supplies,1540246361750
AFVNEEPDEIH5SPUN5BWC6NKL3WNQ,B08M5QS32K,Pet_Supplies,1580471854633
AFVNEEPDEIH5SPUN5BWC6NKL3WNQ,B00BU44VSM,Pet_Supplies,1546289790174
AFVNEEPDEIH5SPUN5BWC6NKL3WNQ,B09ZXLSWYM,Pet_Supplies,1546289697102
AFDERBL3G23J5U6HHQBAZLTREKOA,B095PB5184,Pet_Supplies,1647795192851
AHXSBZT52TCPZUBVCBRICTHWUCBA,B08ZJ8W7P5,Pet_Supplies,1641952223882
AHGTHCERTEZUXNBLJ5SWHK2CDLXA,B000FPKZSM,Pet_Supplies,1653165527648
AHGTHCERTEZUXNBLJ5SWHK2CDLXA,B0BH3RC52N,Pet_Supplies,1625875133093
AFEIN7QWSQ6EFW45LKD7ZOCSMLGQ,B08CB1Y42M,Pet_Supplies,1626752961395
AFEIN7QWSQ6EFW45LKD7ZOCSMLGQ,B09H24L1Z4,Pet_Supplies,1619219573082
AFEIN7QWSQ6EFW45LKD7ZOCSMLGQ,B07MD61BNH,Pet_Supplies,1600933645539
AHBHMMUTJ5W3SZUHVKUP35ZYKUHA,B08S149RH6,Pet_Supplies,1598319809827
AHBHMMUTJ5W3SZUHVKUP35ZYKUHA,B07MW73ZGS,Pet_Supplies,1569210185623
AHBHMMUTJ5W3SZUHVKUP35ZYKUHA,B09SHDBQ1D,Pet_Supplies,1560900956524
AHBHMMUTJ5W3SZUHVKUP35ZYKUHA,B00I70F4GK,Pet_Supplies,1558116491587
AHBHMMUTJ5W3SZUHVKUP35ZYKUHA,B077KNLSZQ,Pet_Supplies,1536511540740
AHBHMMUTJ5W3SZUHVKUP35ZYKUHA,B07D3RNCHH,Pet_Supplies,1533782047254
AHBHMMUTJ5W3SZUHVKUP35ZYKUHA,B07BB83NCD,Pet_Supplies,1532741230899
AHBHMMUTJ5W3SZUHVKUP35ZYKUHA,B07BS8YMRR,Pet_Supplies,1532740328015
AHBHMMUTJ5W3SZUHVKUP35ZYKUHA,B06Y43BHNL,Pet_Supplies,1501697527327
AHBHMMUTJ5W3SZUHVKUP35ZYKUHA,B08R5VVTWD,Pet_Supplies,1494873490000
AHBHMMUTJ5W3SZUHVKUP35ZYKUHA,B01LXXZEUT,Pet_Supplies,1488861638000
AFJTRBXMURLHS5EGNXLUHDHIZRFQ,B09MMW9WNZ,Pet_Supplies,1651929522560
AFJTRBXMURLHS5EGNXLUHDHIZRFQ,B09TVCFW2P,Pet_Supplies,1651435650323
AFJTRBXMURLHS5EGNXLUHDHIZRFQ,B000HCR6QC,Pet_Supplies,1565320719053
AFJTRBXMURLHS5EGNXLUHDHIZRFQ,B00W4GZ3PA,Pet_Supplies,1565320600128
AFJTRBXMURLHS5EGNXLUHDHIZRFQ,B0BT6MWS93,Pet_Supplies,1563124780920
AFJTRBXMURLHS5EGNXLUHDHIZRFQ,B07H8PFH18,Pet_Supplies,1563124614850
AFJTRBXMURLHS5EGNXLUHDHIZRFQ,B07J71155L,Pet_Supplies,1563124327668
AFJTRBXMURLHS5EGNXLUHDHIZRFQ,B07NR2YLFH,Pet_Supplies,1558903300832
AHSPLDNW5OOUK2PLH7GXLACFBZNQ,B00DSSA54C,Pet_Supplies,1383318056000
AHWWLSPCJMALVHDDVSUGICL6RUCA,B07ZHNZV8F,Pet_Supplies,1664747015246
AHTTU2FL6FCNBBAESCJHOHHSSW7A,B078MHRWQB,Pet_Supplies,1609961585988
AHTTU2FL6FCNBBAESCJHOHHSSW7A,B07BYST4YQ,Pet_Supplies,1609960523683
AGXFEGMNVCSTSYYA5UWXDV7AFSXA,B01N9K0C5S,Pet_Supplies,1658694537944
AGXFEGMNVCSTSYYA5UWXDV7AFSXA,B0C5FNPRH5,Pet_Supplies,1658694146729
AGXFEGMNVCSTSYYA5UWXDV7AFSXA,B08HLHW5FD,Pet_Supplies,1619302294911
AGXFEGMNVCSTSYYA5UWXDV7AFSXA,B09H24L1Z4,Pet_Supplies,1618177673923
AGXFEGMNVCSTSYYA5UWXDV7AFSXA,B086SFFQVF,Pet_Supplies,1618177527738
AGXFEGMNVCSTSYYA5UWXDV7AFSXA,B08P1PGH71,Pet_Supplies,1592603258656
AGXFEGMNVCSTSYYA5UWXDV7AFSXA,B08NW9YL4T,Pet_Supplies,1567786674680
AGXFEGMNVCSTSYYA5UWXDV7AFSXA,B09YJYP3BJ,Pet_Supplies,1386115450000
AGXFEGMNVCSTSYYA5UWXDV7AFSXA,B00NX9A1JA,Pet_Supplies,1350317897000
AGXFEGMNVCSTSYYA5UWXDV7AFSXA,B06Y4M7YNW,Pet_Supplies,1266851434000
AF4BOHAQZZBMDYP7B6IWIKQNHTCA,B00Y2ODQ4M,Pet_Supplies,1595686257312
AFO6QN6ICKWUFQV3UEWK5EECIQTQ,B081569SM8,Pet_Supplies,1628796742845
AFO6QN6ICKWUFQV3UEWK5EECIQTQ,B09JPPZP6H,Pet_Supplies,1435111668000
AET3VOB7PYHAKDAPEDTFGPSEE6QQ,B07SH1F28S,Pet_Supplies,1544551852921
AET3VOB7PYHAKDAPEDTFGPSEE6QQ,B07S3WDW1P,Pet_Supplies,1544551437726
AET3VOB7PYHAKDAPEDTFGPSEE6QQ,B0C39JL4P8,Pet_Supplies,1544550641532
AGMJ3EMDVL6OWBJF7CA5RGJLXN5A,B0849YDTYJ,Pet_Supplies,1602222031546
AGMJ3EMDVL6OWBJF7CA5RGJLXN5A,B07JXVJQPB,Pet_Supplies,1600554794889
AGMJ3EMDVL6OWBJF7CA5RGJLXN5A,B0BXYQGGV6,Pet_Supplies,1600545952586
AGMJ3EMDVL6OWBJF7CA5RGJLXN5A,B09W8LFRHK,Pet_Supplies,1600545589483
AGMJ3EMDVL6OWBJF7CA5RGJLXN5A,B00X62GLIY,Pet_Supplies,1588279344473
AGMJ3EMDVL6OWBJF7CA5RGJLXN5A,B00BU44VSM,Pet_Supplies,1579531812846
AGMJ3EMDVL6OWBJF7CA5RGJLXN5A,B07JN6GZPG,Pet_Supplies,1579306710111
AGMJ3EMDVL6OWBJF7CA5RGJLXN5A,B00WMW27GY,Pet_Supplies,1578097002713
AGMJ3EMDVL6OWBJF7CA5RGJLXN5A,B07WM11XJZ,Pet_Supplies,1575061746866
AGMJ3EMDVL6OWBJF7CA5RGJLXN5A,B0BCFCVYFZ,Pet_Supplies,1573087490201
AGMJ3EMDVL6OWBJF7CA5RGJLXN5A,B07K1QG8LQ,Pet_Supplies,1573087004928
AGMJ3EMDVL6OWBJF7CA5RGJLXN5A,B00H6O07G0,Pet_Supplies,1571442179453
AGMJ3EMDVL6OWBJF7CA5RGJLXN5A,B0BW88G9W9,Pet_Supplies,1549475348786
AGMJ3EMDVL6OWBJF7CA5RGJLXN5A,B07N9BHHLR,Pet_Supplies,1549140639045
AFWHJ6O3PV4JC7PVOJH6CPULO2KQ,B09P4BP3M5,Pet_Supplies,1478619328000
AEZGPLOYTSAPR3DHZKKXEFPAXUAA,B09D9FXG1N,Pet_Supplies,1670467329492
AEZGPLOYTSAPR3DHZKKXEFPAXUAA,B087M7VLPD,Pet_Supplies,1662259601040
AEZGPLOYTSAPR3DHZKKXEFPAXUAA,B09SQ4LSLJ,Pet_Supplies,1662258718514
AEWJXW46LKSW22FWTGRYTLNE7TGA,B07PNJFJBF,Pet_Supplies,1673268791430
AEWJXW46LKSW22FWTGRYTLNE7TGA,B09L4Z67SN,Pet_Supplies,1668441304427
AEWJXW46LKSW22FWTGRYTLNE7TGA,B08ZYQ72X6,Pet_Supplies,1668441134981
AEWJXW46LKSW22FWTGRYTLNE7TGA,B09NN4H4GG,Pet_Supplies,1658749866325
AEWJXW46LKSW22FWTGRYTLNE7TGA,B0916P2CNB,Pet_Supplies,1655989653355
AEWJXW46LKSW22FWTGRYTLNE7TGA,B0BMJ4RQMD,Pet_Supplies,1655989436927
AEWJXW46LKSW22FWTGRYTLNE7TGA,B081GH2R28,Pet_Supplies,1654471828356
AEWJXW46LKSW22FWTGRYTLNE7TGA,B08BNMK3H2,Pet_Supplies,1653566376713
AEWJXW46LKSW22FWTGRYTLNE7TGA,B0C5F72129,Pet_Supplies,1653566178901
AEWJXW46LKSW22FWTGRYTLNE7TGA,B09NMYV9QD,Pet_Supplies,1653565892371
AEWJXW46LKSW22FWTGRYTLNE7TGA,B07R9DDWKM,Pet_Supplies,1653565270391
AEWJXW46LKSW22FWTGRYTLNE7TGA,B0B7F1KRS2,Pet_Supplies,1645977881581
AEWJXW46LKSW22FWTGRYTLNE7TGA,B0056ASTES,Pet_Supplies,1629403453545
AEWJXW46LKSW22FWTGRYTLNE7TGA,B09H2CDBWG,Pet_Supplies,1608678612626
AEWJXW46LKSW22FWTGRYTLNE7TGA,B09JYVKK2W,Pet_Supplies,1608677936825
AEWJXW46LKSW22FWTGRYTLNE7TGA,B07MMZW891,Pet_Supplies,1590966239894
AEWJXW46LKSW22FWTGRYTLNE7TGA,B07Z8XQG5F,Pet_Supplies,1589931399458
AEWJXW46LKSW22FWTGRYTLNE7TGA,B07N9BHHLR,Pet_Supplies,1579608955426
AEWJXW46LKSW22FWTGRYTLNE7TGA,B00LMXKI4W,Pet_Supplies,1572227680102
AEWJXW46LKSW22FWTGRYTLNE7TGA,B0BP2TDSQ7,Pet_Supplies,1569966131467
AEWJXW46LKSW22FWTGRYTLNE7TGA,B006IG98JO,Pet_Supplies,1530641522074
AEWJXW46LKSW22FWTGRYTLNE7TGA,B0785YRNM6,Pet_Supplies,1522055921653
AEWJXW46LKSW22FWTGRYTLNE7TGA,B06Y46N8YJ,Pet_Supplies,1509441045351
AEWJXW46LKSW22FWTGRYTLNE7TGA,B07NPN94FK,Pet_Supplies,1488731397000
AEWJXW46LKSW22FWTGRYTLNE7TGA,B07BMB1BZD,Pet_Supplies,1478917469000
AH6PDU5N7P7TLLVFHCY64IFV7HIQ,B087TKH99L,Pet_Supplies,1617299307157
AH6PDU5N7P7TLLVFHCY64IFV7HIQ,B082L3QQCB,Pet_Supplies,1617196806219
AH6PDU5N7P7TLLVFHCY64IFV7HIQ,B07QFS9B6Q,Pet_Supplies,1608226548178
AH6PDU5N7P7TLLVFHCY64IFV7HIQ,B0C3RCR5W3,Pet_Supplies,1608226207030
AH6PDU5N7P7TLLVFHCY64IFV7HIQ,B09S2BHLV6,Pet_Supplies,1608225616407
AHDZ3PFHIGTE7EOQBUMVRBFRMWJQ,B08779XSB1,Pet_Supplies,1647206691520
AHXBL3QDWZGJYH7A5CMPFNUPMF7Q,B01MG8GIE5,Pet_Supplies,1522720495042
AHXBL3QDWZGJYH7A5CMPFNUPMF7Q,B0933VV3L4,Pet_Supplies,1509316013558
AGPR2UDFIJJCBA3EKFEEAJBWKROQ,B00Y3PW4SO,Pet_Supplies,1601299202820
AHOEIYJJHZ7ITX75BOFQYNXVVJQQ,B0BCPYWBLT,Pet_Supplies,1677677357026
AHOEIYJJHZ7ITX75BOFQYNXVVJQQ,B09V52N6QP,Pet_Supplies,1665410667071
AHOEIYJJHZ7ITX75BOFQYNXVVJQQ,B0BXP8JB7D,Pet_Supplies,1664988134034
AHOEIYJJHZ7ITX75BOFQYNXVVJQQ,B0BVB6GXMN,Pet_Supplies,1659508686353
AHOEIYJJHZ7ITX75BOFQYNXVVJQQ,B00HZ4ALO4,Pet_Supplies,1659508407645
AGFNKUPLGHJ7X5IRLMJBDIMCLMKA,B0B5DJTQ93,Pet_Supplies,1671483736612
AGFNKUPLGHJ7X5IRLMJBDIMCLMKA,B0BQ4YWKC5,Pet_Supplies,1659898214895
AGFNKUPLGHJ7X5IRLMJBDIMCLMKA,B06XTHSXBW,Pet_Supplies,1542511387142
AEQAYV7RXZEBXMQIQPL6KCT2CFWQ,B082XRWVQD,Pet_Supplies,1595100016309
AEQAYV7RXZEBXMQIQPL6KCT2CFWQ,B07D526G8Q,Pet_Supplies,1565308590450
AHUVQ4UNB2JGV6MY4ZT75SZLPUBQ,B07C1HZJ7Q,Pet_Supplies,1605037573875
AF232QQ7UDHGQOVR6LZ3X7ZVQ3ZA,B01KNM0O0U,Pet_Supplies,1504972724183
AEVPPTMG43C6GWSR7I2UGRQN7WFQ,B09Z5XRZ4M,Pet_Supplies,1675796886082
AEVPPTMG43C6GWSR7I2UGRQN7WFQ,B08CGXY5RG,Pet_Supplies,1612903129471
AHREXOGQPZDA6354MHH4ETSF3MCQ,B0BQ46Q95R,Pet_Supplies,1668625322260
AHREXOGQPZDA6354MHH4ETSF3MCQ,B098FJFT1M,Pet_Supplies,1639011640633
AHREXOGQPZDA6354MHH4ETSF3MCQ,B09TSQT487,Pet_Supplies,1632078045218
AHREXOGQPZDA6354MHH4ETSF3MCQ,B093BQBQ68,Pet_Supplies,1626139403819
AHREXOGQPZDA6354MHH4ETSF3MCQ,B08Z7BQRNW,Pet_Supplies,1621432424052
AEO4M665ZOCBF7HEFRMTUDHLSB5Q,B073QQT2WM,Pet_Supplies,1483739473000
AFZHGG66WZRBIJTYPCHDSHY5GIWA,B07SHXVMV3,Pet_Supplies,1676686183800
AFZHGG66WZRBIJTYPCHDSHY5GIWA,B081THH2Q5,Pet_Supplies,1655272970521
AFZHGG66WZRBIJTYPCHDSHY5GIWA,B0933JN6QR,Pet_Supplies,1649899971921
AHCV2CNCOCG6WECDROOUYPDZIFEQ,B084P3KMDL,Pet_Supplies,1674835364636
AH6PLOGWYIVIWLJTY756BHNFD4YA,B08JLH7YB1,Pet_Supplies,1655121464930
AH6PLOGWYIVIWLJTY756BHNFD4YA,B079Q6FSNK,Pet_Supplies,1635122346883
AH6PLOGWYIVIWLJTY756BHNFD4YA,B08P1PHGDQ,Pet_Supplies,1613855840998
AH6PLOGWYIVIWLJTY756BHNFD4YA,B017VD7M54,Pet_Supplies,1613855518641
AH6PLOGWYIVIWLJTY756BHNFD4YA,B0BXQ6XFYF,Pet_Supplies,1407763634000
AHI3JGUFPMIJLPYTHBMTFAOZ4XFA,B005K8X6LC,Pet_Supplies,1670354633397
AHI3JGUFPMIJLPYTHBMTFAOZ4XFA,B08223DG6P,Pet_Supplies,1659378883337
AHI3JGUFPMIJLPYTHBMTFAOZ4XFA,B09W4Q8FGF,Pet_Supplies,1655230686282
AHI3JGUFPMIJLPYTHBMTFAOZ4XFA,B09BK6WN48,Pet_Supplies,1652119911805
AHI3JGUFPMIJLPYTHBMTFAOZ4XFA,B0C3QVCLG8,Pet_Supplies,1639084858243
AHI3JGUFPMIJLPYTHBMTFAOZ4XFA,B0BQ8VY17R,Pet_Supplies,1631556764290
AHI3JGUFPMIJLPYTHBMTFAOZ4XFA,B07GX7YKVM,Pet_Supplies,1629488566549
AHI3JGUFPMIJLPYTHBMTFAOZ4XFA,B07D1G19KX,Pet_Supplies,1577926295345
AHI3JGUFPMIJLPYTHBMTFAOZ4XFA,B0BVB6WZTR,Pet_Supplies,1569925516058
AHI3JGUFPMIJLPYTHBMTFAOZ4XFA,B09D451T23,Pet_Supplies,1569925460112
AHI3JGUFPMIJLPYTHBMTFAOZ4XFA,B08N2ZHGGR,Pet_Supplies,1569925388362
AHI3JGUFPMIJLPYTHBMTFAOZ4XFA,B0C9VW43DY,Pet_Supplies,1569925278751
AHI3JGUFPMIJLPYTHBMTFAOZ4XFA,B09R54RYLM,Pet_Supplies,1561573395801
AHI3JGUFPMIJLPYTHBMTFAOZ4XFA,B087DNKNTX,Pet_Supplies,1561573250816
AHI3JGUFPMIJLPYTHBMTFAOZ4XFA,B07R6PMBFF,Pet_Supplies,1561573114669
AHI3JGUFPMIJLPYTHBMTFAOZ4XFA,B078P6VH2J,Pet_Supplies,1550258991737
AHI3JGUFPMIJLPYTHBMTFAOZ4XFA,B07FLTRB1R,Pet_Supplies,1544909275132
AHI3JGUFPMIJLPYTHBMTFAOZ4XFA,B09VYMLMMQ,Pet_Supplies,1539992746286
AHI3JGUFPMIJLPYTHBMTFAOZ4XFA,B08P53482X,Pet_Supplies,1539023582862
AHI3JGUFPMIJLPYTHBMTFAOZ4XFA,B07DFF1G4D,Pet_Supplies,1539023492501
AHI3JGUFPMIJLPYTHBMTFAOZ4XFA,B09VVGCLLS,Pet_Supplies,1538305598590
AHI3JGUFPMIJLPYTHBMTFAOZ4XFA,B0BWSC1SD2,Pet_Supplies,1537387980603
AHI3JGUFPMIJLPYTHBMTFAOZ4XFA,B0B236QMXX,Pet_Supplies,1537387930743
AGFETIUFABYTBKH3H237OWO2FLBA,B0BXM1HWCY,Pet_Supplies,1643479809597
AEINY4XOINMMJCK5GZ3M6MMHBN6A,B08KQHGQGC,Pet_Supplies,1603302957900
AEINY4XOINMMJCK5GZ3M6MMHBN6A,B08J1FCPHM,Pet_Supplies,1601403925687
AEINY4XOINMMJCK5GZ3M6MMHBN6A,B0821DV1DK,Pet_Supplies,1443991953000
AEINY4XOINMMJCK5GZ3M6MMHBN6A,B0B8TDW2T5,Pet_Supplies,1443991088000
AEINY4XOINMMJCK5GZ3M6MMHBN6A,B09LWJLR3J,Pet_Supplies,1440649073000
AEINY4XOINMMJCK5GZ3M6MMHBN6A,B0002DJ0AQ,Pet_Supplies,1392127071000
AE3Q6AEWP7Y7CH4N6IWEP4YBNP2A,B0BTS8FP5Y,Pet_Supplies,1668209602524
AE3Q6AEWP7Y7CH4N6IWEP4YBNP2A,B0BXTKF5QF,Pet_Supplies,1668209459316
AE3Q6AEWP7Y7CH4N6IWEP4YBNP2A,B099MSK51T,Pet_Supplies,1646078336285
AGJSTXSEWFVQWVQINO6QKMNBUUNA,B00170KY62,Pet_Supplies,1398308354000
AEJDETWITK2KGACH7FUBMY33PPSQ,B0BTSDVFCH,Pet_Supplies,1581279692704
AEJDETWITK2KGACH7FUBMY33PPSQ,B0BTSKC29K,Pet_Supplies,1539317227821
AEJDETWITK2KGACH7FUBMY33PPSQ,B01KO898NC,Pet_Supplies,1522896564442
AEJDETWITK2KGACH7FUBMY33PPSQ,B09D451T23,Pet_Supplies,1501471992956
AEJDETWITK2KGACH7FUBMY33PPSQ,B09KVVXK9R,Pet_Supplies,1501471940717
AGSMNIT5YGSO35M2YRIE2OZIOSUQ,B07NPN94FK,Pet_Supplies,1417569712000
AGSMNIT5YGSO35M2YRIE2OZIOSUQ,B008J2EAPW,Pet_Supplies,1417566366000
AFSKPY37N3C43SOI5IEXEK5JSIYA,B0BRQD4454,Pet_Supplies,1676331659777
AFSKPY37N3C43SOI5IEXEK5JSIYA,B0B9RTWJCL,Pet_Supplies,1674775572581
AFSKPY37N3C43SOI5IEXEK5JSIYA,B09WXT5X44,Pet_Supplies,1673264595289
AFSKPY37N3C43SOI5IEXEK5JSIYA,B01BKECEW6,Pet_Supplies,1671709881486
AFSKPY37N3C43SOI5IEXEK5JSIYA,B08ZDKPVJK,Pet_Supplies,1654460583487
AFSKPY37N3C43SOI5IEXEK5JSIYA,B0BLVJMYCP,Pet_Supplies,1647085429794
AFSKPY37N3C43SOI5IEXEK5JSIYA,B0B4TZTF7F,Pet_Supplies,1643282483134
AFSKPY37N3C43SOI5IEXEK5JSIYA,B0BRQ6ZHH1,Pet_Supplies,1632826635308
AFSKPY37N3C43SOI5IEXEK5JSIYA,B07NQHLFPJ,Pet_Supplies,1630183647730
AFSKPY37N3C43SOI5IEXEK5JSIYA,B08MWDFJ93,Pet_Supplies,1628938559986
AFSKPY37N3C43SOI5IEXEK5JSIYA,B0C9PP47NF,Pet_Supplies,1619121239926
AFSKPY37N3C43SOI5IEXEK5JSIYA,B08LVPPCLH,Pet_Supplies,1608656531665
AFSKPY37N3C43SOI5IEXEK5JSIYA,B0BMGXMTPH,Pet_Supplies,1603815043774
AFSKPY37N3C43SOI5IEXEK5JSIYA,B09B39GHWD,Pet_Supplies,1597234852056
AFSKPY37N3C43SOI5IEXEK5JSIYA,B08913TYL5,Pet_Supplies,1596542839870
AFSKPY37N3C43SOI5IEXEK5JSIYA,B07TB5ML3L,Pet_Supplies,1587811395562
AFSKPY37N3C43SOI5IEXEK5JSIYA,B099JQWD92,Pet_Supplies,1587030434596
AFSKPY37N3C43SOI5IEXEK5JSIYA,B0BCPSV3B6,Pet_Supplies,1586524508217
AFSKPY37N3C43SOI5IEXEK5JSIYA,B0BCSJW29T,Pet_Supplies,1583840063630
AFSKPY37N3C43SOI5IEXEK5JSIYA,B0BMHWW59K,Pet_Supplies,1583454240883
AFSKPY37N3C43SOI5IEXEK5JSIYA,B0BMJ5HQRR,Pet_Supplies,1582902776198
AFSKPY37N3C43SOI5IEXEK5JSIYA,B010PHT2X8,Pet_Supplies,1582902490183
AFSKPY37N3C43SOI5IEXEK5JSIYA,B07KQYK3H6,Pet_Supplies,1576190753953
AFSKPY37N3C43SOI5IEXEK5JSIYA,B0C1DXZC8G,Pet_Supplies,1574642395961
AFSKPY37N3C43SOI5IEXEK5JSIYA,B07TTP8C1D,Pet_Supplies,1574431581099
AFSKPY37N3C43SOI5IEXEK5JSIYA,B07PL12C2P,Pet_Supplies,1567331262904
AFSKPY37N3C43SOI5IEXEK5JSIYA,B07KYLBRT4,Pet_Supplies,1566679804531
AFSKPY37N3C43SOI5IEXEK5JSIYA,B095117C4R,Pet_Supplies,1565464065350
AFSKPY37N3C43SOI5IEXEK5JSIYA,B01LYH57R3,Pet_Supplies,1565449729921
AFSKPY37N3C43SOI5IEXEK5JSIYA,B07RB2F7PY,Pet_Supplies,1565381261637
AFSKPY37N3C43SOI5IEXEK5JSIYA,B09VF6VJQW,Pet_Supplies,1565346680314
AFSKPY37N3C43SOI5IEXEK5JSIYA,B0B65HC4R7,Pet_Supplies,1565298089205
AFSKPY37N3C43SOI5IEXEK5JSIYA,B0BG3QWP9J,Pet_Supplies,1563970120587
AFSKPY37N3C43SOI5IEXEK5JSIYA,B0BMH3P2D3,Pet_Supplies,1563969992854
AFSKPY37N3C43SOI5IEXEK5JSIYA,B0B7BX5QSF,Pet_Supplies,1563969694108
AFSKPY37N3C43SOI5IEXEK5JSIYA,B07K11PFQ1,Pet_Supplies,1562597587205
AFSKPY37N3C43SOI5IEXEK5JSIYA,B075731Y1S,Pet_Supplies,1559400787638
AFSKPY37N3C43SOI5IEXEK5JSIYA,B07P87TS52,Pet_Supplies,1559304526537
AFSKPY37N3C43SOI5IEXEK5JSIYA,B07NFPD36G,Pet_Supplies,1559085364085
AFSKPY37N3C43SOI5IEXEK5JSIYA,B07KMP741Y,Pet_Supplies,1559085088241
AFSKPY37N3C43SOI5IEXEK5JSIYA,B07PPD2N6W,Pet_Supplies,1557275309075
AFSKPY37N3C43SOI5IEXEK5JSIYA,B0BTSCV5ZV,Pet_Supplies,1555350772470
AFSKPY37N3C43SOI5IEXEK5JSIYA,B08757VHLX,Pet_Supplies,1555175709331
AFSKPY37N3C43SOI5IEXEK5JSIYA,B084HY45YJ,Pet_Supplies,1554733156306
AFSKPY37N3C43SOI5IEXEK5JSIYA,B0B8NTWL4S,Pet_Supplies,1554330042297
AFSKPY37N3C43SOI5IEXEK5JSIYA,B0BRWWDY5Q,Pet_Supplies,1554036299679
AFSKPY37N3C43SOI5IEXEK5JSIYA,B084WYJTWT,Pet_Supplies,1553079718187
AFSKPY37N3C43SOI5IEXEK5JSIYA,B0BPXYK8BJ,Pet_Supplies,1550771284644
AFSKPY37N3C43SOI5IEXEK5JSIYA,B0882BXVRY,Pet_Supplies,1550489751161
AFSKPY37N3C43SOI5IEXEK5JSIYA,B07KY5GLQ4,Pet_Supplies,1548682113011
AFSKPY37N3C43SOI5IEXEK5JSIYA,B07GVT68JZ,Pet_Supplies,1548242373986
AFSKPY37N3C43SOI5IEXEK5JSIYA,B07L4KR582,Pet_Supplies,1548241970606
AFSKPY37N3C43SOI5IEXEK5JSIYA,B07KMYNMYX,Pet_Supplies,1547981257737
AFSKPY37N3C43SOI5IEXEK5JSIYA,B0C78DNG9G,Pet_Supplies,1547075555922
AFSKPY37N3C43SOI5IEXEK5JSIYA,B074WZ8VY2,Pet_Supplies,1546870576055
AFSKPY37N3C43SOI5IEXEK5JSIYA,B07G9TQ6F2,Pet_Supplies,1546272685003
AFSKPY37N3C43SOI5IEXEK5JSIYA,B07HZC1MKN,Pet_Supplies,1544826940806
AFSKPY37N3C43SOI5IEXEK5JSIYA,B07JH55B39,Pet_Supplies,1544461638751
AFSKPY37N3C43SOI5IEXEK5JSIYA,B00OXLTQJ8,Pet_Supplies,1543417769347
AFSKPY37N3C43SOI5IEXEK5JSIYA,B07FMG4931,Pet_Supplies,1540229632410
AFSKPY37N3C43SOI5IEXEK5JSIYA,B07G8RS66G,Pet_Supplies,1540227956758
AFSKPY37N3C43SOI5IEXEK5JSIYA,B07F2BNFTN,Pet_Supplies,1539436642890
AFSKPY37N3C43SOI5IEXEK5JSIYA,B08ZW82PCS,Pet_Supplies,1539254015740
AFSKPY37N3C43SOI5IEXEK5JSIYA,B07F8J2163,Pet_Supplies,1538945571367
AFSKPY37N3C43SOI5IEXEK5JSIYA,B07D9X99QQ,Pet_Supplies,1538945309329
AFSKPY37N3C43SOI5IEXEK5JSIYA,B07DH1CNZ9,Pet_Supplies,1537353456900
AFSKPY37N3C43SOI5IEXEK5JSIYA,B08P3SCHSP,Pet_Supplies,1537352667828
AFSKPY37N3C43SOI5IEXEK5JSIYA,B07TXRKXNQ,Pet_Supplies,1537178338807
AFSKPY37N3C43SOI5IEXEK5JSIYA,B07DPLX9CY,Pet_Supplies,1536500988439
AFSKPY37N3C43SOI5IEXEK5JSIYA,B0785GQW9B,Pet_Supplies,1534502579172
AFSKPY37N3C43SOI5IEXEK5JSIYA,B07QZ4L4GD,Pet_Supplies,1532943360255
AFSKPY37N3C43SOI5IEXEK5JSIYA,B078WTHFR1,Pet_Supplies,1532783975813
AFSKPY37N3C43SOI5IEXEK5JSIYA,B0BBSP4PXP,Pet_Supplies,1530873209797
AFSKPY37N3C43SOI5IEXEK5JSIYA,B075F89TSV,Pet_Supplies,1530736794654
AFSKPY37N3C43SOI5IEXEK5JSIYA,B06XD13C1Z,Pet_Supplies,1529238306311
AFSKPY37N3C43SOI5IEXEK5JSIYA,B01B474XIW,Pet_Supplies,1528792655841
AFSKPY37N3C43SOI5IEXEK5JSIYA,B076RW48ST,Pet_Supplies,1528710550981
AFSKPY37N3C43SOI5IEXEK5JSIYA,B07B2PBKRP,Pet_Supplies,1527380528898
AFSKPY37N3C43SOI5IEXEK5JSIYA,B0BJL3B8FP,Pet_Supplies,1527380338592
AFSKPY37N3C43SOI5IEXEK5JSIYA,B077SCTG8M,Pet_Supplies,1526665798535
AFSKPY37N3C43SOI5IEXEK5JSIYA,B0BJL4GDKK,Pet_Supplies,1526336370287
AFSKPY37N3C43SOI5IEXEK5JSIYA,B07YYTMWCL,Pet_Supplies,1523199360233
AFSKPY37N3C43SOI5IEXEK5JSIYA,B0BRSGWRC9,Pet_Supplies,1522022716519
AFSKPY37N3C43SOI5IEXEK5JSIYA,B09FYJ395C,Pet_Supplies,1521398154480
AFSKPY37N3C43SOI5IEXEK5JSIYA,B0BGM4B1CZ,Pet_Supplies,1519400417069
AFSKPY37N3C43SOI5IEXEK5JSIYA,B082VY8KYM,Pet_Supplies,1518878849119
AFSKPY37N3C43SOI5IEXEK5JSIYA,B0781ZSZK2,Pet_Supplies,1517398276112
AFSKPY37N3C43SOI5IEXEK5JSIYA,B078DP9JLQ,Pet_Supplies,1517150869409
AFSKPY37N3C43SOI5IEXEK5JSIYA,B08DLSNGXN,Pet_Supplies,1515440129262
AFSKPY37N3C43SOI5IEXEK5JSIYA,B0719SPVJT,Pet_Supplies,1514632595612
AFSKPY37N3C43SOI5IEXEK5JSIYA,B0778218SD,Pet_Supplies,1514117243752
AFSKPY37N3C43SOI5IEXEK5JSIYA,B014CLOZTE,Pet_Supplies,1513967420247
AFSKPY37N3C43SOI5IEXEK5JSIYA,B08P4ZWMZ8,Pet_Supplies,1513940738565
AFSKPY37N3C43SOI5IEXEK5JSIYA,B0051VFG70,Pet_Supplies,1513937755441
AFSKPY37N3C43SOI5IEXEK5JSIYA,B07FVK6PS5,Pet_Supplies,1513767890705
AFSKPY37N3C43SOI5IEXEK5JSIYA,B0719B8VCM,Pet_Supplies,1513766584830
AFSKPY37N3C43SOI5IEXEK5JSIYA,B08DM6CPSK,Pet_Supplies,1513510986532
AFSKPY37N3C43SOI5IEXEK5JSIYA,B0BW9Q9FHY,Pet_Supplies,1511866390247
AFSKPY37N3C43SOI5IEXEK5JSIYA,B09V5JQN4D,Pet_Supplies,1511866049060
AFSKPY37N3C43SOI5IEXEK5JSIYA,B0BM32BCMK,Pet_Supplies,1511634369314
AFSKPY37N3C43SOI5IEXEK5JSIYA,B0B9QWYZ55,Pet_Supplies,1510928779408
AFSKPY37N3C43SOI5IEXEK5JSIYA,B08GR3VXWR,Pet_Supplies,1510708007203
AFSKPY37N3C43SOI5IEXEK5JSIYA,B078CK5ZDK,Pet_Supplies,1510521279830
AFSKPY37N3C43SOI5IEXEK5JSIYA,B09HRM6WFS,Pet_Supplies,1509381053830
AFSKPY37N3C43SOI5IEXEK5JSIYA,B0C85TRYW3,Pet_Supplies,1508343974540
AFSKPY37N3C43SOI5IEXEK5JSIYA,B06ZZDLNL7,Pet_Supplies,1508336058321
AFSKPY37N3C43SOI5IEXEK5JSIYA,B073WYP317,Pet_Supplies,1507891611826
AFSKPY37N3C43SOI5IEXEK5JSIYA,B01C600NGM,Pet_Supplies,1507075435060
AFSKPY37N3C43SOI5IEXEK5JSIYA,B06XV3H23Q,Pet_Supplies,1506279081027
AFSKPY37N3C43SOI5IEXEK5JSIYA,B09YKTXTDG,Pet_Supplies,1505675063434
AFSKPY37N3C43SOI5IEXEK5JSIYA,B07WZQCL1N,Pet_Supplies,1504621204787
AFSKPY37N3C43SOI5IEXEK5JSIYA,B09PJBRKXY,Pet_Supplies,1504391700198
AFSKPY37N3C43SOI5IEXEK5JSIYA,B08P5Z43RJ,Pet_Supplies,1503249616308
AFSKPY37N3C43SOI5IEXEK5JSIYA,B08KKZDNHB,Pet_Supplies,1502819803543
AFSKPY37N3C43SOI5IEXEK5JSIYA,B08DKB3BFT,Pet_Supplies,1502819056260
AFSKPY37N3C43SOI5IEXEK5JSIYA,B07HFK4G7L,Pet_Supplies,1502459890394
AFSKPY37N3C43SOI5IEXEK5JSIYA,B0C6DCRWBS,Pet_Supplies,1501810560923
AFSKPY37N3C43SOI5IEXEK5JSIYA,B07WNKFXYQ,Pet_Supplies,1501775993135
AFSKPY37N3C43SOI5IEXEK5JSIYA,B09BY21SJH,Pet_Supplies,1501169203668
AFSKPY37N3C43SOI5IEXEK5JSIYA,B00TZSIYJC,Pet_Supplies,1501093788679
AFSKPY37N3C43SOI5IEXEK5JSIYA,B01MYGRW4J,Pet_Supplies,1501065603368
AFSKPY37N3C43SOI5IEXEK5JSIYA,B01N21O9G6,Pet_Supplies,1500597582342
AFSKPY37N3C43SOI5IEXEK5JSIYA,B01N16CDMN,Pet_Supplies,1499939239808
AFSKPY37N3C43SOI5IEXEK5JSIYA,B0C6Z6J7X9,Pet_Supplies,1499380750113
AFSKPY37N3C43SOI5IEXEK5JSIYA,B0BBSP4PXP,Pet_Supplies,1498670387557
AFSKPY37N3C43SOI5IEXEK5JSIYA,B07CXHF311,Pet_Supplies,1496872720000
AFSKPY37N3C43SOI5IEXEK5JSIYA,B09JMRLGMS,Pet_Supplies,1496585716000
AFSKPY37N3C43SOI5IEXEK5JSIYA,B08LQXSFR9,Pet_Supplies,1496069234000
AFSKPY37N3C43SOI5IEXEK5JSIYA,B08BXNCCXV,Pet_Supplies,1495813288000
AFSKPY37N3C43SOI5IEXEK5JSIYA,B0875W15RV,Pet_Supplies,1495708705000
AFSKPY37N3C43SOI5IEXEK5JSIYA,B09XJ4Q44J,Pet_Supplies,1495127562000
AFSKPY37N3C43SOI5IEXEK5JSIYA,B0788LNC2C,Pet_Supplies,1491920994000
AFSKPY37N3C43SOI5IEXEK5JSIYA,B09NYLD6SF,Pet_Supplies,1491328832000
AFSKPY37N3C43SOI5IEXEK5JSIYA,B08MK1XH6X,Pet_Supplies,1488309044000
AFSKPY37N3C43SOI5IEXEK5JSIYA,B08MCGS49D,Pet_Supplies,1486593766000
AFSKPY37N3C43SOI5IEXEK5JSIYA,B0BX63347X,Pet_Supplies,1485196656000
AFSKPY37N3C43SOI5IEXEK5JSIYA,B01M63BXHV,Pet_Supplies,1483312540000
AFSKPY37N3C43SOI5IEXEK5JSIYA,B07CLP545H,Pet_Supplies,1482794289000
AFSKPY37N3C43SOI5IEXEK5JSIYA,B007OE86FG,Pet_Supplies,1481711265000
AFSKPY37N3C43SOI5IEXEK5JSIYA,B01AZL5R7O,Pet_Supplies,1480506499000
AFSKPY37N3C43SOI5IEXEK5JSIYA,B0B44WDTCQ,Pet_Supplies,1478114447000
AFSKPY37N3C43SOI5IEXEK5JSIYA,B01ID1WG7W,Pet_Supplies,1474645615000
AFSKPY37N3C43SOI5IEXEK5JSIYA,B01N5DQ33R,Pet_Supplies,1473848298000
AFSKPY37N3C43SOI5IEXEK5JSIYA,B0B3LBHRTL,Pet_Supplies,1471716378000
AFSKPY37N3C43SOI5IEXEK5JSIYA,B01BKECF3Y,Pet_Supplies,1466071981000
AFSKPY37N3C43SOI5IEXEK5JSIYA,B012AG2TAA,Pet_Supplies,1465452013000
AFSKPY37N3C43SOI5IEXEK5JSIYA,B0863KJVDV,Pet_Supplies,1464011163000
AFSKPY37N3C43SOI5IEXEK5JSIYA,B01BM9V2WC,Pet_Supplies,1464007985000
AFSKPY37N3C43SOI5IEXEK5JSIYA,B009FALPHI,Pet_Supplies,1463143799000
AFSKPY37N3C43SOI5IEXEK5JSIYA,B0BTSDBRW5,Pet_Supplies,1461001265000
AFSKPY37N3C43SOI5IEXEK5JSIYA,B0C3HYS7DQ,Pet_Supplies,1460552130000
AFSKPY37N3C43SOI5IEXEK5JSIYA,B01AJJOJGC,Pet_Supplies,1457981769000
AFSKPY37N3C43SOI5IEXEK5JSIYA,B07QB9Q5HM,Pet_Supplies,1457979952000
AFSKPY37N3C43SOI5IEXEK5JSIYA,B0C8JTXBWC,Pet_Supplies,1457106573000
AFSKPY37N3C43SOI5IEXEK5JSIYA,B087ZPBFT5,Pet_Supplies,1456603511000
AFSKPY37N3C43SOI5IEXEK5JSIYA,B00XWDYG5C,Pet_Supplies,1447508870000
AFSKPY37N3C43SOI5IEXEK5JSIYA,B0716XXWSG,Pet_Supplies,1446896511000
AFSKPY37N3C43SOI5IEXEK5JSIYA,B0BTSF5W6H,Pet_Supplies,1438975086000
AFSKPY37N3C43SOI5IEXEK5JSIYA,B00HPZEODC,Pet_Supplies,1436306028000
AFSKPY37N3C43SOI5IEXEK5JSIYA,B09YYTB2YM,Pet_Supplies,1432130472000
AFSKPY37N3C43SOI5IEXEK5JSIYA,B0C3HYS7DQ,Pet_Supplies,1432120079000
AFSKPY37N3C43SOI5IEXEK5JSIYA,B00T62YM6G,Pet_Supplies,1431549262000
AFSKPY37N3C43SOI5IEXEK5JSIYA,B00K84Y7OS,Pet_Supplies,1421676353000
AFSKPY37N3C43SOI5IEXEK5JSIYA,B0BV11P45F,Pet_Supplies,1417208735000
AFSKPY37N3C43SOI5IEXEK5JSIYA,B004KT8OIC,Pet_Supplies,1415740160000
AFSKPY37N3C43SOI5IEXEK5JSIYA,B07VYZTRKF,Pet_Supplies,1411038366000
AFSKPY37N3C43SOI5IEXEK5JSIYA,B0009YHTA6,Pet_Supplies,1401544989000
AFSKPY37N3C43SOI5IEXEK5JSIYA,B0096EZ5WO,Pet_Supplies,1360580291000
AFGNIWCBLQT2QIXXKIW7Q6VREZRQ,B07GSH66S7,Pet_Supplies,1677687394130
AFGNIWCBLQT2QIXXKIW7Q6VREZRQ,B089PSZ856,Pet_Supplies,1676864109868
AFGNIWCBLQT2QIXXKIW7Q6VREZRQ,B01MRZIEHC,Pet_Supplies,1674229174857
AFGNIWCBLQT2QIXXKIW7Q6VREZRQ,B08M43YBXZ,Pet_Supplies,1663973792786
AFGNIWCBLQT2QIXXKIW7Q6VREZRQ,B08ZXM998F,Pet_Supplies,1663973696575
AFGNIWCBLQT2QIXXKIW7Q6VREZRQ,B08Q7QF4RK,Pet_Supplies,1646195039445
AFGNIWCBLQT2QIXXKIW7Q6VREZRQ,B08H1XD4G6,Pet_Supplies,1646194914603
AFGNIWCBLQT2QIXXKIW7Q6VREZRQ,B07KYL7MFN,Pet_Supplies,1646194802912
AFGNIWCBLQT2QIXXKIW7Q6VREZRQ,B014QBYLXA,Pet_Supplies,1646194722346
AFGNIWCBLQT2QIXXKIW7Q6VREZRQ,B09B33TSVH,Pet_Supplies,1601507810061
AFGNIWCBLQT2QIXXKIW7Q6VREZRQ,B06XH334PP,Pet_Supplies,1601507570022
AFGNIWCBLQT2QIXXKIW7Q6VREZRQ,B0B511JQ1W,Pet_Supplies,1585548007888
AFGNIWCBLQT2QIXXKIW7Q6VREZRQ,B011Y5HS5Y,Pet_Supplies,1548273892951
AFGNIWCBLQT2QIXXKIW7Q6VREZRQ,B088FJ6ZN5,Pet_Supplies,1548273871373
AFUOYIZBU3MTBOLYKOJE5Z35MBDA,B001REBWVY,Pet_Supplies,1659694700496
AG35BKPUEUMX7LV5YLOQ5YCQ3GOA,B017AZ2UE6,Pet_Supplies,1486322920000
AG35BKPUEUMX7LV5YLOQ5YCQ3GOA,B015Y69N9S,Pet_Supplies,1474720545000
AG35BKPUEUMX7LV5YLOQ5YCQ3GOA,B00FG009OQ,Pet_Supplies,1389798457000
AG35BKPUEUMX7LV5YLOQ5YCQ3GOA,B07KCCGXQ8,Pet_Supplies,1361830280000
AG35BKPUEUMX7LV5YLOQ5YCQ3GOA,B0862YK5F3,Pet_Supplies,1361827094000
AGKFRCDY4WBW4RH6GFYFJ3T3XBSA,B07QWS6S4V,Pet_Supplies,1564773122530
AHGAOIZVODNHYMNCBV4DECZH42UQ,B08CTPSH3L,Pet_Supplies,1642100228217
AHGAOIZVODNHYMNCBV4DECZH42UQ,B09YTRF3XD,Pet_Supplies,1615820678372
AHGAOIZVODNHYMNCBV4DECZH42UQ,B07PL12C2P,Pet_Supplies,1586440811676
AHGAOIZVODNHYMNCBV4DECZH42UQ,B0BMHX5L9G,Pet_Supplies,1576018684152
AHGAOIZVODNHYMNCBV4DECZH42UQ,B07FCP8TQM,Pet_Supplies,1575411487527
AHGAOIZVODNHYMNCBV4DECZH42UQ,B07K2B5DP8,Pet_Supplies,1571233559298
AHGAOIZVODNHYMNCBV4DECZH42UQ,B07J1YVW13,Pet_Supplies,1561467359362
AHGAOIZVODNHYMNCBV4DECZH42UQ,B09Z5BTLY4,Pet_Supplies,1550953714368
AHGAOIZVODNHYMNCBV4DECZH42UQ,B09HX6Q3R3,Pet_Supplies,1547784240460
AHGAOIZVODNHYMNCBV4DECZH42UQ,B07SH35GYJ,Pet_Supplies,1540858736779
AHGAOIZVODNHYMNCBV4DECZH42UQ,B09XGK2656,Pet_Supplies,1533141242787
AHGAOIZVODNHYMNCBV4DECZH42UQ,B07233P1W2,Pet_Supplies,1527204716506
AHGAOIZVODNHYMNCBV4DECZH42UQ,B0CBMQTQWF,Pet_Supplies,1526827703565
AHGAOIZVODNHYMNCBV4DECZH42UQ,B09SYSSB1F,Pet_Supplies,1525475488365
AHGAOIZVODNHYMNCBV4DECZH42UQ,B078S8MDQC,Pet_Supplies,1524581457515
AHGAOIZVODNHYMNCBV4DECZH42UQ,B09T6DPLZV,Pet_Supplies,1523137020268
AHGAOIZVODNHYMNCBV4DECZH42UQ,B0C5Z5JKLX,Pet_Supplies,1522875321671
AHGAOIZVODNHYMNCBV4DECZH42UQ,B000IYSAIW,Pet_Supplies,1522283483636
AHGAOIZVODNHYMNCBV4DECZH42UQ,B07GXB2SC1,Pet_Supplies,1522283338362
AHGAOIZVODNHYMNCBV4DECZH42UQ,B07XP8QYKN,Pet_Supplies,1521479934136
AHGAOIZVODNHYMNCBV4DECZH42UQ,B0B4PLXP1F,Pet_Supplies,1520973006598
AHGAOIZVODNHYMNCBV4DECZH42UQ,B01HUX3NNU,Pet_Supplies,1518035457684
AHGAOIZVODNHYMNCBV4DECZH42UQ,B0C38GX4QT,Pet_Supplies,1511537991536
AHGAOIZVODNHYMNCBV4DECZH42UQ,B0BRP66Z5T,Pet_Supplies,1502137170855
AHGAOIZVODNHYMNCBV4DECZH42UQ,B0BGMGDMTR,Pet_Supplies,1493912332000
AHGAOIZVODNHYMNCBV4DECZH42UQ,B09F6ZB2LF,Pet_Supplies,1468270672000
AHGAOIZVODNHYMNCBV4DECZH42UQ,B00061MRA4,Pet_Supplies,1445986403000
AHGAOIZVODNHYMNCBV4DECZH42UQ,B07SFZP8GH,Pet_Supplies,1423678930000
AHGAOIZVODNHYMNCBV4DECZH42UQ,B000RI6C7K,Pet_Supplies,1423678862000
AF5Z2RWMKZOTVIXDTOTYJKVJ7G2A,B09DJKWD2C,Pet_Supplies,1466551727000
AGAJIGBX3UA7OEFS3XA42FR5SGWA,B0BNVLH8BF,Pet_Supplies,1649011265100
AEDJZTFJDNOW6JDLMBZNK2QBN3GQ,B00VHZ9SMI,Pet_Supplies,1601155023126
AEDJZTFJDNOW6JDLMBZNK2QBN3GQ,B0BQNCG2W6,Pet_Supplies,1601154875070
AGUMKAETPKF5G37FKT6CXLBRPOAA,B002UUV2DW,Pet_Supplies,1548090139778
AE7Y5RLYIKHOZB5NKKOEKYG2SPSQ,B09HS4R77C,Pet_Supplies,1663697492994
AE7Y5RLYIKHOZB5NKKOEKYG2SPSQ,B0BGR3T5FK,Pet_Supplies,1655854863066
AE7Y5RLYIKHOZB5NKKOEKYG2SPSQ,B0B333N2KZ,Pet_Supplies,1655423874222
AE7Y5RLYIKHOZB5NKKOEKYG2SPSQ,B08XQ7ZCST,Pet_Supplies,1631723149749
AE7Y5RLYIKHOZB5NKKOEKYG2SPSQ,B09D953J3G,Pet_Supplies,1630192062753
AE7Y5RLYIKHOZB5NKKOEKYG2SPSQ,B003Y5DS5M,Pet_Supplies,1623617019114
AE7Y5RLYIKHOZB5NKKOEKYG2SPSQ,B07YT5KW98,Pet_Supplies,1623616535140
AE7Y5RLYIKHOZB5NKKOEKYG2SPSQ,B08B774K2Z,Pet_Supplies,1619480839648
AE7Y5RLYIKHOZB5NKKOEKYG2SPSQ,B01FJTG05K,Pet_Supplies,1608046410274
AE7Y5RLYIKHOZB5NKKOEKYG2SPSQ,B0BHX3FM3B,Pet_Supplies,1608045340836
AE7Y5RLYIKHOZB5NKKOEKYG2SPSQ,B0BKVWJ8LL,Pet_Supplies,1608043968584
AE7Y5RLYIKHOZB5NKKOEKYG2SPSQ,B09XBR57ST,Pet_Supplies,1604891630092
AGVWGLLS7SG3ZQTICDD7K6EAPRMQ,B08ND8GV8V,Pet_Supplies,1676324802164
AGVWGLLS7SG3ZQTICDD7K6EAPRMQ,B093B5Q5HW,Pet_Supplies,1659302164868
AGVWGLLS7SG3ZQTICDD7K6EAPRMQ,B01MY9CL5V,Pet_Supplies,1610679702489
AGVWGLLS7SG3ZQTICDD7K6EAPRMQ,B0B836C3C9,Pet_Supplies,1534200812712
AFGEM6BXCYHUILEOA3P2ZYBEF2TA,B0BCW8Y3L9,Pet_Supplies,1675483205410
AFGEM6BXCYHUILEOA3P2ZYBEF2TA,B082HPK3MN,Pet_Supplies,1672352716302
AFGEM6BXCYHUILEOA3P2ZYBEF2TA,B001CQABOQ,Pet_Supplies,1662267624122
AFGEM6BXCYHUILEOA3P2ZYBEF2TA,B08K1Y5Z95,Pet_Supplies,1658348691136
AFGEM6BXCYHUILEOA3P2ZYBEF2TA,B0002DH2ZQ,Pet_Supplies,1631119057071
AFGEM6BXCYHUILEOA3P2ZYBEF2TA,B08NYPZCYS,Pet_Supplies,1630414328936
AFGEM6BXCYHUILEOA3P2ZYBEF2TA,B09R4MKCKJ,Pet_Supplies,1628628702955
AFGEM6BXCYHUILEOA3P2ZYBEF2TA,B07TZ1J7W7,Pet_Supplies,1624399753202
AFGEM6BXCYHUILEOA3P2ZYBEF2TA,B00UJ08VG6,Pet_Supplies,1618894776638
AFGEM6BXCYHUILEOA3P2ZYBEF2TA,B0002DGXNS,Pet_Supplies,1618609587936
AFGEM6BXCYHUILEOA3P2ZYBEF2TA,B007PO3AEC,Pet_Supplies,1615846426452
AFGEM6BXCYHUILEOA3P2ZYBEF2TA,B07VLL4FLG,Pet_Supplies,1615846066325
AFGEM6BXCYHUILEOA3P2ZYBEF2TA,B09WYV2RK2,Pet_Supplies,1605062451652
AH7DSQKRNRX45EP42R364AWLJ3TQ,B08PYW7RXC,Pet_Supplies,1619027088557
AGQJNXM7K6U5ZHDPSOJ2CLKUH5IQ,B09NNH5SFV,Pet_Supplies,1664406995463
AGQJNXM7K6U5ZHDPSOJ2CLKUH5IQ,B08P3Q9XJK,Pet_Supplies,1565919509636
AEBEMKCZEMUFCPGTHMPVILJ7Z5VA,B0BYFLLQ1N,Pet_Supplies,1556314079941
AEYS7TG2WOZAB7NLRVGTM5XZIG3Q,B01NAPK1QN,Pet_Supplies,1673980964017
AEYS7TG2WOZAB7NLRVGTM5XZIG3Q,B0BH1W23XH,Pet_Supplies,1630811780021
AEMO4BFY2UXCQE4XOFORK5EFFCDA,B0757FLGXJ,Pet_Supplies,1624637303639
AEMO4BFY2UXCQE4XOFORK5EFFCDA,B01N7VZI5V,Pet_Supplies,1605593521295
AFKZENTNBQ7A7V7UXW5JJI6UGRYQ,B0BGFR76CF,Sports_and_Outdoors,1677321053520
AFKZENTNBQ7A7V7UXW5JJI6UGRYQ,B00NXQLFQQ,Sports_and_Outdoors,1523093771676
AGGZ357AO26RQZVRLGU4D4N52DZQ,B0957WLR63,Sports_and_Outdoors,1653526919105
AGGZ357AO26RQZVRLGU4D4N52DZQ,B00IET8S80,Sports_and_Outdoors,1627330911189
AGGZ357AO26RQZVRLGU4D4N52DZQ,B01C2SW7XA,Sports_and_Outdoors,1617831811976
AGGZ357AO26RQZVRLGU4D4N52DZQ,B09NQK7MH9,Sports_and_Outdoors,1612965746894
AGGZ357AO26RQZVRLGU4D4N52DZQ,B01DFBQEKA,Sports_and_Outdoors,1612126664309
AGGZ357AO26RQZVRLGU4D4N52DZQ,B07NJ2SZQX,Sports_and_Outdoors,1573237536081
AGGZ357AO26RQZVRLGU4D4N52DZQ,B00GAG0LDO,Sports_and_Outdoors,1438304920000
AGGZ357AO26RQZVRLGU4D4N52DZQ,B001D08ZBW,Sports_and_Outdoors,1331692117000
AGKASBHYZPGTEPO6LWZPVJWB2BVA,B013BTENMC,Sports_and_Outdoors,1471551453000
AGKASBHYZPGTEPO6LWZPVJWB2BVA,B00EPGMLXE,Sports_and_Outdoors,1471545929000
AGKASBHYZPGTEPO6LWZPVJWB2BVA,B013IVCLWW,Sports_and_Outdoors,1458095369000
AGKASBHYZPGTEPO6LWZPVJWB2BVA,B01IX2HRUC,Sports_and_Outdoors,1458094982000
AGKASBHYZPGTEPO6LWZPVJWB2BVA,B076BYCLDW,Sports_and_Outdoors,1455408667000
AGKASBHYZPGTEPO6LWZPVJWB2BVA,B00XCB1VDE,Sports_and_Outdoors,1452650212000
AGKASBHYZPGTEPO6LWZPVJWB2BVA,B00XCARPIU,Sports_and_Outdoors,1452648377000
AGKASBHYZPGTEPO6LWZPVJWB2BVA,B011QWQ9CI,Sports_and_Outdoors,1452646879000
AG2L7H23R5LLKDKLBEF2Q3L2MVDA,B09FKVW4XY,Sports_and_Outdoors,1676602035191
AGCI7FAH4GL5FI65HYLKWTMFZ2CQ,B08YYVZLBF,Sports_and_Outdoors,1636220351377
AGCI7FAH4GL5FI65HYLKWTMFZ2CQ,B07MHWV278,Sports_and_Outdoors,1565020242910
AGCI7FAH4GL5FI65HYLKWTMFZ2CQ,B00142MD62,Sports_and_Outdoors,1459964787000
AGCI7FAH4GL5FI65HYLKWTMFZ2CQ,B000H864AA,Sports_and_Outdoors,1456772691000
AGCI7FAH4GL5FI65HYLKWTMFZ2CQ,B07HXY38G2,Sports_and_Outdoors,1456772202000
AGXVBIUFLFGMVLATYXHJYL4A5Q7Q,B00CLUM9SS,Sports_and_Outdoors,1530556590839
AGXVBIUFLFGMVLATYXHJYL4A5Q7Q,B01LWK7SAU,Sports_and_Outdoors,1530556448109
AGKHLEW2SOWHNMFQIJGBECAF7INQ,B0BMQZLW3R,Sports_and_Outdoors,1545339500449
AGKHLEW2SOWHNMFQIJGBECAF7INQ,B01IKEHELU,Sports_and_Outdoors,1486320548000
AGBFYI2DDIKXC5Y4FARTYDTQBMFQ,B07CBRCG51,Sports_and_Outdoors,1620925213187
AGBFYI2DDIKXC5Y4FARTYDTQBMFQ,B09MYJQZ27,Sports_and_Outdoors,1620358443808
AGBFYI2DDIKXC5Y4FARTYDTQBMFQ,B079RP9CBN,Sports_and_Outdoors,1620358176713
AGBFYI2DDIKXC5Y4FARTYDTQBMFQ,B083L7F1PP,Sports_and_Outdoors,1620158711433
AGBFYI2DDIKXC5Y4FARTYDTQBMFQ,B07V86NXBG,Sports_and_Outdoors,1620104927874
AGBFYI2DDIKXC5Y4FARTYDTQBMFQ,B08MDV9ZT9,Sports_and_Outdoors,1620104890113
AGBFYI2DDIKXC5Y4FARTYDTQBMFQ,B07GDJL5Y9,Sports_and_Outdoors,1611936658730
AGBFYI2DDIKXC5Y4FARTYDTQBMFQ,B008YVDLCQ,Sports_and_Outdoors,1611800312619
AGBFYI2DDIKXC5Y4FARTYDTQBMFQ,B01MYWGS8S,Sports_and_Outdoors,1606662505386
AGBFYI2DDIKXC5Y4FARTYDTQBMFQ,B0BX4YQ8C5,Sports_and_Outdoors,1602552494103
AGBFYI2DDIKXC5Y4FARTYDTQBMFQ,B07VS4WJ69,Sports_and_Outdoors,1602552346035
AGBFYI2DDIKXC5Y4FARTYDTQBMFQ,B085RYFPV2,Sports_and_Outdoors,1602552203717
AGBFYI2DDIKXC5Y4FARTYDTQBMFQ,B09V8XW4Y2,Sports_and_Outdoors,1589997124282
AGBFYI2DDIKXC5Y4FARTYDTQBMFQ,B086QQYV38,Sports_and_Outdoors,1578592767647
AGBFYI2DDIKXC5Y4FARTYDTQBMFQ,B085RFMGDG,Sports_and_Outdoors,1578528033156
AGBFYI2DDIKXC5Y4FARTYDTQBMFQ,B07BVC19K3,Sports_and_Outdoors,1576810208939
AGBFYI2DDIKXC5Y4FARTYDTQBMFQ,B01J8NDO20,Sports_and_Outdoors,1576810125799
AGBFYI2DDIKXC5Y4FARTYDTQBMFQ,B07PPJB8M3,Sports_and_Outdoors,1563545327366
AGBFYI2DDIKXC5Y4FARTYDTQBMFQ,B07VGC7JXJ,Sports_and_Outdoors,1562782874874
AGBFYI2DDIKXC5Y4FARTYDTQBMFQ,B01LXGGUEP,Sports_and_Outdoors,1544200130249
AGBFYI2DDIKXC5Y4FARTYDTQBMFQ,B09MK6WGMD,Sports_and_Outdoors,1540320696626
AGBFYI2DDIKXC5Y4FARTYDTQBMFQ,B0718XZD3M,Sports_and_Outdoors,1536196760223
AGBFYI2DDIKXC5Y4FARTYDTQBMFQ,B07ZVKD424,Sports_and_Outdoors,1535056526628
AGBFYI2DDIKXC5Y4FARTYDTQBMFQ,B01GKCHKCM,Sports_and_Outdoors,1529778380953
AGBFYI2DDIKXC5Y4FARTYDTQBMFQ,B00172A3DE,Sports_and_Outdoors,1356728442000
AGBFYI2DDIKXC5Y4FARTYDTQBMFQ,B003BEFK8E,Sports_and_Outdoors,1286646602000
AEWUBEVXD7CKWOQ46K56K7BIQPBQ,B09CPF6Q3T,Sports_and_Outdoors,1638445538474
AEWUBEVXD7CKWOQ46K56K7BIQPBQ,B072LPX3QX,Sports_and_Outdoors,1544552082816
AFTC6ZR5IKNRDG5JCPVNVMU3XV2Q,B016IPDT08,Sports_and_Outdoors,1464791913000
AE74DYR3QUGVPZJ3P7RFWBGIX7XQ,B08X3QGNPM,Sports_and_Outdoors,1638716260656
AE74DYR3QUGVPZJ3P7RFWBGIX7XQ,B0CBNFGZNV,Sports_and_Outdoors,1635867354720
AE74DYR3QUGVPZJ3P7RFWBGIX7XQ,B095C86VJ5,Sports_and_Outdoors,1611982385467
AHITBJSS7KYUBVZPX7M2WJCOIVKQ,B0013FU218,Sports_and_Outdoors,1627655611142
AHITBJSS7KYUBVZPX7M2WJCOIVKQ,B07MY3KPKW,Sports_and_Outdoors,1603297311026
AHITBJSS7KYUBVZPX7M2WJCOIVKQ,B000W4RV6K,Sports_and_Outdoors,1578710403141
AHITBJSS7KYUBVZPX7M2WJCOIVKQ,B00DTW0QPK,Sports_and_Outdoors,1575916561568
AHITBJSS7KYUBVZPX7M2WJCOIVKQ,B00L3RAMR0,Sports_and_Outdoors,1432344213000
AHITBJSS7KYUBVZPX7M2WJCOIVKQ,B00K64XUCK,Sports_and_Outdoors,1432343346000
AFVNEEPDEIH5SPUN5BWC6NKL3WNQ,B08JCDWN7X,Sports_and_Outdoors,1580471609045
AFVNEEPDEIH5SPUN5BWC6NKL3WNQ,B08QVDZV9M,Sports_and_Outdoors,1546290116877
AFDERBL3G23J5U6HHQBAZLTREKOA,B09DKPPKJ3,Sports_and_Outdoors,1647795406900
AFDERBL3G23J5U6HHQBAZLTREKOA,B0C5RBPW2Y,Sports_and_Outdoors,1647795253485
AHXSBZT52TCPZUBVCBRICTHWUCBA,B005NHF08W,Sports_and_Outdoors,1424355803000
AHGTHCERTEZUXNBLJ5SWHK2CDLXA,B07H38CV2D,Sports_and_Outdoors,1594383439688
AHGTHCERTEZUXNBLJ5SWHK2CDLXA,B00G9R2T1Q,Sports_and_Outdoors,1499279831006
AHBHMMUTJ5W3SZUHVKUP35ZYKUHA,B07SLHV8CP,Sports_and_Outdoors,1566241789271
AFJTRBXMURLHS5EGNXLUHDHIZRFQ,B01KB43H36,Sports_and_Outdoors,1596201750762
AHSPLDNW5OOUK2PLH7GXLACFBZNQ,B00Z5GIY02,Sports_and_Outdoors,1466163589000
AHTTU2FL6FCNBBAESCJHOHHSSW7A,B0BV5YVW94,Sports_and_Outdoors,1638412042845
AHTTU2FL6FCNBBAESCJHOHHSSW7A,B01FHN8UZG,Sports_and_Outdoors,1612452421793
AGXFEGMNVCSTSYYA5UWXDV7AFSXA,B00I14X5SG,Sports_and_Outdoors,1624044372725
AHZIJGKEWRTAEOZ673G5B3SNXEGQ,B09PGS5GTZ,Sports_and_Outdoors,1602937935844
AHZIJGKEWRTAEOZ673G5B3SNXEGQ,B085HRMRKF,Sports_and_Outdoors,1602937768957
AEFKF6R2GUSK2AWPSWRR4ZO36JVQ,B01FT691E0,Sports_and_Outdoors,1566941521673
AEFKF6R2GUSK2AWPSWRR4ZO36JVQ,B000VRML2W,Sports_and_Outdoors,1411380875000
AEFKF6R2GUSK2AWPSWRR4ZO36JVQ,B001NMTH8K,Sports_and_Outdoors,1364086444000
AEFKF6R2GUSK2AWPSWRR4ZO36JVQ,B001CMVVQ2,Sports_and_Outdoors,1364085832000
AH4MB6HER73XDOV6I4ICPNT24YQQ,B01IC7XYXM,Sports_and_Outdoors,1599593290850
AGMJ3EMDVL6OWBJF7CA5RGJLXN5A,B00CNC0UG2,Sports_and_Outdoors,1614320805378
AGMJ3EMDVL6OWBJF7CA5RGJLXN5A,B0849M43KV,Sports_and_Outdoors,1599165498967
AFWHJ6O3PV4JC7PVOJH6CPULO2KQ,B01AH3ECSU,Sports_and_Outdoors,1486090353000
AEZGPLOYTSAPR3DHZKKXEFPAXUAA,B0BXVRS45R,Sports_and_Outdoors,1598199028147
AHCPZDDPHJE3G7M6ST5WGRPLXHOA,B08XB4CXVB,Sports_and_Outdoors,1646224467160
AHCPZDDPHJE3G7M6ST5WGRPLXHOA,B0B8T4M8KY,Sports_and_Outdoors,1588349763348
AHCPZDDPHJE3G7M6ST5WGRPLXHOA,B07RN19JZP,Sports_and_Outdoors,1584569577103
AEWJXW46LKSW22FWTGRYTLNE7TGA,B01E8J530U,Sports_and_Outdoors,1515882838512
AEWJXW46LKSW22FWTGRYTLNE7TGA,B01M98AHW5,Sports_and_Outdoors,1515882503803
AEWJXW46LKSW22FWTGRYTLNE7TGA,B01APL6TA8,Sports_and_Outdoors,1488730651000
AHXBL3QDWZGJYH7A5CMPFNUPMF7Q,B007CFR4W8,Sports_and_Outdoors,1498260345815
AHXBL3QDWZGJYH7A5CMPFNUPMF7Q,B07BHZ1BJV,Sports_and_Outdoors,1497664374301
AHXBL3QDWZGJYH7A5CMPFNUPMF7Q,B00THMI8KQ,Sports_and_Outdoors,1488633238000
AG6BAEKWLCWH2TW3KKLVK773YF6A,B09BZDH5BN,Sports_and_Outdoors,1656916349779
AG6BAEKWLCWH2TW3KKLVK773YF6A,B099N5R74C,Sports_and_Outdoors,1619312618157
AG6BAEKWLCWH2TW3KKLVK773YF6A,B07CN53KDQ,Sports_and_Outdoors,1588560709397
AHOEIYJJHZ7ITX75BOFQYNXVVJQQ,B07DF6PP9H,Sports_and_Outdoors,1638495884049
AHUVQ4UNB2JGV6MY4ZT75SZLPUBQ,B0BXHLWCR5,Sports_and_Outdoors,1672623697280
AEVPPTMG43C6GWSR7I2UGRQN7WFQ,B07K21CYV5,Sports_and_Outdoors,1666302032709
AEVPPTMG43C6GWSR7I2UGRQN7WFQ,B09P7998D6,Sports_and_Outdoors,1651342538253
AEVPPTMG43C6GWSR7I2UGRQN7WFQ,B0BWMPGJDB,Sports_and_Outdoors,1645892473297
AEVPPTMG43C6GWSR7I2UGRQN7WFQ,B07S68J4BS,Sports_and_Outdoors,1645892301611
AEVPPTMG43C6GWSR7I2UGRQN7WFQ,B07FC9NRRR,Sports_and_Outdoors,1645891709826
AEVPPTMG43C6GWSR7I2UGRQN7WFQ,B08CVTFH33,Sports_and_Outdoors,1638908003583
AEVPPTMG43C6GWSR7I2UGRQN7WFQ,B08QMXQQ22,Sports_and_Outdoors,1638907623060
AEVPPTMG43C6GWSR7I2UGRQN7WFQ,B07YST2CHS,Sports_and_Outdoors,1611191224714
AHREXOGQPZDA6354MHH4ETSF3MCQ,B016KDBT1Y,Sports_and_Outdoors,1670804811325
AHREXOGQPZDA6354MHH4ETSF3MCQ,B002RL99E8,Sports_and_Outdoors,1594420365655
AHSXXZHYMXDRVKC643TJZYQ7XGYA,B00URBOKUS,Sports_and_Outdoors,1537135421033
AHSXXZHYMXDRVKC643TJZYQ7XGYA,B00JR0MXC2,Sports_and_Outdoors,1442075058000
AFGUPTDFAWOHHL4LZDV27ERDNOYQ,B082MQ9ZX6,Sports_and_Outdoors,1628642869774
AFGUPTDFAWOHHL4LZDV27ERDNOYQ,B00G4EPI58,Sports_and_Outdoors,1628446263515
AFGUPTDFAWOHHL4LZDV27ERDNOYQ,B07B1T5PVQ,Sports_and_Outdoors,1624147925831
AFGUPTDFAWOHHL4LZDV27ERDNOYQ,B07X1LBY6Q,Sports_and_Outdoors,1574581095752
AFGUPTDFAWOHHL4LZDV27ERDNOYQ,B07CL3CV1X,Sports_and_Outdoors,1563519043281
AFGUPTDFAWOHHL4LZDV27ERDNOYQ,B01HRQP784,Sports_and_Outdoors,1546662269773
AFGUPTDFAWOHHL4LZDV27ERDNOYQ,B076VZJD54,Sports_and_Outdoors,1546661598627
AFGUPTDFAWOHHL4LZDV27ERDNOYQ,B01L6RE7Z4,Sports_and_Outdoors,1544465806267
AFGUPTDFAWOHHL4LZDV27ERDNOYQ,B0BSL7BBRY,Sports_and_Outdoors,1544409836401
AFGUPTDFAWOHHL4LZDV27ERDNOYQ,B004ZRIZR4,Sports_and_Outdoors,1544409238601
AFGUPTDFAWOHHL4LZDV27ERDNOYQ,B09V3ST4RJ,Sports_and_Outdoors,1544408869193
AFGUPTDFAWOHHL4LZDV27ERDNOYQ,B005U5J934,Sports_and_Outdoors,1544401383445
AFGUPTDFAWOHHL4LZDV27ERDNOYQ,B003JMFI4E,Sports_and_Outdoors,1544400551579
AFGUPTDFAWOHHL4LZDV27ERDNOYQ,B09VYP6N2B,Sports_and_Outdoors,1544399489113
AFGUPTDFAWOHHL4LZDV27ERDNOYQ,B0BX5F7L43,Sports_and_Outdoors,1544398722365
AFGUPTDFAWOHHL4LZDV27ERDNOYQ,B076NT6G9B,Sports_and_Outdoors,1544398283382
AFGUPTDFAWOHHL4LZDV27ERDNOYQ,B07D21F5VW,Sports_and_Outdoors,1387388141000
AEO4M665ZOCBF7HEFRMTUDHLSB5Q,B00AK6Y4TW,Sports_and_Outdoors,1496270745000
AHBPNB4OFDSGKU7UM5IATLVSPGJQ,B0C1S9VGZF,Sports_and_Outdoors,1593045792205
AHCV2CNCOCG6WECDROOUYPDZIFEQ,B07ZJJLT5L,Sports_and_Outdoors,1584061599389
AH6PLOGWYIVIWLJTY756BHNFD4YA,B09SHKVZT3,Sports_and_Outdoors,1661556165238
AH6PLOGWYIVIWLJTY756BHNFD4YA,B08CMSD1FW,Sports_and_Outdoors,1635121530070
AHI3JGUFPMIJLPYTHBMTFAOZ4XFA,B09T371VK5,Sports_and_Outdoors,1567106542187
AEYORY2AVPMCPDV57CE337YU5LXA,B07GFL211B,Sports_and_Outdoors,1595793308084
AEYFU5FQAJYXFREC4KHQ34EGZ3LQ,B06WWKS8WY,Sports_and_Outdoors,1494499819000
AE3Q6AEWP7Y7CH4N6IWEP4YBNP2A,B09QPNRHCB,Sports_and_Outdoors,1659570635082
AE3Q6AEWP7Y7CH4N6IWEP4YBNP2A,B01G6T8ZUK,Sports_and_Outdoors,1569186763110
AGJSTXSEWFVQWVQINO6QKMNBUUNA,B000X9BF3E,Sports_and_Outdoors,1428847215000
AGSMNIT5YGSO35M2YRIE2OZIOSUQ,B07YPPDBPY,Sports_and_Outdoors,1621453620619
AGSMNIT5YGSO35M2YRIE2OZIOSUQ,B005RON45W,Sports_and_Outdoors,1417566658000
AGSMNIT5YGSO35M2YRIE2OZIOSUQ,B001PZ9DI4,Sports_and_Outdoors,1417566490000
AFSKPY37N3C43SOI5IEXEK5JSIYA,B09VD39X8D,Sports_and_Outdoors,1655739017048
AFSKPY37N3C43SOI5IEXEK5JSIYA,B095396NQ4,Sports_and_Outdoors,1641841635478
AFSKPY37N3C43SOI5IEXEK5JSIYA,B0C33M64NT,Sports_and_Outdoors,1620938785128
AFSKPY37N3C43SOI5IEXEK5JSIYA,B088KFMRPD,Sports_and_Outdoors,1605304156602
AFSKPY37N3C43SOI5IEXEK5JSIYA,B07VCTRLDR,Sports_and_Outdoors,1603839347575
AFSKPY37N3C43SOI5IEXEK5JSIYA,B08B1BPSK6,Sports_and_Outdoors,1597234713369
AFSKPY37N3C43SOI5IEXEK5JSIYA,B07XP2PRQC,Sports_and_Outdoors,1595864990760
AFSKPY37N3C43SOI5IEXEK5JSIYA,B083SR4P4Y,Sports_and_Outdoors,1595538330059
AFSKPY37N3C43SOI5IEXEK5JSIYA,B07YS96L8V,Sports_and_Outdoors,1578569944639
AFSKPY37N3C43SOI5IEXEK5JSIYA,B07WZSSSR8,Sports_and_Outdoors,1572708550814
AFSKPY37N3C43SOI5IEXEK5JSIYA,B07CZC471M,Sports_and_Outdoors,1568631984921
AFSKPY37N3C43SOI5IEXEK5JSIYA,B07N5ZG78B,Sports_and_Outdoors,1565875956753
AFSKPY37N3C43SOI5IEXEK5JSIYA,B07QM6B82F,Sports_and_Outdoors,1565463466307
AFSKPY37N3C43SOI5IEXEK5JSIYA,B07QR8RSH8,Sports_and_Outdoors,1565174558747
AFSKPY37N3C43SOI5IEXEK5JSIYA,B07H843VM4,Sports_and_Outdoors,1561247608299
AFSKPY37N3C43SOI5IEXEK5JSIYA,B07MFSNK69,Sports_and_Outdoors,1560077422520
AFSKPY37N3C43SOI5IEXEK5JSIYA,B07PQ5JJYX,Sports_and_Outdoors,1559305072593
AFSKPY37N3C43SOI5IEXEK5JSIYA,B07DGCRMVZ,Sports_and_Outdoors,1556622037969
AFSKPY37N3C43SOI5IEXEK5JSIYA,B07MKD5C4Z,Sports_and_Outdoors,1554988053417
AFSKPY37N3C43SOI5IEXEK5JSIYA,B07K3XC1JF,Sports_and_Outdoors,1546696906413
AFSKPY37N3C43SOI5IEXEK5JSIYA,B074KMS2MJ,Sports_and_Outdoors,1507148173867
AFSKPY37N3C43SOI5IEXEK5JSIYA,B01M0D9M4K,Sports_and_Outdoors,1488379631000
AFSKPY37N3C43SOI5IEXEK5JSIYA,B01M0148Z6,Sports_and_Outdoors,1483708736000
AFSKPY37N3C43SOI5IEXEK5JSIYA,B00X1INOU6,Sports_and_Outdoors,1447157166000
AFSKPY37N3C43SOI5IEXEK5JSIYA,B0098GAAUC,Sports_and_Outdoors,1433945983000
AFSKPY37N3C43SOI5IEXEK5JSIYA,B07Q41W9JY,Sports_and_Outdoors,1433012017000
AFSKPY37N3C43SOI5IEXEK5JSIYA,B00NVPDZ8U,Sports_and_Outdoors,1431468746000
AFSKPY37N3C43SOI5IEXEK5JSIYA,B00R4NZVQE,Sports_and_Outdoors,1430776056000
AFSKPY37N3C43SOI5IEXEK5JSIYA,B00VMVCR02,Sports_and_Outdoors,1429989686000
AFSKPY37N3C43SOI5IEXEK5JSIYA,B00KHXSST0,Sports_and_Outdoors,1415911770000
AFSKPY37N3C43SOI5IEXEK5JSIYA,B001GOLA5I,Sports_and_Outdoors,1411038445000
AFSKPY37N3C43SOI5IEXEK5JSIYA,B00NAVK77W,Sports_and_Outdoors,1406226019000
AFSKPY37N3C43SOI5IEXEK5JSIYA,B00J42849O,Sports_and_Outdoors,1402600791000
AFSKPY37N3C43SOI5IEXEK5JSIYA,B0032HOOP0,Sports_and_Outdoors,1308006849000
AEBQTMAMKQWHOLTR4CYXKKZWXSMA,B08GL6XZC5,Sports_and_Outdoors,1602782255382
AGCIVNDDRX3PXIUINEG4NCRGWCRA,B0032F396C,Sports_and_Outdoors,1415855114000
AGCIVNDDRX3PXIUINEG4NCRGWCRA,B006HSTQOU,Sports_and_Outdoors,1401992721000
AGCPAPUHXYA3EEIL2KGSQTGO5HRA,B08NB4Z2DG,Sports_and_Outdoors,1671741406361
AGCPAPUHXYA3EEIL2KGSQTGO5HRA,B08SSFZN4P,Sports_and_Outdoors,1638297555607
AGCPAPUHXYA3EEIL2KGSQTGO5HRA,B088TDHQYR,Sports_and_Outdoors,1621886237584
AGCPAPUHXYA3EEIL2KGSQTGO5HRA,B00KHABW96,Sports_and_Outdoors,1619300340516
AGCPAPUHXYA3EEIL2KGSQTGO5HRA,B081L5G5W7,Sports_and_Outdoors,1603569353528
AGCPAPUHXYA3EEIL2KGSQTGO5HRA,B08W3LXJK4,Sports_and_Outdoors,1585851495167
AGCPAPUHXYA3EEIL2KGSQTGO5HRA,B07SWXYFM5,Sports_and_Outdoors,1583982733027
AGCPAPUHXYA3EEIL2KGSQTGO5HRA,B07G4MB2FW,Sports_and_Outdoors,1546584129175
AGCPAPUHXYA3EEIL2KGSQTGO5HRA,B004WSAEC0,Sports_and_Outdoors,1522438537499
AGCPAPUHXYA3EEIL2KGSQTGO5HRA,B000G2Z4W6,Sports_and_Outdoors,1430681877000
AFGNIWCBLQT2QIXXKIW7Q6VREZRQ,B0854SSTZ5,Sports_and_Outdoors,1646193650580
AFGNIWCBLQT2QIXXKIW7Q6VREZRQ,B07F92CG9G,Sports_and_Outdoors,1599855002234
AFGNIWCBLQT2QIXXKIW7Q6VREZRQ,B00BGO0Q9O,Sports_and_Outdoors,1429833896000
AG35BKPUEUMX7LV5YLOQ5YCQ3GOA,B07CZPXGN9,Sports_and_Outdoors,1621987520897
AG35BKPUEUMX7LV5YLOQ5YCQ3GOA,B071XCX2P6,Sports_and_Outdoors,1480389881000
AG35BKPUEUMX7LV5YLOQ5YCQ3GOA,B07NVCPCXV,Sports_and_Outdoors,1445194654000
AG35BKPUEUMX7LV5YLOQ5YCQ3GOA,B007MI13JU,Sports_and_Outdoors,1371233934000
AG35BKPUEUMX7LV5YLOQ5YCQ3GOA,B0063THIUW,Sports_and_Outdoors,1365693613000
AG35BKPUEUMX7LV5YLOQ5YCQ3GOA,B005BE2WM4,Sports_and_Outdoors,1361831270000
AG35BKPUEUMX7LV5YLOQ5YCQ3GOA,B07D1NR8DQ,Sports_and_Outdoors,1361830973000
AG35BKPUEUMX7LV5YLOQ5YCQ3GOA,B002OF33SU,Sports_and_Outdoors,1361830681000
AG35BKPUEUMX7LV5YLOQ5YCQ3GOA,B000BKTBR2,Sports_and_Outdoors,1361830476000
AG35BKPUEUMX7LV5YLOQ5YCQ3GOA,B004UOUFCU,Sports_and_Outdoors,1361829654000
AGKFRCDY4WBW4RH6GFYFJ3T3XBSA,B0962X8X1B,Sports_and_Outdoors,1623807089248
AHGAOIZVODNHYMNCBV4DECZH42UQ,B085LJ6NPJ,Sports_and_Outdoors,1590847251143
AHGAOIZVODNHYMNCBV4DECZH42UQ,B09HJ9J822,Sports_and_Outdoors,1524952351985
AEDJZTFJDNOW6JDLMBZNK2QBN3GQ,B08CSLXBJP,Sports_and_Outdoors,1641242089585
AE7Y5RLYIKHOZB5NKKOEKYG2SPSQ,B07XDRP67J,Sports_and_Outdoors,1609653102587
AEEPQNBGOQFIIR36NAUCIFL5F3MQ,B0C69Q2WDB,Sports_and_Outdoors,1650287724962
AEEPQNBGOQFIIR36NAUCIFL5F3MQ,B0C69QFMN8,Sports_and_Outdoors,1646239816977
AEEPQNBGOQFIIR36NAUCIFL5F3MQ,B07PDGTM7Z,Sports_and_Outdoors,1618545937334
AE72A3F2N3PVD4CJM527Z4N6CN2A,B082Q466DV,Sports_and_Outdoors,1677879682148
AE72A3F2N3PVD4CJM527Z4N6CN2A,B0C3GF6FQ2,Sports_and_Outdoors,1677879011108
AE72A3F2N3PVD4CJM527Z4N6CN2A,B07RKLBP3N,Sports_and_Outdoors,1623238416235
AH7DSQKRNRX45EP42R364AWLJ3TQ,B00BXDQVRE,Sports_and_Outdoors,1393619766000
AH7DSQKRNRX45EP42R364AWLJ3TQ,B002SUT7G8,Sports_and_Outdoors,1367372432000
AHHBXLYVZCDODBPA2NTPSACJD6CA,B07PDPJDJ1,Sports_and_Outdoors,1609456902713
AEYS7TG2WOZAB7NLRVGTM5XZIG3Q,B011ZXH43Q,Sports_and_Outdoors,1570239863899
AEYS7TG2WOZAB7NLRVGTM5XZIG3Q,B0949L993H,Sports_and_Outdoors,1567954952134
AEYS7TG2WOZAB7NLRVGTM5XZIG3Q,B09VRR87TW,Sports_and_Outdoors,1567954727483
AEOKAIB6OJVB5FRZGLEB3YAK5UBQ,B075WDL74P,Sports_and_Outdoors,1530653908356
AEMO4BFY2UXCQE4XOFORK5EFFCDA,B099XFBGH8,Sports_and_Outdoors,1605593120725
AHX4XWVVQUKT3FCNWCVASDF4Q56Q,B082W3TLR6,Sports_and_Outdoors,1674935004285
AHX4XWVVQUKT3FCNWCVASDF4Q56Q,B09QFQ5BSF,Sports_and_Outdoors,1654979856429
AHX4XWVVQUKT3FCNWCVASDF4Q56Q,B077R13QJC,Sports_and_Outdoors,1620260748477
AHX4XWVVQUKT3FCNWCVASDF4Q56Q,B07VJ63L4X,Sports_and_Outdoors,1557759264768
AHX4XWVVQUKT3FCNWCVASDF4Q56Q,B00EA8VS9U,Sports_and_Outdoors,1443969896000
AHY7ZJB523OPTIKXRI63PS2V6FSQ,B07D2WZHQY,Sports_and_Outdoors,1627857108367
AHY7ZJB523OPTIKXRI63PS2V6FSQ,B0BWQVKXRN,Sports_and_Outdoors,1620733798556
AHY7ZJB523OPTIKXRI63PS2V6FSQ,B0C5K4BWH8,Sports_and_Outdoors,1619127055431
AHY7ZJB523OPTIKXRI63PS2V6FSQ,B0891XPZLT,Sports_and_Outdoors,1609438034649
AHY7ZJB523OPTIKXRI63PS2V6FSQ,B0746TQG71,Sports_and_Outdoors,1550503295099
AHY7ZJB523OPTIKXRI63PS2V6FSQ,B0777V6NXW,Sports_and_Outdoors,1534038827332
AHY7ZJB523OPTIKXRI63PS2V6FSQ,B07YVTSSV3,Sports_and_Outdoors,1516908813947
AEYEP6B5W5QBNMM4OBQBQJDJ63SA,B09MNDX48C,Sports_and_Outdoors,1660959489293
AF2FPW2AJZGXQGM6KQDTHTOL7E5Q,B012PDZSD8,Sports_and_Outdoors,1533086740633
AEVZVWZP3S2J57XSTFN5LPQNOONA,B079ZZQ1WJ,Sports_and_Outdoors,1538067252916
AGMBLP4JLQK6M3UZQY655VZP73XA,B071V7YLFB,Sports_and_Outdoors,1595357430277
AGMBLP4JLQK6M3UZQY655VZP73XA,B07HN5T3WB,Sports_and_Outdoors,1547333027121
AGMBLP4JLQK6M3UZQY655VZP73XA,B07LBKPBGD,Sports_and_Outdoors,1547321724178
AGMBLP4JLQK6M3UZQY655VZP73XA,B07D7FLZV8,Sports_and_Outdoors,1547321670275
AGMBLP4JLQK6M3UZQY655VZP73XA,B003S4UZXW,Sports_and_Outdoors,1547321537689
AGMBLP4JLQK6M3UZQY655VZP73XA,B01AOW7OXY,Sports_and_Outdoors,1547181646326
AHZ6XMOLEWA67S3TX7IWEXXGWSOA,B0914WNBNM,Sports_and_Outdoors,1635634477510
AHZ6XMOLEWA67S3TX7IWEXXGWSOA,B07JJ1BK85,Sports_and_Outdoors,1635633649406
AHZ6XMOLEWA67S3TX7IWEXXGWSOA,B01EVI5SJO,Sports_and_Outdoors,1487191925000
AHZ6XMOLEWA67S3TX7IWEXXGWSOA,B000LOWP1W,Sports_and_Outdoors,1487191751000
AHZ6XMOLEWA67S3TX7IWEXXGWSOA,B00G8RTPGY,Sports_and_Outdoors,1482515432000
AHZ6XMOLEWA67S3TX7IWEXXGWSOA,B09L1NRYSX,Sports_and_Outdoors,1439995692000
AHZ6XMOLEWA67S3TX7IWEXXGWSOA,B008FAWYGK,Sports_and_Outdoors,1406137417000
AFZUK3MTBIBEDQOPAK3OATUOUKLA,B01L8MUHIS,Sports_and_Outdoors,1673653439950
AFZUK3MTBIBEDQOPAK3OATUOUKLA,B0BX5QFWQN,Sports_and_Outdoors,1673289304459
AFZUK3MTBIBEDQOPAK3OATUOUKLA,B0BB4M3QJY,Sports_and_Outdoors,1672538707128
AFZUK3MTBIBEDQOPAK3OATUOUKLA,B09WDKTDW3,Sports_and_Outdoors,1672535297428
AFZUK3MTBIBEDQOPAK3OATUOUKLA,B000HDKOHY,Sports_and_Outdoors,1671847934018
AFZUK3MTBIBEDQOPAK3OATUOUKLA,B0B9PCMWJM,Sports_and_Outdoors,1671847466818
AFZUK3MTBIBEDQOPAK3OATUOUKLA,B09WJFBY64,Sports_and_Outdoors,1671730375013
AFZUK3MTBIBEDQOPAK3OATUOUKLA,B0BSR5HQZ7,Sports_and_Outdoors,1659380387578
AFZUK3MTBIBEDQOPAK3OATUOUKLA,B00LBG4M2O,Sports_and_Outdoors,1654385470572
AFZUK3MTBIBEDQOPAK3OATUOUKLA,B0B5QBS1DB,Sports_and_Outdoors,1653777337285
AFZUK3MTBIBEDQOPAK3OATUOUKLA,B0C8HTXJBS,Sports_and_Outdoors,1653775736924
AFZUK3MTBIBEDQOPAK3OATUOUKLA,B078J7VFM5,Sports_and_Outdoors,1653775588715
AFZUK3MTBIBEDQOPAK3OATUOUKLA,B09D94XP7N,Sports_and_Outdoors,1644283492550
AFZUK3MTBIBEDQOPAK3OATUOUKLA,B084B64QN9,Sports_and_Outdoors,1641403208306
AFZUK3MTBIBEDQOPAK3OATUOUKLA,B019JR5AMW,Sports_and_Outdoors,1641400362331
AFZUK3MTBIBEDQOPAK3OATUOUKLA,B01N703UF1,Sports_and_Outdoors,1641398999552
AFZUK3MTBIBEDQOPAK3OATUOUKLA,B08CDBHDDL,Sports_and_Outdoors,1638678907532
AFZUK3MTBIBEDQOPAK3OATUOUKLA,B08HLJLMJ4,Sports_and_Outdoors,1638674344828
AFZUK3MTBIBEDQOPAK3OATUOUKLA,B083B6PN6H,Sports_and_Outdoors,1633129032417
AFZUK3MTBIBEDQOPAK3OATUOUKLA,B08JRJNZQW,Sports_and_Outdoors,1630381745952
AFZUK3MTBIBEDQOPAK3OATUOUKLA,B0C6KP8SRQ,Sports_and_Outdoors,1628186273825
AFZUK3MTBIBEDQOPAK3OATUOUKLA,B094DXJZPN,Sports_and_Outdoors,1627852994903
AFZUK3MTBIBEDQOPAK3OATUOUKLA,B073J5H61Y,Sports_and_Outdoors,1625599868234
AFZUK3MTBIBEDQOPAK3OATUOUKLA,B0B15PNV5V,Sports_and_Outdoors,1625597488147
AFZUK3MTBIBEDQOPAK3OATUOUKLA,B0BTBQQ73K,Sports_and_Outdoors,1624911896134
AFZUK3MTBIBEDQOPAK3OATUOUKLA,B0C27FKTGR,Sports_and_Outdoors,1622783217270
AFZUK3MTBIBEDQOPAK3OATUOUKLA,B0C5XW2T2N,Sports_and_Outdoors,1621660993670
AFZUK3MTBIBEDQOPAK3OATUOUKLA,B09B6YBMBM,Sports_and_Outdoors,1606994800140
AFZUK3MTBIBEDQOPAK3OATUOUKLA,B07TWGD9Z7,Sports_and_Outdoors,1602888618738
AFZUK3MTBIBEDQOPAK3OATUOUKLA,B089SS9SBC,Sports_and_Outdoors,1600550576820
AFZUK3MTBIBEDQOPAK3OATUOUKLA,B0734ZJ96T,Sports_and_Outdoors,1598925479408
AFZUK3MTBIBEDQOPAK3OATUOUKLA,B0C1P5JBX4,Sports_and_Outdoors,1593323220931
AFZUK3MTBIBEDQOPAK3OATUOUKLA,B09DGMQ7SJ,Sports_and_Outdoors,1593323092011
AFZUK3MTBIBEDQOPAK3OATUOUKLA,B091VYKC96,Sports_and_Outdoors,1592273294917
AFZUK3MTBIBEDQOPAK3OATUOUKLA,B079NPGY4G,Sports_and_Outdoors,1592272064604
AFZUK3MTBIBEDQOPAK3OATUOUKLA,B091VYKC96,Sports_and_Outdoors,1591919229981
AFZUK3MTBIBEDQOPAK3OATUOUKLA,B0B6P2PY5D,Sports_and_Outdoors,1586727613548
AFZUK3MTBIBEDQOPAK3OATUOUKLA,B0B5GP8JPB,Sports_and_Outdoors,1586722140110
AFZUK3MTBIBEDQOPAK3OATUOUKLA,B07GP3JSCC,Sports_and_Outdoors,1579715053843
AFZUK3MTBIBEDQOPAK3OATUOUKLA,B0998QVNLF,Sports_and_Outdoors,1578202150037
AFZUK3MTBIBEDQOPAK3OATUOUKLA,B07L3MQ1JT,Sports_and_Outdoors,1570663565517
AFZUK3MTBIBEDQOPAK3OATUOUKLA,B07BKSC8CF,Sports_and_Outdoors,1569878209335
AFZUK3MTBIBEDQOPAK3OATUOUKLA,B091VYKC96,Sports_and_Outdoors,1569378854463
AFZUK3MTBIBEDQOPAK3OATUOUKLA,B071S6FSKG,Sports_and_Outdoors,1569377294949
AFZUK3MTBIBEDQOPAK3OATUOUKLA,B015NPJ70U,Sports_and_Outdoors,1565065404287
AFZUK3MTBIBEDQOPAK3OATUOUKLA,B0976XCLGB,Sports_and_Outdoors,1559948442657
AFZUK3MTBIBEDQOPAK3OATUOUKLA,B09746KBBV,Sports_and_Outdoors,1559946812963
AFZUK3MTBIBEDQOPAK3OATUOUKLA,B001JB29ZI,Sports_and_Outdoors,1558495383899
AFZUK3MTBIBEDQOPAK3OATUOUKLA,B00U7R4XAE,Sports_and_Outdoors,1557183522053
AFZUK3MTBIBEDQOPAK3OATUOUKLA,B0765XZBBL,Sports_and_Outdoors,1553540732532
AFZUK3MTBIBEDQOPAK3OATUOUKLA,B07TDPP7LQ,Sports_and_Outdoors,1551975597425
AFZUK3MTBIBEDQOPAK3OATUOUKLA,B01A4W8AUK,Sports_and_Outdoors,1549384525582
AFZUK3MTBIBEDQOPAK3OATUOUKLA,B07791475J,Sports_and_Outdoors,1549384210011
AFZUK3MTBIBEDQOPAK3OATUOUKLA,B078C8DZSY,Sports_and_Outdoors,1541536798318
AFZUK3MTBIBEDQOPAK3OATUOUKLA,B07H5ZVJMV,Sports_and_Outdoors,1540349850319
AFZUK3MTBIBEDQOPAK3OATUOUKLA,B07H5ZVJMV,Sports_and_Outdoors,1536973905787
AFZUK3MTBIBEDQOPAK3OATUOUKLA,B07BLZQT7Z,Sports_and_Outdoors,1530939011958
AFZUK3MTBIBEDQOPAK3OATUOUKLA,B077N6RZNH,Sports_and_Outdoors,1518494442912
AFZUK3MTBIBEDQOPAK3OATUOUKLA,B06W56R3YT,Sports_and_Outdoors,1518476537668
AFZUK3MTBIBEDQOPAK3OATUOUKLA,B00WW8CB14,Sports_and_Outdoors,1517255383601
AFZUK3MTBIBEDQOPAK3OATUOUKLA,B00OT4RA88,Sports_and_Outdoors,1516939600697
AFZUK3MTBIBEDQOPAK3OATUOUKLA,B07BP4KRFQ,Sports_and_Outdoors,1516939000400
AFZUK3MTBIBEDQOPAK3OATUOUKLA,B01L8ZPVPY,Sports_and_Outdoors,1516938642228
AFZUK3MTBIBEDQOPAK3OATUOUKLA,B07WT6B5J9,Sports_and_Outdoors,1516937994064
AFZUK3MTBIBEDQOPAK3OATUOUKLA,B01N2GHEBE,Sports_and_Outdoors,1502059411083
AFZUK3MTBIBEDQOPAK3OATUOUKLA,B0009K4EEY,Sports_and_Outdoors,1502057303264
AFZUK3MTBIBEDQOPAK3OATUOUKLA,B000G68GP4,Sports_and_Outdoors,1500515605936
AFZUK3MTBIBEDQOPAK3OATUOUKLA,B01IL6A0I6,Sports_and_Outdoors,1489248222000
AFZUK3MTBIBEDQOPAK3OATUOUKLA,B003CVKVVW,Sports_and_Outdoors,1487274818000
AFZUK3MTBIBEDQOPAK3OATUOUKLA,B0012QZTU2,Sports_and_Outdoors,1483905628000
AFZUK3MTBIBEDQOPAK3OATUOUKLA,B09K4NFP9L,Sports_and_Outdoors,1466541708000
AFZUK3MTBIBEDQOPAK3OATUOUKLA,B01932FB9K,Sports_and_Outdoors,1466269015000
AFZUK3MTBIBEDQOPAK3OATUOUKLA,B0C73P7FTC,Sports_and_Outdoors,1449089149000
AFZUK3MTBIBEDQOPAK3OATUOUKLA,B08L7NRXNS,Sports_and_Outdoors,1439243434000
AFZUK3MTBIBEDQOPAK3OATUOUKLA,B07CT8DMPW,Sports_and_Outdoors,1438016992000
AFZUK3MTBIBEDQOPAK3OATUOUKLA,B000OF5M04,Sports_and_Outdoors,1437434555000
AFZUK3MTBIBEDQOPAK3OATUOUKLA,B007SPJ718,Sports_and_Outdoors,1435350063000
AFZUK3MTBIBEDQOPAK3OATUOUKLA,B07BKQNKGW,Sports_and_Outdoors,1432330612000
AFZUK3MTBIBEDQOPAK3OATUOUKLA,B0057R8SSM,Sports_and_Outdoors,1432330601000
AFZUK3MTBIBEDQOPAK3OATUOUKLA,B008DSG80C,Sports_and_Outdoors,1432330304000
AFZUK3MTBIBEDQOPAK3OATUOUKLA,B00I0RXGAG,Sports_and_Outdoors,1419900856000
AFZUK3MTBIBEDQOPAK3OATUOUKLA,B00GN6ZSKC,Sports_and_Outdoors,1411235772000
AFZUK3MTBIBEDQOPAK3OATUOUKLA,B00E221A88,Sports_and_Outdoors,1410987623000
AFZUK3MTBIBEDQOPAK3OATUOUKLA,B0024UMGVK,Sports_and_Outdoors,1403829845000
AFZUK3MTBIBEDQOPAK3OATUOUKLA,B004SGTMAQ,Sports_and_Outdoors,1403829360000
AFZUK3MTBIBEDQOPAK3OATUOUKLA,B09WG9C1ZC,Sports_and_Outdoors,1403829166000
AFZUK3MTBIBEDQOPAK3OATUOUKLA,B0092WXN1A,Sports_and_Outdoors,1402698541000
AFZUK3MTBIBEDQOPAK3OATUOUKLA,B00AU6NJLG,Sports_and_Outdoors,1394993354000
AFZUK3MTBIBEDQOPAK3OATUOUKLA,B00AU6APV8,Sports_and_Outdoors,1394992687000
AFZUK3MTBIBEDQOPAK3OATUOUKLA,B001GQ2CEO,Sports_and_Outdoors,1392044379000
AFZUK3MTBIBEDQOPAK3OATUOUKLA,B09HCP37PR,Sports_and_Outdoors,1392043558000
AFZUK3MTBIBEDQOPAK3OATUOUKLA,B0C9W1G5X6,Sports_and_Outdoors,1392042675000
AFZUK3MTBIBEDQOPAK3OATUOUKLA,B003XPISEO,Sports_and_Outdoors,1381617619000
AFZUK3MTBIBEDQOPAK3OATUOUKLA,B000W4RV6K,Sports_and_Outdoors,1381615880000
AFZUK3MTBIBEDQOPAK3OATUOUKLA,B000G68GW2,Sports_and_Outdoors,1381615802000
AFZUK3MTBIBEDQOPAK3OATUOUKLA,B007H85QWU,Sports_and_Outdoors,1381613727000
AFZUK3MTBIBEDQOPAK3OATUOUKLA,B00CEKN9Z2,Sports_and_Outdoors,1380591756000
AFZUK3MTBIBEDQOPAK3OATUOUKLA,B0036522XE,Sports_and_Outdoors,1369972158000
AFZUK3MTBIBEDQOPAK3OATUOUKLA,B0017KN4MS,Sports_and_Outdoors,1350948312000
AEDRFOIY6IFY7DWSPRRNGEFIFE2Q,B0CD35QYMT,Sports_and_Outdoors,1511728903468
AEDRFOIY6IFY7DWSPRRNGEFIFE2Q,B0016BH04Q,Sports_and_Outdoors,1460724074000
AEDRFOIY6IFY7DWSPRRNGEFIFE2Q,B0787G4NQX,Sports_and_Outdoors,1460723960000
AE2TA5GQH4JI5RQ4W5H5PQOVYBGA,B00GG9BKHG,Sports_and_Outdoors,1621445211163
AE2TA5GQH4JI5RQ4W5H5PQOVYBGA,B08SS6S78D,Sports_and_Outdoors,1610889740609
AE2TA5GQH4JI5RQ4W5H5PQOVYBGA,B08CSND1FM,Sports_and_Outdoors,1610813111561
AE2TA5GQH4JI5RQ4W5H5PQOVYBGA,B07BQFVSJV,Sports_and_Outdoors,1610812702890
AE2TA5GQH4JI5RQ4W5H5PQOVYBGA,B08HGM7KRL,Sports_and_Outdoors,1606052095954
AE2TA5GQH4JI5RQ4W5H5PQOVYBGA,B071WPG61H,Sports_and_Outdoors,1604313189732
AFKNVFEXRGUGJAGMENCOWLVDYVCQ,B01I23EUNO,Sports_and_Outdoors,1486157015000
AGFUJ3EGB7VTLV3ZMKEZVRJHPA5Q,B07SKWVX69,Sports_and_Outdoors,1602385471387
AHFURURV4H35BXUUTXYMJYA36CTQ,B00LFTFL1I,Sports_and_Outdoors,1618258174802
AHFURURV4H35BXUUTXYMJYA36CTQ,B08GM3QY5N,Sports_and_Outdoors,1618245355067
AHFURURV4H35BXUUTXYMJYA36CTQ,B002KV1MJU,Sports_and_Outdoors,1557434856492
AHFURURV4H35BXUUTXYMJYA36CTQ,B01IB7UDGY,Sports_and_Outdoors,1555609238560
AHFURURV4H35BXUUTXYMJYA36CTQ,B0BW86JL7Z,Sports_and_Outdoors,1543092160978
AHFURURV4H35BXUUTXYMJYA36CTQ,B06XFVKG6Y,Sports_and_Outdoors,1505084766308
AFSNGBROR4NUCU6UQCJBB4VEJOPA,B0BNJ5JH8Y,Sports_and_Outdoors,1672864755586
AFSNGBROR4NUCU6UQCJBB4VEJOPA,B07NSNYM9J,Sports_and_Outdoors,1605116829418
AFSNGBROR4NUCU6UQCJBB4VEJOPA,B08NWW9FPJ,Sports_and_Outdoors,1594931373032
AFETVW7S5M4LVJ7GTWPCKT7S3YBQ,B07B3P2N45,Sports_and_Outdoors,1542407831090
AFETVW7S5M4LVJ7GTWPCKT7S3YBQ,B078YL692H,Sports_and_Outdoors,1537414693802
AFANVB6MPHJTCTFOVIEBKLWZ2GVA,B07KCS7G8G,Sports_and_Outdoors,1614735750164
AFANVB6MPHJTCTFOVIEBKLWZ2GVA,B07VX9KCK5,Sports_and_Outdoors,1578316953882
AH4VGTN3VWRIESJMI4VGQHSQ4KRA,B071CNVV79,Sports_and_Outdoors,1677932916616
AH4VGTN3VWRIESJMI4VGQHSQ4KRA,B07T7J239T,Sports_and_Outdoors,1648263946066
AEF3JXPYJL5ILD6M2QONVD7FBTKA,B0BWK9H3N5,Sports_and_Outdoors,1554391800921
AGF42GID7QWDCNFTJRCTMKAITJJA,B0C6MJBXHG,Sports_and_Outdoors,1641671940963
AGF42GID7QWDCNFTJRCTMKAITJJA,B09Y8JFMBJ,Sports_and_Outdoors,1641665625153
AGF42GID7QWDCNFTJRCTMKAITJJA,B0B319HGNL,Sports_and_Outdoors,1641665332806
AGF42GID7QWDCNFTJRCTMKAITJJA,B07CBN49CJ,Sports_and_Outdoors,1641665300780
AGF42GID7QWDCNFTJRCTMKAITJJA,B0BM9LLNGP,Sports_and_Outdoors,1641664970370
AGF42GID7QWDCNFTJRCTMKAITJJA,B01GRXNUU0,Sports_and_Outdoors,1641661862403
AGF42GID7QWDCNFTJRCTMKAITJJA,B07V63L7Q6,Sports_and_Outdoors,1641656531879
AGF42GID7QWDCNFTJRCTMKAITJJA,B08R1K9K2K,Sports_and_Outdoors,1641651284582
AGF42GID7QWDCNFTJRCTMKAITJJA,B0BZWNN2SH,Sports_and_Outdoors,1638408926097
AGF42GID7QWDCNFTJRCTMKAITJJA,B0B5DF5FD6,Sports_and_Outdoors,1578756342094
AEUTQ4IEVVJZTRCDZWFK2AB43M2A,B00O14ZI8K,Sports_and_Outdoors,1578197710436
AEIOIVFNO6QX7OYOJNPRKQEWMPGA,B00ZPAWV5C,Sports_and_Outdoors,1564890712411
AEIOIVFNO6QX7OYOJNPRKQEWMPGA,B01F9EG2E4,Sports_and_Outdoors,1527727243481
AEWLOQTKYUYRJ24NK4GD5CZTR7WA,B01BGQFE8E,Sports_and_Outdoors,1507166732130
AHQQ62COZ3ANN33IRXZ6Z4KF664A,B09LW2KHPM,Sports_and_Outdoors,1607429809541
AHQQ62COZ3ANN33IRXZ6Z4KF664A,B074ZVWPLY,Sports_and_Outdoors,1594764482913
AHQQ62COZ3ANN33IRXZ6Z4KF664A,B0049HPWQ2,Sports_and_Outdoors,1577667569065
AHQQ62COZ3ANN33IRXZ6Z4KF664A,B07ZR47NWC,Sports_and_Outdoors,1577667325743
AGMKOM3374MIOS47KXTIFEGAFKOQ,B01EJ8RJ48,Sports_and_Outdoors,1626108032377
AGMKOM3374MIOS47KXTIFEGAFKOQ,B0B9N1VV1N,Sports_and_Outdoors,1626106937741
AHT2NP62KHFFALXILR7ZIQ2VFM7A,B07QJ3BF1Y,Sports_and_Outdoors,1619383316450
AF7ZINXE6MF5H7AGHIMQIOBTRPOQ,B001B40RSO,Sports_and_Outdoors,1457452578000
AF7ZINXE6MF5H7AGHIMQIOBTRPOQ,B00ZL86HYE,Sports_and_Outdoors,1456159279000
AF43PJH7OJ6557NMXAAP5CRLDNGQ,B0BS54CFF5,Sports_and_Outdoors,1665027417782
AFPJCGADRTQ4QFU26KTSIKDAXPSA,B07XJ59W9P,Sports_and_Outdoors,1598609463957
AEDNNPW6JQ4H6NPMF2FYMIUZOTGQ,B0047T7LTI,Sports_and_Outdoors,1319296403000
AEDNNPW6JQ4H6NPMF2FYMIUZOTGQ,B06W5N9NWR,Sports_and_Outdoors,1271549323000
AGD53FZJLNU4UOJE43EZTFFDJYTA,B09LW2KHPM,Sports_and_Outdoors,1478068814000
AH23K7IAT3VTGWZJQFPHVIT4HLSQ,B08172M1YT,Sports_and_Outdoors,1578878509606
AFXDYTFXJLX4YG3UD7W23W7Z5Y4A,B01I42XCSW,Sports_and_Outdoors,1508977323358
AFXDYTFXJLX4YG3UD7W23W7Z5Y4A,B00BG2W9DW,Sports_and_Outdoors,1431445806000
AEDJA3DZE2NRQHXEREBKMZKEXUPA,B0BNGYW5JL,Sports_and_Outdoors,1618792764733
AECABX3OO3GK7FCPZLFM3LT2E6UA,B0BMP2FTN8,Sports_and_Outdoors,1634763063111
AECABX3OO3GK7FCPZLFM3LT2E6UA,B093HBQTKP,Sports_and_Outdoors,1633116395327
AECABX3OO3GK7FCPZLFM3LT2E6UA,B00PJSMSFI,Sports_and_Outdoors,1633116033765
AECABX3OO3GK7FCPZLFM3LT2E6UA,B01ITTLWPA,Sports_and_Outdoors,1622750074981
AECABX3OO3GK7FCPZLFM3LT2E6UA,B08D3M3Y9S,Sports_and_Outdoors,1620926948048
AECABX3OO3GK7FCPZLFM3LT2E6UA,B086R7HTYQ,Sports_and_Outdoors,1620607581863
AECABX3OO3GK7FCPZLFM3LT2E6UA,B07HGJZKWZ,Sports_and_Outdoors,1609425575015
AECABX3OO3GK7FCPZLFM3LT2E6UA,B07C45G8SG,Sports_and_Outdoors,1582463069435
AECABX3OO3GK7FCPZLFM3LT2E6UA,B00LDCAIHO,Sports_and_Outdoors,1580250900945
AECABX3OO3GK7FCPZLFM3LT2E6UA,B01NCRHNFF,Sports_and_Outdoors,1580250856770
AECABX3OO3GK7FCPZLFM3LT2E6UA,B00MIK5YBA,Sports_and_Outdoors,1578428995276
AECABX3OO3GK7FCPZLFM3LT2E6UA,B00KX6VDAM,Sports_and_Outdoors,1578428919145
AECABX3OO3GK7FCPZLFM3LT2E6UA,B09Y65P6ZF,Sports_and_Outdoors,1577485184248
AECABX3OO3GK7FCPZLFM3LT2E6UA,B08R8PZX6D,Sports_and_Outdoors,1577484942317
AECABX3OO3GK7FCPZLFM3LT2E6UA,B098ND7D9T,Sports_and_Outdoors,1575468176707
AECABX3OO3GK7FCPZLFM3LT2E6UA,B06XRJ3DMQ,Sports_and_Outdoors,1570984992592
AECABX3OO3GK7FCPZLFM3LT2E6UA,B076666JGW,Sports_and_Outdoors,1570984964180
AECABX3OO3GK7FCPZLFM3LT2E6UA,B06Y3CHDVJ,Sports_and_Outdoors,1542414543995
AECABX3OO3GK7FCPZLFM3LT2E6UA,B000PCCQT6,Sports_and_Outdoors,1478895268000
AH3OG6QD6EDJGZRVCFKV4B66VWNQ,B0888TJDRW,Sports_and_Outdoors,1643842389107
AH3OG6QD6EDJGZRVCFKV4B66VWNQ,B007E7VDBM,Sports_and_Outdoors,1557171492205
AH3OG6QD6EDJGZRVCFKV4B66VWNQ,B0C61X5P1C,Sports_and_Outdoors,1527032724524
AH3OG6QD6EDJGZRVCFKV4B66VWNQ,B07J5R75Y7,Sports_and_Outdoors,1527032499719
AH3OG6QD6EDJGZRVCFKV4B66VWNQ,B01IYCC2Q0,Sports_and_Outdoors,1490314152000
AH3OG6QD6EDJGZRVCFKV4B66VWNQ,B00CG4I8N4,Sports_and_Outdoors,1435855938000
AH3OG6QD6EDJGZRVCFKV4B66VWNQ,B007YV1GM4,Sports_and_Outdoors,1419131214000
AH3OG6QD6EDJGZRVCFKV4B66VWNQ,B000A0IKHA,Sports_and_Outdoors,1239588634000
AHPUDDBBBV2WPNPBJXFXK3NJP7DQ,B072YZPD3D,Sports_and_Outdoors,1536535709116
AGEP2CC2QIJU5IHQZXCC7BE5JSDQ,B00JDSX6I8,Sports_and_Outdoors,1662686663512
AGEP2CC2QIJU5IHQZXCC7BE5JSDQ,B09Y3BWFL6,Sports_and_Outdoors,1627496072583
AGEP2CC2QIJU5IHQZXCC7BE5JSDQ,B088X4DPJB,Sports_and_Outdoors,1626555654785
AGEP2CC2QIJU5IHQZXCC7BE5JSDQ,B01528OVKO,Sports_and_Outdoors,1512250143067
AEMYDA6DVBKCCE7ZO2ARRFGKG3LQ,B01IC7XYXM,Sports_and_Outdoors,1630811434735
AEMYDA6DVBKCCE7ZO2ARRFGKG3LQ,B085TS8VDV,Sports_and_Outdoors,1477269777000
AEMYDA6DVBKCCE7ZO2ARRFGKG3LQ,B0BTNZ41Y7,Sports_and_Outdoors,1468975729000
AEMYDA6DVBKCCE7ZO2ARRFGKG3LQ,B002USO2OK,Sports_and_Outdoors,1391001769000
AEMYDA6DVBKCCE7ZO2ARRFGKG3LQ,B004290P7I,Sports_and_Outdoors,1360292472000
AEMYDA6DVBKCCE7ZO2ARRFGKG3LQ,B07BNXXB45,Sports_and_Outdoors,1239971662000
AFVGL7HOHKHSR5N3EUAVLYSBZCTQ,B09NCTH2J9,Sports_and_Outdoors,1668128625527
AFVGL7HOHKHSR5N3EUAVLYSBZCTQ,B09WDKZLDR,Sports_and_Outdoors,1580317770820
AFVGL7HOHKHSR5N3EUAVLYSBZCTQ,B00367PAO0,Sports_and_Outdoors,1341270960000
AFMOHJOF54QARPV5DJNPJDN3F4AQ,B09ZZL85V9,Sports_and_Outdoors,1663094320623
AFMOHJOF54QARPV5DJNPJDN3F4AQ,B01KCRRA76,Sports_and_Outdoors,1518047073814
AFWTME2ROGUQI5J5FB3DWCLKZNBA,B0BKT1462G,Sports_and_Outdoors,1674869207628
AFWTME2ROGUQI5J5FB3DWCLKZNBA,B07XMMGZ9P,Sports_and_Outdoors,1559368278727
AFWTME2ROGUQI5J5FB3DWCLKZNBA,B00Y2A6Z12,Sports_and_Outdoors,1559368238492
AFWTME2ROGUQI5J5FB3DWCLKZNBA,B00I63XGJA,Sports_and_Outdoors,1548033647771
AFWTME2ROGUQI5J5FB3DWCLKZNBA,B083BPBR2N,Sports_and_Outdoors,1534721511328
AFWTME2ROGUQI5J5FB3DWCLKZNBA,B0C69L78V5,Sports_and_Outdoors,1514231012065
AFWTME2ROGUQI5J5FB3DWCLKZNBA,B00B1N0R6C,Sports_and_Outdoors,1458188184000
AGYTEAXMUXEFHXUSVVTKONKBFTVQ,B0BHLWZXGC,Sports_and_Outdoors,1586039649488
AGYTEAXMUXEFHXUSVVTKONKBFTVQ,B07YFXSG73,Sports_and_Outdoors,1586038013683
AGYTEAXMUXEFHXUSVVTKONKBFTVQ,B007XP2QYS,Sports_and_Outdoors,1576161327908
AGYTEAXMUXEFHXUSVVTKONKBFTVQ,B073Z6CXP3,Sports_and_Outdoors,1533492452819
AGYTEAXMUXEFHXUSVVTKONKBFTVQ,B01GA3N9MQ,Sports_and_Outdoors,1533492403175
AGYTEAXMUXEFHXUSVVTKONKBFTVQ,B07B73HC1K,Sports_and_Outdoors,1527431871810
AGYTEAXMUXEFHXUSVVTKONKBFTVQ,B08BZ3XSL7,Sports_and_Outdoors,1523851711116
AGYTEAXMUXEFHXUSVVTKONKBFTVQ,B07176J341,Sports_and_Outdoors,1523851561312
AHKIMFUXMLOUN7SBXHEDD2K2AN7Q,B08SBNDJ6Z,Sports_and_Outdoors,1588310283205
AHFZUNQFXSVVT6Z6BYKE5CLBX3KQ,B08F9X2GLZ,Sports_and_Outdoors,1620149023537
AHFZUNQFXSVVT6Z6BYKE5CLBX3KQ,B07DKDV2YQ,Sports_and_Outdoors,1601754001758
AFSCQMP2EPYLGJN7OBTMEXCBE2OQ,B08H6NWJHB,Sports_and_Outdoors,1678482360501
AFSCQMP2EPYLGJN7OBTMEXCBE2OQ,B07HM878PW,Sports_and_Outdoors,1625855905461
AFSCQMP2EPYLGJN7OBTMEXCBE2OQ,B09RSQQS2Z,Sports_and_Outdoors,1618672776037
AFSCQMP2EPYLGJN7OBTMEXCBE2OQ,B079Y9Z12J,Sports_and_Outdoors,1589907671949
AFSCQMP2EPYLGJN7OBTMEXCBE2OQ,B0865V7B6S,Sports_and_Outdoors,1563116095699
AGYDZXXV32IH5YIDK5XSEC5UFIEQ,B09BKLVHK7,Sports_and_Outdoors,1659708519159
AGYDZXXV32IH5YIDK5XSEC5UFIEQ,B08KXWFFDS,Sports_and_Outdoors,1624194146401
AEBV7EWLGRTRRJCHN73RYFM6EOBA,B07F941B9V,Sports_and_Outdoors,1565633772527
AHUYNN727VWY5ARFWDUKLWP36NSQ,B0BGM8TW2T,Sports_and_Outdoors,1524197699870
AGAFWZBZFPXKTQLIQUYVDVJK2FZQ,B07S7BJN2L,Sports_and_Outdoors,1590027179564
AGX547GEFL46LSQR3IDMX6TE5OJQ,B085X5Y3VC,Sports_and_Outdoors,1568939024308
AEH66QD7CSPM7ZVH7D7LRSA5HSNQ,B07QYCSRJX,Sports_and_Outdoors,1526129917474
AEH66QD7CSPM7ZVH7D7LRSA5HSNQ,B09LBG995F,Sports_and_Outdoors,1495300577000
AELIV6UHVC6Z6VA4MIZ464WUHDPA,B07SRXG3PB,Sports_and_Outdoors,1620177960847
AELIV6UHVC6Z6VA4MIZ464WUHDPA,B09SL5MTCY,Sports_and_Outdoors,1617235310662
AELIV6UHVC6Z6VA4MIZ464WUHDPA,B09232FQKC,Sports_and_Outdoors,1606062054175
AELIV6UHVC6Z6VA4MIZ464WUHDPA,B08THHPM3D,Sports_and_Outdoors,1594673539829
AELIV6UHVC6Z6VA4MIZ464WUHDPA,B00PDGXTZ4,Sports_and_Outdoors,1581010558709
AELIV6UHVC6Z6VA4MIZ464WUHDPA,B078WZNQWG,Sports_and_Outdoors,1578844120677
AELIV6UHVC6Z6VA4MIZ464WUHDPA,B08XQCC6MD,Sports_and_Outdoors,1578697210775
AELIV6UHVC6Z6VA4MIZ464WUHDPA,B01MDP1TME,Sports_and_Outdoors,1576791873820
AELIV6UHVC6Z6VA4MIZ464WUHDPA,B0C4FSJ9ZH,Sports_and_Outdoors,1560694358641
AELIV6UHVC6Z6VA4MIZ464WUHDPA,B01FRLDP26,Sports_and_Outdoors,1533243813777
AELIV6UHVC6Z6VA4MIZ464WUHDPA,B0C4H3ZXD4,Sports_and_Outdoors,1531396899192
AELIV6UHVC6Z6VA4MIZ464WUHDPA,B0CB6DGHT1,Sports_and_Outdoors,1531396763609
AELIV6UHVC6Z6VA4MIZ464WUHDPA,B08WQV6YPR,Sports_and_Outdoors,1494216715000
AELIV6UHVC6Z6VA4MIZ464WUHDPA,B003KLZ4L6,Sports_and_Outdoors,1491834582000
AFKZENTNBQ7A7V7UXW5JJI6UGRYQ,B092VPJV2S,Tools_and_Home_Improvement,1642400423196
AFKZENTNBQ7A7V7UXW5JJI6UGRYQ,B08Y7YY75P,Tools_and_Home_Improvement,1642399823338
AFKZENTNBQ7A7V7UXW5JJI6UGRYQ,B07Y1XT2QS,Tools_and_Home_Improvement,1628652405491
AFKZENTNBQ7A7V7UXW5JJI6UGRYQ,B08YK5THYD,Tools_and_Home_Improvement,1592678339564
AFKZENTNBQ7A7V7UXW5JJI6UGRYQ,B0772GCXF2,Tools_and_Home_Improvement,1534446008538
AGGZ357AO26RQZVRLGU4D4N52DZQ,B0B6P8HGLB,Tools_and_Home_Improvement,1575314026488
AGGZ357AO26RQZVRLGU4D4N52DZQ,B072FNZMPH,Tools_and_Home_Improvement,1526049351116
AGGZ357AO26RQZVRLGU4D4N52DZQ,B014QMDRUC,Tools_and_Home_Improvement,1463583718000
AGCI7FAH4GL5FI65HYLKWTMFZ2CQ,B08TQJMV6W,Tools_and_Home_Improvement,1616178504634
AGCI7FAH4GL5FI65HYLKWTMFZ2CQ,B07XFK7PZZ,Tools_and_Home_Improvement,1602823263658
AGCI7FAH4GL5FI65HYLKWTMFZ2CQ,B0196NEVT2,Tools_and_Home_Improvement,1580257783245
AGCI7FAH4GL5FI65HYLKWTMFZ2CQ,B00002X2E3,Tools_and_Home_Improvement,1569734284184
AGCI7FAH4GL5FI65HYLKWTMFZ2CQ,B06XYX8R13,Tools_and_Home_Improvement,1547348543665
AGCI7FAH4GL5FI65HYLKWTMFZ2CQ,B00O518IPO,Tools_and_Home_Improvement,1456772528000
AGCI7FAH4GL5FI65HYLKWTMFZ2CQ,B0BLHDS7SV,Tools_and_Home_Improvement,1456772470000
AGCI7FAH4GL5FI65HYLKWTMFZ2CQ,B09T34JR9Y,Tools_and_Home_Improvement,1456772418000
AGCI7FAH4GL5FI65HYLKWTMFZ2CQ,B00LHPPQO2,Tools_and_Home_Improvement,1429214322000
AGCI7FAH4GL5FI65HYLKWTMFZ2CQ,B00XUKOXQO,Tools_and_Home_Improvement,1384912628000
AGCI7FAH4GL5FI65HYLKWTMFZ2CQ,B000QFCP1G,Tools_and_Home_Improvement,1384912296000
AGCI7FAH4GL5FI65HYLKWTMFZ2CQ,B003XKDRKY,Tools_and_Home_Improvement,1344406143000
AGXVBIUFLFGMVLATYXHJYL4A5Q7Q,B00V9I0MEG,Tools_and_Home_Improvement,1490877292000
AGKHLEW2SOWHNMFQIJGBECAF7INQ,B085269NS5,Tools_and_Home_Improvement,1593662570002
AGBFYI2DDIKXC5Y4FARTYDTQBMFQ,B0CCK6P2H8,Tools_and_Home_Improvement,1578593332047
AGBFYI2DDIKXC5Y4FARTYDTQBMFQ,B009E4F7DI,Tools_and_Home_Improvement,1578593180378
AGBFYI2DDIKXC5Y4FARTYDTQBMFQ,B000YJE40O,Tools_and_Home_Improvement,1424294531000
AEVWAM3YWN5URJVJIZZ6XPD2MKIA,B09MF5XD3K,Tools_and_Home_Improvement,1672493203905
AEVWAM3YWN5URJVJIZZ6XPD2MKIA,B07B3M6JW7,Tools_and_Home_Improvement,1624749437720
AEVWAM3YWN5URJVJIZZ6XPD2MKIA,B0BHXZ55FZ,Tools_and_Home_Improvement,1622069473540
AEVWAM3YWN5URJVJIZZ6XPD2MKIA,B07KXFS4C1,Tools_and_Home_Improvement,1622067653301
AEVWAM3YWN5URJVJIZZ6XPD2MKIA,B015NG55UU,Tools_and_Home_Improvement,1530195920085
AEVWAM3YWN5URJVJIZZ6XPD2MKIA,B072Z9Z36Q,Tools_and_Home_Improvement,1529768288795
AEVWAM3YWN5URJVJIZZ6XPD2MKIA,B008KNY8Q6,Tools_and_Home_Improvement,1529069402917
AEVWAM3YWN5URJVJIZZ6XPD2MKIA,B00H8XIFH2,Tools_and_Home_Improvement,1466867938000
AEVWAM3YWN5URJVJIZZ6XPD2MKIA,B081HPGRV7,Tools_and_Home_Improvement,1466867009000
AEVWAM3YWN5URJVJIZZ6XPD2MKIA,B0045Y1GFK,Tools_and_Home_Improvement,1409849390000
AFTC6ZR5IKNRDG5JCPVNVMU3XV2Q,B07FFKR6FM,Tools_and_Home_Improvement,1615476172504
AFTC6ZR5IKNRDG5JCPVNVMU3XV2Q,B07PG4KPRG,Tools_and_Home_Improvement,1577637568209
AEAUZK2OLWXD75AWJOCCGGCL3H2A,B018IBEHQU,Tools_and_Home_Improvement,1601131928494
AEAUZK2OLWXD75AWJOCCGGCL3H2A,B00XJ1BTM0,Tools_and_Home_Improvement,1596561286971
AEAUZK2OLWXD75AWJOCCGGCL3H2A,B07YBBG4SK,Tools_and_Home_Improvement,1580052861448
AEAUZK2OLWXD75AWJOCCGGCL3H2A,B0C536TX6H,Tools_and_Home_Improvement,1468088945000
AE74DYR3QUGVPZJ3P7RFWBGIX7XQ,B009KO8OFA,Tools_and_Home_Improvement,1623606835240
AFAHVT5FXHSIGNDR7YZK3FOCW3YA,B07CB8F72Z,Tools_and_Home_Improvement,1671284124107
AHITBJSS7KYUBVZPX7M2WJCOIVKQ,B0BMZBTBHV,Tools_and_Home_Improvement,1603298366098
AHITBJSS7KYUBVZPX7M2WJCOIVKQ,B07V7VL53V,Tools_and_Home_Improvement,1594079513232
AHITBJSS7KYUBVZPX7M2WJCOIVKQ,B0B199K8KM,Tools_and_Home_Improvement,1574807304780
AHITBJSS7KYUBVZPX7M2WJCOIVKQ,B0713MVT1M,Tools_and_Home_Improvement,1560013725034
AHVC23XPR4J63SSNSIRNG4H6AEWQ,B07P8NZJ7G,Tools_and_Home_Improvement,1573911384020
AHVC23XPR4J63SSNSIRNG4H6AEWQ,B09XKNG1TV,Tools_and_Home_Improvement,1535922200965
AF7OANMNHQJC3PD4HRPX2FATECPA,B08BKZCK3C,Tools_and_Home_Improvement,1615423599871
AFVNEEPDEIH5SPUN5BWC6NKL3WNQ,B08MWWG83Z,Tools_and_Home_Improvement,1653605502517
AFVNEEPDEIH5SPUN5BWC6NKL3WNQ,B07F2RZRK7,Tools_and_Home_Improvement,1560076554636
AHXSBZT52TCPZUBVCBRICTHWUCBA,B099Z7JCS2,Tools_and_Home_Improvement,1672844865042
AFEIN7QWSQ6EFW45LKD7ZOCSMLGQ,B08GXDKDNC,Tools_and_Home_Improvement,1647198913505
AFEIN7QWSQ6EFW45LKD7ZOCSMLGQ,B07SQRTFBV,Tools_and_Home_Improvement,1646120755938
AFEIN7QWSQ6EFW45LKD7ZOCSMLGQ,B0C559GQMV,Tools_and_Home_Improvement,1645915429990
AFEIN7QWSQ6EFW45LKD7ZOCSMLGQ,B082XWRKD2,Tools_and_Home_Improvement,1645266669552
AFEIN7QWSQ6EFW45LKD7ZOCSMLGQ,B09DP154ZW,Tools_and_Home_Improvement,1630790220815
AFJTRBXMURLHS5EGNXLUHDHIZRFQ,B07Y1J9Q2F,Tools_and_Home_Improvement,1600358324368
AFJTRBXMURLHS5EGNXLUHDHIZRFQ,B075QC6ZHQ,Tools_and_Home_Improvement,1565395973533
AHSPLDNW5OOUK2PLH7GXLACFBZNQ,B01EXYM20O,Tools_and_Home_Improvement,1477421115000
AHSPLDNW5OOUK2PLH7GXLACFBZNQ,B003EC2Q0I,Tools_and_Home_Improvement,1451660833000
AHSPLDNW5OOUK2PLH7GXLACFBZNQ,B001M5CUL4,Tools_and_Home_Improvement,1449000936000
AHSPLDNW5OOUK2PLH7GXLACFBZNQ,B004UE9SAA,Tools_and_Home_Improvement,1414765216000
AHWWLSPCJMALVHDDVSUGICL6RUCA,B0BTSDDMPT,Tools_and_Home_Improvement,1668259445283
AHWWLSPCJMALVHDDVSUGICL6RUCA,B0BQHBFS7J,Tools_and_Home_Improvement,1664746832188
AHWWLSPCJMALVHDDVSUGICL6RUCA,B09DTDQK82,Tools_and_Home_Improvement,1664746761215
AGBUJDDLRJIUJFTKPABJT6CJTHRQ,B00B7ANKWM,Tools_and_Home_Improvement,1577439193153
AGXFEGMNVCSTSYYA5UWXDV7AFSXA,B0C7R49CHH,Tools_and_Home_Improvement,1666289776551
AGXFEGMNVCSTSYYA5UWXDV7AFSXA,B0BBVT95WK,Tools_and_Home_Improvement,1658693582546
AGXFEGMNVCSTSYYA5UWXDV7AFSXA,B07YBTKSRH,Tools_and_Home_Improvement,1624044689453
AGXFEGMNVCSTSYYA5UWXDV7AFSXA,B00IRBYQ8Q,Tools_and_Home_Improvement,1489867847000
AGXFEGMNVCSTSYYA5UWXDV7AFSXA,B000U509EW,Tools_and_Home_Improvement,1350319532000
AGXFEGMNVCSTSYYA5UWXDV7AFSXA,B001D4TLZC,Tools_and_Home_Improvement,1266851967000
AEFKF6R2GUSK2AWPSWRR4ZO36JVQ,B07GNHCH3T,Tools_and_Home_Improvement,1571208334550
AEFKF6R2GUSK2AWPSWRR4ZO36JVQ,B01M8IDN29,Tools_and_Home_Improvement,1546556401190
AEFKF6R2GUSK2AWPSWRR4ZO36JVQ,B013E1EKPC,Tools_and_Home_Improvement,1474372426000
AF4BOHAQZZBMDYP7B6IWIKQNHTCA,B077T3Y4VR,Tools_and_Home_Improvement,1561794657138
AF4BOHAQZZBMDYP7B6IWIKQNHTCA,B0C2YPL1LS,Tools_and_Home_Improvement,1561794591805
AF4BOHAQZZBMDYP7B6IWIKQNHTCA,B085RJB21B,Tools_and_Home_Improvement,1561794504388
AF4BOHAQZZBMDYP7B6IWIKQNHTCA,B08VRK6WBL,Tools_and_Home_Improvement,1561794407210
AF4BOHAQZZBMDYP7B6IWIKQNHTCA,B007ICZHQA,Tools_and_Home_Improvement,1497223796248
AET3VOB7PYHAKDAPEDTFGPSEE6QQ,B09WYM995H,Tools_and_Home_Improvement,1629563888164
AET3VOB7PYHAKDAPEDTFGPSEE6QQ,B09MRXX8GS,Tools_and_Home_Improvement,1614623802266
AH4MB6HER73XDOV6I4ICPNT24YQQ,B08T7H9X5G,Tools_and_Home_Improvement,1656106790263
AH4MB6HER73XDOV6I4ICPNT24YQQ,B07N58MTVM,Tools_and_Home_Improvement,1656106698129
AHFY2QSS6PK5MHSYZFI6TXUYNPLQ,B004C7UZMU,Tools_and_Home_Improvement,1590502499238
AHFY2QSS6PK5MHSYZFI6TXUYNPLQ,B0B67KJYQT,Tools_and_Home_Improvement,1531746693317
AGMJ3EMDVL6OWBJF7CA5RGJLXN5A,B0C579NHCC,Tools_and_Home_Improvement,1566424654206
AGMJ3EMDVL6OWBJF7CA5RGJLXN5A,B07GVQNWDF,Tools_and_Home_Improvement,1566421167323
AFWHJ6O3PV4JC7PVOJH6CPULO2KQ,B00KZO3FIU,Tools_and_Home_Improvement,1652681299727
AFWHJ6O3PV4JC7PVOJH6CPULO2KQ,B01GOW28C0,Tools_and_Home_Improvement,1627908519611
AFWHJ6O3PV4JC7PVOJH6CPULO2KQ,B0B19MZBYZ,Tools_and_Home_Improvement,1524768215316
AFWHJ6O3PV4JC7PVOJH6CPULO2KQ,B000FNFOKS,Tools_and_Home_Improvement,1524768151214
AFWHJ6O3PV4JC7PVOJH6CPULO2KQ,B000RG78AC,Tools_and_Home_Improvement,1524767282938
AFWHJ6O3PV4JC7PVOJH6CPULO2KQ,B077KLH9RG,Tools_and_Home_Improvement,1524337817783
AFWHJ6O3PV4JC7PVOJH6CPULO2KQ,B01NCONOMR,Tools_and_Home_Improvement,1504898919837
AHCPZDDPHJE3G7M6ST5WGRPLXHOA,B08GC7YK5G,Tools_and_Home_Improvement,1646223668228
AEWJXW46LKSW22FWTGRYTLNE7TGA,B07WVCVTS6,Tools_and_Home_Improvement,1653564547856
AEWJXW46LKSW22FWTGRYTLNE7TGA,B08146BLN2,Tools_and_Home_Improvement,1631817589591
AEWJXW46LKSW22FWTGRYTLNE7TGA,B09PSG9WBJ,Tools_and_Home_Improvement,1619711902080
AEWJXW46LKSW22FWTGRYTLNE7TGA,B0788BNJTM,Tools_and_Home_Improvement,1594479291875
AEWJXW46LKSW22FWTGRYTLNE7TGA,B01DNH9VT2,Tools_and_Home_Improvement,1515883717152
AEWJXW46LKSW22FWTGRYTLNE7TGA,B07ZRV38LT,Tools_and_Home_Improvement,1515883402308
AEWJXW46LKSW22FWTGRYTLNE7TGA,B09QPX8321,Tools_and_Home_Improvement,1515883315486
AEWJXW46LKSW22FWTGRYTLNE7TGA,B09T367297,Tools_and_Home_Improvement,1486462891000
AGCS6HSZBL6OPU4V4LD5H6GMBC4Q,B09PZLB71C,Tools_and_Home_Improvement,1615551117517
AHXBL3QDWZGJYH7A5CMPFNUPMF7Q,B08T1RBQND,Tools_and_Home_Improvement,1634944145504
AHXBL3QDWZGJYH7A5CMPFNUPMF7Q,B08C71XH7P,Tools_and_Home_Improvement,1597013711690
AHXBL3QDWZGJYH7A5CMPFNUPMF7Q,B0CBL6C7M5,Tools_and_Home_Improvement,1494768975000
AGMXMZWCPYOPWYT3AGRU25Y7QLOQ,B08NJVBCZQ,Tools_and_Home_Improvement,1641768003422
AGMXMZWCPYOPWYT3AGRU25Y7QLOQ,B09QQTD2T5,Tools_and_Home_Improvement,1600404909655
AGPR2UDFIJJCBA3EKFEEAJBWKROQ,B01N4WEVIR,Tools_and_Home_Improvement,1534096221256
AHOEIYJJHZ7ITX75BOFQYNXVVJQQ,B0B14DKCRF,Tools_and_Home_Improvement,1675444332421
AHOEIYJJHZ7ITX75BOFQYNXVVJQQ,B07CV2656C,Tools_and_Home_Improvement,1658525629063
AHOEIYJJHZ7ITX75BOFQYNXVVJQQ,B0B87NXMTS,Tools_and_Home_Improvement,1639053448035
AHOEIYJJHZ7ITX75BOFQYNXVVJQQ,B08MW4QZDX,Tools_and_Home_Improvement,1621463277997
AHOEIYJJHZ7ITX75BOFQYNXVVJQQ,B07HR51KCQ,Tools_and_Home_Improvement,1618262752374
AHOEIYJJHZ7ITX75BOFQYNXVVJQQ,B0861QJPDV,Tools_and_Home_Improvement,1617716864551
AHOEIYJJHZ7ITX75BOFQYNXVVJQQ,B01MF6WVCY,Tools_and_Home_Improvement,1604847395873
AHOEIYJJHZ7ITX75BOFQYNXVVJQQ,B01LZ3AJ91,Tools_and_Home_Improvement,1604846903551
AGFNKUPLGHJ7X5IRLMJBDIMCLMKA,B084YXCKR1,Tools_and_Home_Improvement,1600612433011
AGFNKUPLGHJ7X5IRLMJBDIMCLMKA,B01F7J8DS4,Tools_and_Home_Improvement,1520820959032
AGFNKUPLGHJ7X5IRLMJBDIMCLMKA,B01JZ9E976,Tools_and_Home_Improvement,1520820904081
AEQAYV7RXZEBXMQIQPL6KCT2CFWQ,B016QVUCHC,Tools_and_Home_Improvement,1666812110580
AEQAYV7RXZEBXMQIQPL6KCT2CFWQ,B08ZJWNN19,Tools_and_Home_Improvement,1642723967269
AEQAYV7RXZEBXMQIQPL6KCT2CFWQ,B08GCH9G4T,Tools_and_Home_Improvement,1642722824105
AEQAYV7RXZEBXMQIQPL6KCT2CFWQ,B09X68V1WV,Tools_and_Home_Improvement,1642722568619
AEQAYV7RXZEBXMQIQPL6KCT2CFWQ,B01JBNHUN6,Tools_and_Home_Improvement,1642721973310
AEQAYV7RXZEBXMQIQPL6KCT2CFWQ,B09N7PM1FS,Tools_and_Home_Improvement,1588678542421
AEQAYV7RXZEBXMQIQPL6KCT2CFWQ,B07VCHQMDK,Tools_and_Home_Improvement,1582476975789
AEQAYV7RXZEBXMQIQPL6KCT2CFWQ,B01GGJI1FO,Tools_and_Home_Improvement,1565312136048
AFNT6ZJCYQN3WDIKUSWHJDXNND2Q,B0B568QV5Q,Tools_and_Home_Improvement,1664637968199
AFNT6ZJCYQN3WDIKUSWHJDXNND2Q,B08HS17XF7,Tools_and_Home_Improvement,1658344910281
AFNT6ZJCYQN3WDIKUSWHJDXNND2Q,B07F7VSN9W,Tools_and_Home_Improvement,1573344323705
AFNT6ZJCYQN3WDIKUSWHJDXNND2Q,B0BZ4GYJPC,Tools_and_Home_Improvement,1516892299424
AFNT6ZJCYQN3WDIKUSWHJDXNND2Q,B00347A8E4,Tools_and_Home_Improvement,1453308318000
AFNT6ZJCYQN3WDIKUSWHJDXNND2Q,B005SAIPWC,Tools_and_Home_Improvement,1442178495000
AF232QQ7UDHGQOVR6LZ3X7ZVQ3ZA,B01LMZKJUC,Tools_and_Home_Improvement,1514216303961
AEVPPTMG43C6GWSR7I2UGRQN7WFQ,B0BBQR4DB8,Tools_and_Home_Improvement,1664975388058
AEVPPTMG43C6GWSR7I2UGRQN7WFQ,B07FS98D5W,Tools_and_Home_Improvement,1661628437325
AEVPPTMG43C6GWSR7I2UGRQN7WFQ,B08Q5T94TF,Tools_and_Home_Improvement,1656788294817
AEVPPTMG43C6GWSR7I2UGRQN7WFQ,B0BVYDM3Z4,Tools_and_Home_Improvement,1645892143028
AEVPPTMG43C6GWSR7I2UGRQN7WFQ,B0BTNN85SF,Tools_and_Home_Improvement,1645409706076
AEVPPTMG43C6GWSR7I2UGRQN7WFQ,B07M959424,Tools_and_Home_Improvement,1620231947451
AEVPPTMG43C6GWSR7I2UGRQN7WFQ,B09GXBF1T9,Tools_and_Home_Improvement,1620231730938
AEVPPTMG43C6GWSR7I2UGRQN7WFQ,B07DH499BD,Tools_and_Home_Improvement,1612903293480
AEVPPTMG43C6GWSR7I2UGRQN7WFQ,B0814TCDFG,Tools_and_Home_Improvement,1611190494132
AEVPPTMG43C6GWSR7I2UGRQN7WFQ,B0C28GGQLL,Tools_and_Home_Improvement,1603656605260
AHREXOGQPZDA6354MHH4ETSF3MCQ,B09W2BT59Y,Tools_and_Home_Improvement,1672469794993
AHREXOGQPZDA6354MHH4ETSF3MCQ,B0B3DQH3MD,Tools_and_Home_Improvement,1667366568109
AHREXOGQPZDA6354MHH4ETSF3MCQ,B0C7HRPMXY,Tools_and_Home_Improvement,1650127013007
AHREXOGQPZDA6354MHH4ETSF3MCQ,B08B99F5SR,Tools_and_Home_Improvement,1638849545151
AHREXOGQPZDA6354MHH4ETSF3MCQ,B094XWTQPH,Tools_and_Home_Improvement,1633954694093
AHREXOGQPZDA6354MHH4ETSF3MCQ,B08GCHRKH8,Tools_and_Home_Improvement,1622424654215
AHREXOGQPZDA6354MHH4ETSF3MCQ,B07W4GK42Q,Tools_and_Home_Improvement,1589993187550
AHSXXZHYMXDRVKC643TJZYQ7XGYA,B08X7L5YY9,Tools_and_Home_Improvement,1629651928305
AHSXXZHYMXDRVKC643TJZYQ7XGYA,B07FM86HCG,Tools_and_Home_Improvement,1577231441934
AHSXXZHYMXDRVKC643TJZYQ7XGYA,B07S7FJZ3B,Tools_and_Home_Improvement,1575948224449
AH6CATODIVPVUOJEWHRSRCSKAOHA,B08P46BJTL,Tools_and_Home_Improvement,1646177957373
AH6CATODIVPVUOJEWHRSRCSKAOHA,B0B5XZ2H3J,Tools_and_Home_Improvement,1595350059016
AH6CATODIVPVUOJEWHRSRCSKAOHA,B07Z61GMNT,Tools_and_Home_Improvement,1573416690284
AH6CATODIVPVUOJEWHRSRCSKAOHA,B0BL7KV5RL,Tools_and_Home_Improvement,1565623101154
AH6CATODIVPVUOJEWHRSRCSKAOHA,B0BHF6JML5,Tools_and_Home_Improvement,1533050629049
AH6CATODIVPVUOJEWHRSRCSKAOHA,B0B49XN5D2,Tools_and_Home_Improvement,1530742704260
AH6CATODIVPVUOJEWHRSRCSKAOHA,B0BTTWK4YX,Tools_and_Home_Improvement,1463152830000
AH6CATODIVPVUOJEWHRSRCSKAOHA,B07LB75L4Z,Tools_and_Home_Improvement,1420651076000
AH6CATODIVPVUOJEWHRSRCSKAOHA,B000V6USJQ,Tools_and_Home_Improvement,1398818123000
AFGUPTDFAWOHHL4LZDV27ERDNOYQ,B07SY77NSH,Tools_and_Home_Improvement,1590887890432
AFGUPTDFAWOHHL4LZDV27ERDNOYQ,B005OSJSII,Tools_and_Home_Improvement,1544465690912
AFGUPTDFAWOHHL4LZDV27ERDNOYQ,B08N6TFFTX,Tools_and_Home_Improvement,1544409712345
AHYIIOGHQYQNXYSSAOUSP4WYYBUA,B08C5HFFFQ,Tools_and_Home_Improvement,1620860688052
AGHWZRZY7UYGZAYBZ2JADLTCSKKQ,B0012Q91Y2,Tools_and_Home_Improvement,1567652146854
AFIWYBPRAGQIAJOBA4QGIKL2BZAQ,B09H5GQK29,Tools_and_Home_Improvement,1649697050300
AFIWYBPRAGQIAJOBA4QGIKL2BZAQ,B07VFP4MMN,Tools_and_Home_Improvement,1582893771186
AFIWYBPRAGQIAJOBA4QGIKL2BZAQ,B075KLB84R,Tools_and_Home_Improvement,1550691600379
AFIWYBPRAGQIAJOBA4QGIKL2BZAQ,B07T59W58F,Tools_and_Home_Improvement,1481575093000
AFIWYBPRAGQIAJOBA4QGIKL2BZAQ,B096KQR2L5,Tools_and_Home_Improvement,1481575016000
AFIWYBPRAGQIAJOBA4QGIKL2BZAQ,B074FXZ5TG,Tools_and_Home_Improvement,1461666590000
AFIWYBPRAGQIAJOBA4QGIKL2BZAQ,B09X96WWH6,Tools_and_Home_Improvement,1461666583000
AFIWYBPRAGQIAJOBA4QGIKL2BZAQ,B089P3J84K,Tools_and_Home_Improvement,1428341724000
AHCV2CNCOCG6WECDROOUYPDZIFEQ,B07NP5T316,Tools_and_Home_Improvement,1558720422695
AH6PLOGWYIVIWLJTY756BHNFD4YA,B01F9OIGBQ,Tools_and_Home_Improvement,1662422169005
AH6PLOGWYIVIWLJTY756BHNFD4YA,B002BWOQ6O,Tools_and_Home_Improvement,1613855937020
AH6PLOGWYIVIWLJTY756BHNFD4YA,B000ST3UKA,Tools_and_Home_Improvement,1357692354000
AHI3JGUFPMIJLPYTHBMTFAOZ4XFA,B0C23S4BZR,Tools_and_Home_Improvement,1620411141972
AHI3JGUFPMIJLPYTHBMTFAOZ4XFA,B07PQQNNY3,Tools_and_Home_Improvement,1567106727200
AHTH75HJJ5QPIP3ZDF2XNIBE3CWA,B004HEYK8S,Tools_and_Home_Improvement,1405982033000
AF5MJENGAL5G6BUFIVMH5LRSZ6EA,B07TND58DJ,Tools_and_Home_Improvement,1522285763925
AEI4YPQZG6TZOWHDFP7I22S4MQZQ,B0C6Y1T4HG,Tools_and_Home_Improvement,1607401872124
AEI4YPQZG6TZOWHDFP7I22S4MQZQ,B07WDGVRCF,Tools_and_Home_Improvement,1578098417347
AEYORY2AVPMCPDV57CE337YU5LXA,B08NZD8HST,Tools_and_Home_Improvement,1639199116500
AEYORY2AVPMCPDV57CE337YU5LXA,B0BWCLM2Z3,Tools_and_Home_Improvement,1622478458529
AEYORY2AVPMCPDV57CE337YU5LXA,B07Q3GW9Q2,Tools_and_Home_Improvement,1591448846110
AEYORY2AVPMCPDV57CE337YU5LXA,B081YFBPCR,Tools_and_Home_Improvement,1590204860686
AEYFU5FQAJYXFREC4KHQ34EGZ3LQ,B07DPVDD3F,Tools_and_Home_Improvement,1562177810621
AEINY4XOINMMJCK5GZ3M6MMHBN6A,B00W20V4G0,Tools_and_Home_Improvement,1553287384992
AEINY4XOINMMJCK5GZ3M6MMHBN6A,B0866T921D,Tools_and_Home_Improvement,1447358184000
AE3Q6AEWP7Y7CH4N6IWEP4YBNP2A,B0BV2C5MGV,Tools_and_Home_Improvement,1669588504692
AE3Q6AEWP7Y7CH4N6IWEP4YBNP2A,B09NLXJS1K,Tools_and_Home_Improvement,1668209224283
AGJSTXSEWFVQWVQINO6QKMNBUUNA,B07DNT1D4V,Tools_and_Home_Improvement,1639170422795
AGJSTXSEWFVQWVQINO6QKMNBUUNA,B01M74LW80,Tools_and_Home_Improvement,1514847343854
AGJSTXSEWFVQWVQINO6QKMNBUUNA,B001JJD0Y4,Tools_and_Home_Improvement,1428847405000
AGJSTXSEWFVQWVQINO6QKMNBUUNA,B0B1LDZ6L6,Tools_and_Home_Improvement,1398308542000
AEJDETWITK2KGACH7FUBMY33PPSQ,B08532R19K,Tools_and_Home_Improvement,1611613027217
AEJDETWITK2KGACH7FUBMY33PPSQ,B01JOC6FYO,Tools_and_Home_Improvement,1502136305492
AGSMNIT5YGSO35M2YRIE2OZIOSUQ,B00DT7ADPS,Tools_and_Home_Improvement,1406686999000
AFSKPY37N3C43SOI5IEXEK5JSIYA,B0B1WDPB62,Tools_and_Home_Improvement,1664888042323
AFSKPY37N3C43SOI5IEXEK5JSIYA,B0B69B2SPF,Tools_and_Home_Improvement,1643478763937
AFSKPY37N3C43SOI5IEXEK5JSIYA,B08K78TN69,Tools_and_Home_Improvement,1607903467588
AFSKPY37N3C43SOI5IEXEK5JSIYA,B08L7MXW4J,Tools_and_Home_Improvement,1605122608515
AFSKPY37N3C43SOI5IEXEK5JSIYA,B08CGYRD8R,Tools_and_Home_Improvement,1600730949995
AFSKPY37N3C43SOI5IEXEK5JSIYA,B0BYYNRRTM,Tools_and_Home_Improvement,1597148913714
AFSKPY37N3C43SOI5IEXEK5JSIYA,B07Z1BH8HR,Tools_and_Home_Improvement,1594332622983
AFSKPY37N3C43SOI5IEXEK5JSIYA,B084Q4J6FF,Tools_and_Home_Improvement,1586101152764
AFSKPY37N3C43SOI5IEXEK5JSIYA,B07ZBF15B3,Tools_and_Home_Improvement,1580582444490
AFSKPY37N3C43SOI5IEXEK5JSIYA,B07VKYV85M,Tools_and_Home_Improvement,1574766647649
AFSKPY37N3C43SOI5IEXEK5JSIYA,B07MKGGCRQ,Tools_and_Home_Improvement,1570700147783
AFSKPY37N3C43SOI5IEXEK5JSIYA,B07WKCR7NG,Tools_and_Home_Improvement,1568975817054
AFSKPY37N3C43SOI5IEXEK5JSIYA,B07WJ83FWY,Tools_and_Home_Improvement,1568198551946
AFSKPY37N3C43SOI5IEXEK5JSIYA,B07X41Z73N,Tools_and_Home_Improvement,1565639379461
AFSKPY37N3C43SOI5IEXEK5JSIYA,B0CBP72Y3Z,Tools_and_Home_Improvement,1565179519768
AFSKPY37N3C43SOI5IEXEK5JSIYA,B07RQ8BV7N,Tools_and_Home_Improvement,1563289622304
AFSKPY37N3C43SOI5IEXEK5JSIYA,B07VG5Z87J,Tools_and_Home_Improvement,1563192013789
AFSKPY37N3C43SOI5IEXEK5JSIYA,B07Q3WQMVX,Tools_and_Home_Improvement,1560945804316
AFSKPY37N3C43SOI5IEXEK5JSIYA,B07PX957K9,Tools_and_Home_Improvement,1560771522118
AFSKPY37N3C43SOI5IEXEK5JSIYA,B07GYBJ7RZ,Tools_and_Home_Improvement,1549047920507
AFSKPY37N3C43SOI5IEXEK5JSIYA,B07GBXZ7GG,Tools_and_Home_Improvement,1548681789263
AFSKPY37N3C43SOI5IEXEK5JSIYA,B07B484QDV,Tools_and_Home_Improvement,1538600001063
AFSKPY37N3C43SOI5IEXEK5JSIYA,B07DB562QV,Tools_and_Home_Improvement,1534502301711
AFSKPY37N3C43SOI5IEXEK5JSIYA,B06XZQJ26C,Tools_and_Home_Improvement,1513938007549
AFSKPY37N3C43SOI5IEXEK5JSIYA,B072J2VG3R,Tools_and_Home_Improvement,1505678423460
AFSKPY37N3C43SOI5IEXEK5JSIYA,B071416N71,Tools_and_Home_Improvement,1496926370000
AFSKPY37N3C43SOI5IEXEK5JSIYA,B013OXTT6K,Tools_and_Home_Improvement,1490882387000
AFSKPY37N3C43SOI5IEXEK5JSIYA,B01HR2PT4A,Tools_and_Home_Improvement,1479219962000
AFSKPY37N3C43SOI5IEXEK5JSIYA,B01LZFOP8N,Tools_and_Home_Improvement,1456076848000
AFSKPY37N3C43SOI5IEXEK5JSIYA,B00SWIHA1E,Tools_and_Home_Improvement,1433945421000
AFSKPY37N3C43SOI5IEXEK5JSIYA,B00PCPO75M,Tools_and_Home_Improvement,1432577048000
AFSKPY37N3C43SOI5IEXEK5JSIYA,B00TF02SVK,Tools_and_Home_Improvement,1427462384000
AFSKPY37N3C43SOI5IEXEK5JSIYA,B009UVDE5S,Tools_and_Home_Improvement,1358337486000
AFSKPY37N3C43SOI5IEXEK5JSIYA,B002I06KIQ,Tools_and_Home_Improvement,1284037384000
AFSKPY37N3C43SOI5IEXEK5JSIYA,B001DV7PBW,Tools_and_Home_Improvement,1221774902000
AEBQTMAMKQWHOLTR4CYXKKZWXSMA,B08HHL56N3,Tools_and_Home_Improvement,1605551155574
AGCIVNDDRX3PXIUINEG4NCRGWCRA,B0B9GZMZMJ,Tools_and_Home_Improvement,1532452096271
AGCPAPUHXYA3EEIL2KGSQTGO5HRA,B0722VN11V,Tools_and_Home_Improvement,1514007305516
AGCPAPUHXYA3EEIL2KGSQTGO5HRA,B06XRT9292,Tools_and_Home_Improvement,1430682524000
AEJEC5WS5UPWGWFR632NMKWPC4JQ,B0B9X3W7WB,Tools_and_Home_Improvement,1441729514000
AFGNIWCBLQT2QIXXKIW7Q6VREZRQ,B09N9V9F2K,Tools_and_Home_Improvement,1646193549209
AFGNIWCBLQT2QIXXKIW7Q6VREZRQ,B099DGGKW9,Tools_and_Home_Improvement,1607379406086
AFUOYIZBU3MTBOLYKOJE5Z35MBDA,B083TGJ59L,Tools_and_Home_Improvement,1654101850192
AFUOYIZBU3MTBOLYKOJE5Z35MBDA,B08Z732NZ5,Tools_and_Home_Improvement,1605315983574
AG35BKPUEUMX7LV5YLOQ5YCQ3GOA,B0BH8X5QKR,Tools_and_Home_Improvement,1514397827393
AG35BKPUEUMX7LV5YLOQ5YCQ3GOA,B01ECHJ5PM,Tools_and_Home_Improvement,1487194086000
AG35BKPUEUMX7LV5YLOQ5YCQ3GOA,B001EYU8SU,Tools_and_Home_Improvement,1361832960000
AGKFRCDY4WBW4RH6GFYFJ3T3XBSA,B08B1BBBT8,Tools_and_Home_Improvement,1664647912373
AGKFRCDY4WBW4RH6GFYFJ3T3XBSA,B07WHBNY8Z,Tools_and_Home_Improvement,1588388283825
AGKFRCDY4WBW4RH6GFYFJ3T3XBSA,B07NQR8B3R,Tools_and_Home_Improvement,1585878138075
AGKFRCDY4WBW4RH6GFYFJ3T3XBSA,B0BL9DC3LD,Tools_and_Home_Improvement,1384886822000
AGKFRCDY4WBW4RH6GFYFJ3T3XBSA,B0006ZJPJ6,Tools_and_Home_Improvement,1302972872000
AHPUT3ITXCHQJO7OMF74LEMYHIVA,B00LLCA4HK,Tools_and_Home_Improvement,1615757896388
AHGAOIZVODNHYMNCBV4DECZH42UQ,B07P4MP4RG,Tools_and_Home_Improvement,1648506029427
AHGAOIZVODNHYMNCBV4DECZH42UQ,B082VS5JDY,Tools_and_Home_Improvement,1569259022333
AHGAOIZVODNHYMNCBV4DECZH42UQ,B07D29VQBM,Tools_and_Home_Improvement,1564589051673
AHGAOIZVODNHYMNCBV4DECZH42UQ,B07DKTVN8B,Tools_and_Home_Improvement,1552508451703
AHGAOIZVODNHYMNCBV4DECZH42UQ,B07BVX51JN,Tools_and_Home_Improvement,1552267436490
AHGAOIZVODNHYMNCBV4DECZH42UQ,B06XPSRG2X,Tools_and_Home_Improvement,1552147248208
AHGAOIZVODNHYMNCBV4DECZH42UQ,B07C2SKBJH,Tools_and_Home_Improvement,1523657175404
AHGAOIZVODNHYMNCBV4DECZH42UQ,B000RXE2L8,Tools_and_Home_Improvement,1523457444641
AHGAOIZVODNHYMNCBV4DECZH42UQ,B01LXNKXYH,Tools_and_Home_Improvement,1513557320695
AHGAOIZVODNHYMNCBV4DECZH42UQ,B010MHV2AC,Tools_and_Home_Improvement,1511200283223
AF5Z2RWMKZOTVIXDTOTYJKVJ7G2A,B08P6Q4QZH,Tools_and_Home_Improvement,1672080775215
AE7Y5RLYIKHOZB5NKKOEKYG2SPSQ,B0BM5HZ2TP,Tools_and_Home_Improvement,1672084211300
AE7Y5RLYIKHOZB5NKKOEKYG2SPSQ,B083Q6G22D,Tools_and_Home_Improvement,1663697018429
AE7Y5RLYIKHOZB5NKKOEKYG2SPSQ,B097G7LD9T,Tools_and_Home_Improvement,1655854188057
AE7Y5RLYIKHOZB5NKKOEKYG2SPSQ,B07HR51KCQ,Tools_and_Home_Improvement,1609652918959
AE7Y5RLYIKHOZB5NKKOEKYG2SPSQ,B07VVDC2XV,Tools_and_Home_Improvement,1608046073533
AE7Y5RLYIKHOZB5NKKOEKYG2SPSQ,B09XQMYG31,Tools_and_Home_Improvement,1608045874319
AE7Y5RLYIKHOZB5NKKOEKYG2SPSQ,B085BZPYXM,Tools_and_Home_Improvement,1608044890755
AE7Y5RLYIKHOZB5NKKOEKYG2SPSQ,B0BN1L1GLT,Tools_and_Home_Improvement,1608042488643
AFN4CBF7K45NM7AC4OKGZ2Z2E56Q,B08MQHQSKY,Tools_and_Home_Improvement,1610223604108
AEEPQNBGOQFIIR36NAUCIFL5F3MQ,B00LBGPMMI,Tools_and_Home_Improvement,1646239640738
AEEPQNBGOQFIIR36NAUCIFL5F3MQ,B087PDCV9Z,Tools_and_Home_Improvement,1617847195935
AGVWGLLS7SG3ZQTICDD7K6EAPRMQ,B085LKJWSW,Tools_and_Home_Improvement,1674979096472
AGVWGLLS7SG3ZQTICDD7K6EAPRMQ,B0BNBSLQ1J,Tools_and_Home_Improvement,1611434069891
AGVWGLLS7SG3ZQTICDD7K6EAPRMQ,B01DYPIZX6,Tools_and_Home_Improvement,1529534142027
AFGEM6BXCYHUILEOA3P2ZYBEF2TA,B002LSIFDI,Tools_and_Home_Improvement,1678386289633
AFGEM6BXCYHUILEOA3P2ZYBEF2TA,B094J249WW,Tools_and_Home_Improvement,1678291222708
AFGEM6BXCYHUILEOA3P2ZYBEF2TA,B081R1XH8W,Tools_and_Home_Improvement,1633128312086
AFGEM6BXCYHUILEOA3P2ZYBEF2TA,B0BTVQT956,Tools_and_Home_Improvement,1633128201735
AH7DSQKRNRX45EP42R364AWLJ3TQ,B09FG5SQ41,Tools_and_Home_Improvement,1533397801901
AH7DSQKRNRX45EP42R364AWLJ3TQ,B0C2VDCHD9,Tools_and_Home_Improvement,1528419212594
AH7DSQKRNRX45EP42R364AWLJ3TQ,B005A6B332,Tools_and_Home_Improvement,1393619832000
AH7DSQKRNRX45EP42R364AWLJ3TQ,B0C7FXMF3H,Tools_and_Home_Improvement,1367372581000
AHHBXLYVZCDODBPA2NTPSACJD6CA,B08JHH22L8,Tools_and_Home_Improvement,1610945639531
AHHBXLYVZCDODBPA2NTPSACJD6CA,B01265YQO2,Tools_and_Home_Improvement,1609458739015
AHHBXLYVZCDODBPA2NTPSACJD6CA,B087ZDXL6H,Tools_and_Home_Improvement,1591511384262
AHHBXLYVZCDODBPA2NTPSACJD6CA,B088KRCDKK,Tools_and_Home_Improvement,1591241422368
AHHBXLYVZCDODBPA2NTPSACJD6CA,B00H59CETE,Tools_and_Home_Improvement,1477892374000
AEYS7TG2WOZAB7NLRVGTM5XZIG3Q,B07CKYRPQC,Tools_and_Home_Improvement,1575014178830
AEYS7TG2WOZAB7NLRVGTM5XZIG3Q,B005FEGYJC,Tools_and_Home_Improvement,1572388547945
AEYS7TG2WOZAB7NLRVGTM5XZIG3Q,B0784Q93VX,Tools_and_Home_Improvement,1565892006990
AEYS7TG2WOZAB7NLRVGTM5XZIG3Q,B0C85MWBHJ,Tools_and_Home_Improvement,1564318613733
AEJUHOQNHKVHS5AZHFGBBVTL5ZWQ,B0C4NVBFYL,Tools_and_Home_Improvement,1547558966006
AEJUHOQNHKVHS5AZHFGBBVTL5ZWQ,B0BJQMWZ26,Tools_and_Home_Improvement,1522254773147
AEMO4BFY2UXCQE4XOFORK5EFFCDA,B07C9YXXLL,Tools_and_Home_Improvement,1676800840566
AEMO4BFY2UXCQE4XOFORK5EFFCDA,B0BGG5L5B5,Tools_and_Home_Improvement,1641803131011
AEMO4BFY2UXCQE4XOFORK5EFFCDA,B08WCB9LXG,Tools_and_Home_Improvement,1638253464303
AEXC2RWTZY5DQIVSVFXGUZANKMSQ,B00XMZL35Q,Tools_and_Home_Improvement,1670768332406
AHX4XWVVQUKT3FCNWCVASDF4Q56Q,B0BFPLRG9J,Tools_and_Home_Improvement,1677792974739
AHX4XWVVQUKT3FCNWCVASDF4Q56Q,B0B154PMP8,Tools_and_Home_Improvement,1675918753520
AHX4XWVVQUKT3FCNWCVASDF4Q56Q,B08CRLPGDL,Tools_and_Home_Improvement,1638981833654
AHX4XWVVQUKT3FCNWCVASDF4Q56Q,B0BTK4K7C6,Tools_and_Home_Improvement,1610219125902
AHX4XWVVQUKT3FCNWCVASDF4Q56Q,B001SQBH3E,Tools_and_Home_Improvement,1582428514198
AHX4XWVVQUKT3FCNWCVASDF4Q56Q,B00E9DY71W,Tools_and_Home_Improvement,1577586691354
AHX4XWVVQUKT3FCNWCVASDF4Q56Q,B00XKH06UY,Tools_and_Home_Improvement,1544795962348
AHX4XWVVQUKT3FCNWCVASDF4Q56Q,B001ARIXV0,Tools_and_Home_Improvement,1528149864741
AHX4XWVVQUKT3FCNWCVASDF4Q56Q,B09HQCVYZL,Tools_and_Home_Improvement,1511655658076
AHX4XWVVQUKT3FCNWCVASDF4Q56Q,B008BYQCI6,Tools_and_Home_Improvement,1466798874000
AHY7ZJB523OPTIKXRI63PS2V6FSQ,B07RQ3GMJC,Tools_and_Home_Improvement,1663957685902
AHY7ZJB523OPTIKXRI63PS2V6FSQ,B09QLRJQQN,Tools_and_Home_Improvement,1663957458752
AHY7ZJB523OPTIKXRI63PS2V6FSQ,B07MR7KB2T,Tools_and_Home_Improvement,1620733360100
AHY7ZJB523OPTIKXRI63PS2V6FSQ,B07SCCQKV4,Tools_and_Home_Improvement,1620733293160
AHY7ZJB523OPTIKXRI63PS2V6FSQ,B09377MSFG,Tools_and_Home_Improvement,1619127099485
AHY7ZJB523OPTIKXRI63PS2V6FSQ,B07V7S7YQF,Tools_and_Home_Improvement,1609438181405
AHY7ZJB523OPTIKXRI63PS2V6FSQ,B097PG68XP,Tools_and_Home_Improvement,1607371937311
AHY7ZJB523OPTIKXRI63PS2V6FSQ,B07SQ5P2RQ,Tools_and_Home_Improvement,1592090399153
AHY7ZJB523OPTIKXRI63PS2V6FSQ,B07DHLKJLW,Tools_and_Home_Improvement,1583588598454
AHY7ZJB523OPTIKXRI63PS2V6FSQ,B07KCKB69P,Tools_and_Home_Improvement,1583522395130
AHY7ZJB523OPTIKXRI63PS2V6FSQ,B09FXG97VM,Tools_and_Home_Improvement,1570393500412
AHY7ZJB523OPTIKXRI63PS2V6FSQ,B00HVGHRSE,Tools_and_Home_Improvement,1557959321988
AHY7ZJB523OPTIKXRI63PS2V6FSQ,B07CZXCYWR,Tools_and_Home_Improvement,1555783279435
AHY7ZJB523OPTIKXRI63PS2V6FSQ,B01K5ESMTG,Tools_and_Home_Improvement,1555430809586
AHY7ZJB523OPTIKXRI63PS2V6FSQ,B0BY2LDHXF,Tools_and_Home_Improvement,1540867333676
AHY7ZJB523OPTIKXRI63PS2V6FSQ,B07XRF4YWY,Tools_and_Home_Improvement,1532820594747
AHY7ZJB523OPTIKXRI63PS2V6FSQ,B0797Q96KX,Tools_and_Home_Improvement,1528804391514
AHY7ZJB523OPTIKXRI63PS2V6FSQ,B087K16BYB,Tools_and_Home_Improvement,1501117965324
AHY7ZJB523OPTIKXRI63PS2V6FSQ,B01G6HRYX6,Tools_and_Home_Improvement,1500664239173
AGMBLP4JLQK6M3UZQY655VZP73XA,B09SX5LXS2,Tools_and_Home_Improvement,1663888963064
AGMBLP4JLQK6M3UZQY655VZP73XA,B09VYHJC35,Tools_and_Home_Improvement,1557830540675
AGMBLP4JLQK6M3UZQY655VZP73XA,B0BZMXSQFZ,Tools_and_Home_Improvement,1509334554521
AHZ6XMOLEWA67S3TX7IWEXXGWSOA,B000LWAWWI,Tools_and_Home_Improvement,1657059888958
AHZ6XMOLEWA67S3TX7IWEXXGWSOA,B01M17XN71,Tools_and_Home_Improvement,1646702854654
AHZ6XMOLEWA67S3TX7IWEXXGWSOA,B0999BXRZC,Tools_and_Home_Improvement,1635633302811
AHZ6XMOLEWA67S3TX7IWEXXGWSOA,B009HTOSNA,Tools_and_Home_Improvement,1631377330870
AHZ6XMOLEWA67S3TX7IWEXXGWSOA,B0B6W86PRD,Tools_and_Home_Improvement,1629319682901
AHZ6XMOLEWA67S3TX7IWEXXGWSOA,B07RKL6NK8,Tools_and_Home_Improvement,1629318778640
AHZ6XMOLEWA67S3TX7IWEXXGWSOA,B07RSTY8R2,Tools_and_Home_Improvement,1628959282423
AHZ6XMOLEWA67S3TX7IWEXXGWSOA,B0BKRLBZ5H,Tools_and_Home_Improvement,1625506060660
AHZ6XMOLEWA67S3TX7IWEXXGWSOA,B07YN9JXNW,Tools_and_Home_Improvement,1625280869638
AHZ6XMOLEWA67S3TX7IWEXXGWSOA,B0BTYM39VH,Tools_and_Home_Improvement,1624295979500
AHZ6XMOLEWA67S3TX7IWEXXGWSOA,B07VF4WQPP,Tools_and_Home_Improvement,1617001145546
AHZ6XMOLEWA67S3TX7IWEXXGWSOA,B07PY9TVJ3,Tools_and_Home_Improvement,1611883133488
AHZ6XMOLEWA67S3TX7IWEXXGWSOA,B07ND2J1KD,Tools_and_Home_Improvement,1611881740601
AHZ6XMOLEWA67S3TX7IWEXXGWSOA,B0144NH5S8,Tools_and_Home_Improvement,1611881083231
AHZ6XMOLEWA67S3TX7IWEXXGWSOA,B09L7LMJ1X,Tools_and_Home_Improvement,1601159522529
AHZ6XMOLEWA67S3TX7IWEXXGWSOA,B09Q7GW6BL,Tools_and_Home_Improvement,1601159053805
AHZ6XMOLEWA67S3TX7IWEXXGWSOA,B073RD64PM,Tools_and_Home_Improvement,1582757169281
AHZ6XMOLEWA67S3TX7IWEXXGWSOA,B07M5J5GBF,Tools_and_Home_Improvement,1554417850736
AHZ6XMOLEWA67S3TX7IWEXXGWSOA,B000KKHL5W,Tools_and_Home_Improvement,1549866234555
AHZ6XMOLEWA67S3TX7IWEXXGWSOA,B0056OFWVM,Tools_and_Home_Improvement,1549865355955
AHZ6XMOLEWA67S3TX7IWEXXGWSOA,B074284B37,Tools_and_Home_Improvement,1549864025947
AHZ6XMOLEWA67S3TX7IWEXXGWSOA,B06XNMRH2P,Tools_and_Home_Improvement,1549863876968
AHZ6XMOLEWA67S3TX7IWEXXGWSOA,B06XKBS8DM,Tools_and_Home_Improvement,1543895432355
AHZ6XMOLEWA67S3TX7IWEXXGWSOA,B0714N576X,Tools_and_Home_Improvement,1538950934205
AHZ6XMOLEWA67S3TX7IWEXXGWSOA,B079HVST11,Tools_and_Home_Improvement,1538950635295
AHZ6XMOLEWA67S3TX7IWEXXGWSOA,B0BY2LDHXF,Tools_and_Home_Improvement,1533441846885
AHZ6XMOLEWA67S3TX7IWEXXGWSOA,B07BCWVS72,Tools_and_Home_Improvement,1528150853206
AHZ6XMOLEWA67S3TX7IWEXXGWSOA,B0761SHQKX,Tools_and_Home_Improvement,1528150360667
AHZ6XMOLEWA67S3TX7IWEXXGWSOA,B07XXKTGZ5,Tools_and_Home_Improvement,1527606741314
AHZ6XMOLEWA67S3TX7IWEXXGWSOA,B0B6JHXZ8P,Tools_and_Home_Improvement,1519950593334
AHZ6XMOLEWA67S3TX7IWEXXGWSOA,B09RQ1ZCDP,Tools_and_Home_Improvement,1503944931885
AHZ6XMOLEWA67S3TX7IWEXXGWSOA,B01F7TSCHQ,Tools_and_Home_Improvement,1503944477407
AHZ6XMOLEWA67S3TX7IWEXXGWSOA,B001KVMNPI,Tools_and_Home_Improvement,1502117876358
AHZ6XMOLEWA67S3TX7IWEXXGWSOA,B01KSSNKWI,Tools_and_Home_Improvement,1501376505375
AHZ6XMOLEWA67S3TX7IWEXXGWSOA,B0013XW1O6,Tools_and_Home_Improvement,1501376342470
AHZ6XMOLEWA67S3TX7IWEXXGWSOA,B01J51JZKA,Tools_and_Home_Improvement,1491624442000
AHZ6XMOLEWA67S3TX7IWEXXGWSOA,B002AR2V9Y,Tools_and_Home_Improvement,1482387661000
AHZ6XMOLEWA67S3TX7IWEXXGWSOA,B00XBWDCS6,Tools_and_Home_Improvement,1469401960000
AHZ6XMOLEWA67S3TX7IWEXXGWSOA,B008N0SB1O,Tools_and_Home_Improvement,1469401858000
AHZ6XMOLEWA67S3TX7IWEXXGWSOA,B01ARFLTZW,Tools_and_Home_Improvement,1467134666000
AHZ6XMOLEWA67S3TX7IWEXXGWSOA,B07BY16S6M,Tools_and_Home_Improvement,1465358626000
AHZ6XMOLEWA67S3TX7IWEXXGWSOA,B07VKQCS9F,Tools_and_Home_Improvement,1462027316000
AHZ6XMOLEWA67S3TX7IWEXXGWSOA,B07NYR1XCN,Tools_and_Home_Improvement,1459480747000
AHZ6XMOLEWA67S3TX7IWEXXGWSOA,B085JDMPYD,Tools_and_Home_Improvement,1449250662000
AHZ6XMOLEWA67S3TX7IWEXXGWSOA,B00HLOCEAM,Tools_and_Home_Improvement,1443572791000
AHZ6XMOLEWA67S3TX7IWEXXGWSOA,B0B99FS521,Tools_and_Home_Improvement,1443572691000
AHZ6XMOLEWA67S3TX7IWEXXGWSOA,B07WZQ882D,Tools_and_Home_Improvement,1442354154000
AHZ6XMOLEWA67S3TX7IWEXXGWSOA,B00871R9Z8,Tools_and_Home_Improvement,1442257807000
AHZ6XMOLEWA67S3TX7IWEXXGWSOA,B00871R9TY,Tools_and_Home_Improvement,1442257618000
AHZ6XMOLEWA67S3TX7IWEXXGWSOA,B002L162IK,Tools_and_Home_Improvement,1428098908000
AHZ6XMOLEWA67S3TX7IWEXXGWSOA,B00N7FL16M,Tools_and_Home_Improvement,1427731071000
AHZ6XMOLEWA67S3TX7IWEXXGWSOA,B07ZRTXSGZ,Tools_and_Home_Improvement,1419787648000
AHZ6XMOLEWA67S3TX7IWEXXGWSOA,B002SDNSF6,Tools_and_Home_Improvement,1406382377000
AHZ6XMOLEWA67S3TX7IWEXXGWSOA,B000078QJ1,Tools_and_Home_Improvement,1302025101000
AH6ZNRRCEEWR6P34CNLQ2LRLUU3Q,B01GOM2R44,Tools_and_Home_Improvement,1616699281774
AH6ZNRRCEEWR6P34CNLQ2LRLUU3Q,B005SUEEJ0,Tools_and_Home_Improvement,1611701211912
AH6ZNRRCEEWR6P34CNLQ2LRLUU3Q,B07TZJ99FY,Tools_and_Home_Improvement,1576800606817
AH6ZNRRCEEWR6P34CNLQ2LRLUU3Q,B00LJV1AEO,Tools_and_Home_Improvement,1576800466599
AH6ZNRRCEEWR6P34CNLQ2LRLUU3Q,B07WZRHL7C,Tools_and_Home_Improvement,1576280990532
AH6ZNRRCEEWR6P34CNLQ2LRLUU3Q,B074QLPQ28,Tools_and_Home_Improvement,1530741374610
AFZUK3MTBIBEDQOPAK3OATUOUKLA,B09L2PFM6W,Tools_and_Home_Improvement,1677520668941
AFZUK3MTBIBEDQOPAK3OATUOUKLA,B0BKWM3R7Z,Tools_and_Home_Improvement,1677520475655
AFZUK3MTBIBEDQOPAK3OATUOUKLA,B08RDKZ7JK,Tools_and_Home_Improvement,1677520145873
AFZUK3MTBIBEDQOPAK3OATUOUKLA,B0C7RDKBV2,Tools_and_Home_Improvement,1677518922525
AFZUK3MTBIBEDQOPAK3OATUOUKLA,B0B2M1T6MH,Tools_and_Home_Improvement,1674603608284
AFZUK3MTBIBEDQOPAK3OATUOUKLA,B07CNFGMW4,Tools_and_Home_Improvement,1673654322863
AFZUK3MTBIBEDQOPAK3OATUOUKLA,B01N7RBG4N,Tools_and_Home_Improvement,1672531975729
AFZUK3MTBIBEDQOPAK3OATUOUKLA,B08VPY8HKZ,Tools_and_Home_Improvement,1672526872267
AFZUK3MTBIBEDQOPAK3OATUOUKLA,B09R4RVZSG,Tools_and_Home_Improvement,1672070164255
AFZUK3MTBIBEDQOPAK3OATUOUKLA,B07ZR77XGZ,Tools_and_Home_Improvement,1671983648909
AFZUK3MTBIBEDQOPAK3OATUOUKLA,B0BG2FXCRC,Tools_and_Home_Improvement,1671848175151
AFZUK3MTBIBEDQOPAK3OATUOUKLA,B00DBU3ZHG,Tools_and_Home_Improvement,1671848023144
AFZUK3MTBIBEDQOPAK3OATUOUKLA,B078RVP3V1,Tools_and_Home_Improvement,1671846923225
AFZUK3MTBIBEDQOPAK3OATUOUKLA,B0BFL5FT1Y,Tools_and_Home_Improvement,1671846833011
AFZUK3MTBIBEDQOPAK3OATUOUKLA,B089P25QBB,Tools_and_Home_Improvement,1671846728492
AFZUK3MTBIBEDQOPAK3OATUOUKLA,B0BX91856L,Tools_and_Home_Improvement,1671846051129
AFZUK3MTBIBEDQOPAK3OATUOUKLA,B083FD3THN,Tools_and_Home_Improvement,1671845269715
AFZUK3MTBIBEDQOPAK3OATUOUKLA,B085B1NDND,Tools_and_Home_Improvement,1671733787843
AFZUK3MTBIBEDQOPAK3OATUOUKLA,B08XQBZVQK,Tools_and_Home_Improvement,1671724175616
AFZUK3MTBIBEDQOPAK3OATUOUKLA,B09MMGQNQ9,Tools_and_Home_Improvement,1670005528163
AFZUK3MTBIBEDQOPAK3OATUOUKLA,B0CF5R8QF2,Tools_and_Home_Improvement,1669503531354
AFZUK3MTBIBEDQOPAK3OATUOUKLA,B0C2TMVY1W,Tools_and_Home_Improvement,1668478237944
AFZUK3MTBIBEDQOPAK3OATUOUKLA,B08CST45YQ,Tools_and_Home_Improvement,1668017676188
AFZUK3MTBIBEDQOPAK3OATUOUKLA,B0BQBKPH5K,Tools_and_Home_Improvement,1668016877758
AFZUK3MTBIBEDQOPAK3OATUOUKLA,B0BVW62HW5,Tools_and_Home_Improvement,1668016637181
AFZUK3MTBIBEDQOPAK3OATUOUKLA,B0B7P51KRL,Tools_and_Home_Improvement,1668016570568
AFZUK3MTBIBEDQOPAK3OATUOUKLA,B000LDN0RQ,Tools_and_Home_Improvement,1667068872392
AFZUK3MTBIBEDQOPAK3OATUOUKLA,B097T4DPRX,Tools_and_Home_Improvement,1666146706725
AFZUK3MTBIBEDQOPAK3OATUOUKLA,B07VCHS4YX,Tools_and_Home_Improvement,1666146512515
AFZUK3MTBIBEDQOPAK3OATUOUKLA,B07X43RWCW,Tools_and_Home_Improvement,1665684528145
AFZUK3MTBIBEDQOPAK3OATUOUKLA,B08LGX3C9J,Tools_and_Home_Improvement,1665684440867
AFZUK3MTBIBEDQOPAK3OATUOUKLA,B09XKHR214,Tools_and_Home_Improvement,1665684341396
AFZUK3MTBIBEDQOPAK3OATUOUKLA,B0BFK1CWHT,Tools_and_Home_Improvement,1664302456844
AFZUK3MTBIBEDQOPAK3OATUOUKLA,B092LJF9VL,Tools_and_Home_Improvement,1664133413650
AFZUK3MTBIBEDQOPAK3OATUOUKLA,B08X71QF47,Tools_and_Home_Improvement,1664128562888
AFZUK3MTBIBEDQOPAK3OATUOUKLA,B01N4BUE1P,Tools_and_Home_Improvement,1661791353614
AFZUK3MTBIBEDQOPAK3OATUOUKLA,B07TLDL21Q,Tools_and_Home_Improvement,1661790701013
AFZUK3MTBIBEDQOPAK3OATUOUKLA,B09ZKSKZLS,Tools_and_Home_Improvement,1660701704381
AFZUK3MTBIBEDQOPAK3OATUOUKLA,B0BR61PH4Q,Tools_and_Home_Improvement,1659076650145
AFZUK3MTBIBEDQOPAK3OATUOUKLA,B0C3VHXNHG,Tools_and_Home_Improvement,1658602234618
AFZUK3MTBIBEDQOPAK3OATUOUKLA,B09SLLPLNC,Tools_and_Home_Improvement,1658602144930
AFZUK3MTBIBEDQOPAK3OATUOUKLA,B0C2PWBGPQ,Tools_and_Home_Improvement,1658601692146
AFZUK3MTBIBEDQOPAK3OATUOUKLA,B08Q2S9FRC,Tools_and_Home_Improvement,1658601548169
AFZUK3MTBIBEDQOPAK3OATUOUKLA,B0CDGDK9JR,Tools_and_Home_Improvement,1658596228180
AFZUK3MTBIBEDQOPAK3OATUOUKLA,B0BBGH1TV6,Tools_and_Home_Improvement,1658120512145
AFZUK3MTBIBEDQOPAK3OATUOUKLA,B00004T7SW,Tools_and_Home_Improvement,1658120360708
AFZUK3MTBIBEDQOPAK3OATUOUKLA,B00627C8ZU,Tools_and_Home_Improvement,1658120238862
AFZUK3MTBIBEDQOPAK3OATUOUKLA,B0B4ZZLPL5,Tools_and_Home_Improvement,1658120101207
AFZUK3MTBIBEDQOPAK3OATUOUKLA,B09BF1G34V,Tools_and_Home_Improvement,1657989278993
AFZUK3MTBIBEDQOPAK3OATUOUKLA,B07GTYS41H,Tools_and_Home_Improvement,1656182589443
AFZUK3MTBIBEDQOPAK3OATUOUKLA,B0B562DDL8,Tools_and_Home_Improvement,1656182345593
AFZUK3MTBIBEDQOPAK3OATUOUKLA,B0BZWY6CFH,Tools_and_Home_Improvement,1655848799226
AFZUK3MTBIBEDQOPAK3OATUOUKLA,B0918X5WH1,Tools_and_Home_Improvement,1654386595091
AFZUK3MTBIBEDQOPAK3OATUOUKLA,B082FTV4XL,Tools_and_Home_Improvement,1654386224799
AFZUK3MTBIBEDQOPAK3OATUOUKLA,B092W1C1TZ,Tools_and_Home_Improvement,1654056216281
AFZUK3MTBIBEDQOPAK3OATUOUKLA,B08NCMJXVH,Tools_and_Home_Improvement,1653777999808
AFZUK3MTBIBEDQOPAK3OATUOUKLA,B086D5WNGV,Tools_and_Home_Improvement,1653777948711
AFZUK3MTBIBEDQOPAK3OATUOUKLA,B01M0IX25D,Tools_and_Home_Improvement,1653777765439
AFZUK3MTBIBEDQOPAK3OATUOUKLA,B0185Y54PI,Tools_and_Home_Improvement,1653777640759
AFZUK3MTBIBEDQOPAK3OATUOUKLA,B0B117RFYZ,Tools_and_Home_Improvement,1653777549949
AFZUK3MTBIBEDQOPAK3OATUOUKLA,B0968CSK2P,Tools_and_Home_Improvement,1653776138973
AFZUK3MTBIBEDQOPAK3OATUOUKLA,B09TVR71ZZ,Tools_and_Home_Improvement,1652370159974
AFZUK3MTBIBEDQOPAK3OATUOUKLA,B082NRQMHP,Tools_and_Home_Improvement,1644728559511
AFZUK3MTBIBEDQOPAK3OATUOUKLA,B09B9SMB8S,Tools_and_Home_Improvement,1644726214067
AFZUK3MTBIBEDQOPAK3OATUOUKLA,B09CQ5G4CS,Tools_and_Home_Improvement,1644724838751
AFZUK3MTBIBEDQOPAK3OATUOUKLA,B096CX3CRJ,Tools_and_Home_Improvement,1644723900175
AFZUK3MTBIBEDQOPAK3OATUOUKLA,B0BN9LKMW2,Tools_and_Home_Improvement,1644723829093
AFZUK3MTBIBEDQOPAK3OATUOUKLA,B06XCDY9ZL,Tools_and_Home_Improvement,1644723713885
AFZUK3MTBIBEDQOPAK3OATUOUKLA,B0BMPYPDGZ,Tools_and_Home_Improvement,1644723420396
AFZUK3MTBIBEDQOPAK3OATUOUKLA,B07S896GLP,Tools_and_Home_Improvement,1644722794195
AFZUK3MTBIBEDQOPAK3OATUOUKLA,B08QMBB7XP,Tools_and_Home_Improvement,1644715743340
AFZUK3MTBIBEDQOPAK3OATUOUKLA,B08V16SZMQ,Tools_and_Home_Improvement,1644715429340
AFZUK3MTBIBEDQOPAK3OATUOUKLA,B07XNHRHCP,Tools_and_Home_Improvement,1644715264468
AFZUK3MTBIBEDQOPAK3OATUOUKLA,B09B7F8K4H,Tools_and_Home_Improvement,1644714837442
AFZUK3MTBIBEDQOPAK3OATUOUKLA,B0B176K4HF,Tools_and_Home_Improvement,1644714348769
AFZUK3MTBIBEDQOPAK3OATUOUKLA,B00JX8N412,Tools_and_Home_Improvement,1644711113258
AFZUK3MTBIBEDQOPAK3OATUOUKLA,B08C38223D,Tools_and_Home_Improvement,1644710804253
AFZUK3MTBIBEDQOPAK3OATUOUKLA,B09D513NCD,Tools_and_Home_Improvement,1642229805606
AFZUK3MTBIBEDQOPAK3OATUOUKLA,B06Y129YVY,Tools_and_Home_Improvement,1641412528440
AFZUK3MTBIBEDQOPAK3OATUOUKLA,B000B8GBBS,Tools_and_Home_Improvement,1641406252865
AFZUK3MTBIBEDQOPAK3OATUOUKLA,B07KVX9Y5V,Tools_and_Home_Improvement,1641404632191
AFZUK3MTBIBEDQOPAK3OATUOUKLA,B09P5428GH,Tools_and_Home_Improvement,1641404273402
AFZUK3MTBIBEDQOPAK3OATUOUKLA,B07QBZCST5,Tools_and_Home_Improvement,1641400517559
AFZUK3MTBIBEDQOPAK3OATUOUKLA,B0B81DQ86V,Tools_and_Home_Improvement,1638067553257
AFZUK3MTBIBEDQOPAK3OATUOUKLA,B098DYR3MH,Tools_and_Home_Improvement,1638037887492
AFZUK3MTBIBEDQOPAK3OATUOUKLA,B0B74871NK,Tools_and_Home_Improvement,1635310621320
AFZUK3MTBIBEDQOPAK3OATUOUKLA,B015W3C4Y4,Tools_and_Home_Improvement,1634249857755
AFZUK3MTBIBEDQOPAK3OATUOUKLA,B09F6153M6,Tools_and_Home_Improvement,1634249477700
AFZUK3MTBIBEDQOPAK3OATUOUKLA,B0C5MQVX3S,Tools_and_Home_Improvement,1634249224626
AFZUK3MTBIBEDQOPAK3OATUOUKLA,B08W5D98G1,Tools_and_Home_Improvement,1634071679987
AFZUK3MTBIBEDQOPAK3OATUOUKLA,B08NVJ6SB4,Tools_and_Home_Improvement,1634071550198
AFZUK3MTBIBEDQOPAK3OATUOUKLA,B0BCYPLCWF,Tools_and_Home_Improvement,1633410139244
AFZUK3MTBIBEDQOPAK3OATUOUKLA,B0BRFZ7P5G,Tools_and_Home_Improvement,1630957797900
AFZUK3MTBIBEDQOPAK3OATUOUKLA,B08TC1538Z,Tools_and_Home_Improvement,1630382345074
AFZUK3MTBIBEDQOPAK3OATUOUKLA,B08FMHRQ5Z,Tools_and_Home_Improvement,1630381932305
AFZUK3MTBIBEDQOPAK3OATUOUKLA,B08HWGKFCS,Tools_and_Home_Improvement,1630380100807
AFZUK3MTBIBEDQOPAK3OATUOUKLA,B0BWX4323Q,Tools_and_Home_Improvement,1630367850726
AFZUK3MTBIBEDQOPAK3OATUOUKLA,B09TGZGVSL,Tools_and_Home_Improvement,1630367119133
AFZUK3MTBIBEDQOPAK3OATUOUKLA,B088BL7VGT,Tools_and_Home_Improvement,1630364242666
AFZUK3MTBIBEDQOPAK3OATUOUKLA,B08F9KV87V,Tools_and_Home_Improvement,1628968742621
AFKZENTNBQ7A7V7UXW5JJI6UGRYQ,B09QH7QJS7,Toys_and_Games,1677939664713
AFKZENTNBQ7A7V7UXW5JJI6UGRYQ,B06XYKSKQP,Toys_and_Games,1639855230760
AFKZENTNBQ7A7V7UXW5JJI6UGRYQ,B07XRSD5R9,Toys_and_Games,1580949719154
AGKASBHYZPGTEPO6LWZPVJWB2BVA,B007JWWUDW,Toys_and_Games,1471542588000
AGKASBHYZPGTEPO6LWZPVJWB2BVA,B00MZG6OO8,Toys_and_Games,1471541996000
AGKASBHYZPGTEPO6LWZPVJWB2BVA,B00SO7HF6I,Toys_and_Games,1454676014000
AGKASBHYZPGTEPO6LWZPVJWB2BVA,B00TLEMSVK,Toys_and_Games,1454675785000
AGKASBHYZPGTEPO6LWZPVJWB2BVA,B006GBITXC,Toys_and_Games,1452647382000
AGCI7FAH4GL5FI65HYLKWTMFZ2CQ,B01N0UJMXF,Toys_and_Games,1547149990676
AGCI7FAH4GL5FI65HYLKWTMFZ2CQ,B0B4TML5B1,Toys_and_Games,1547149752207
AGCI7FAH4GL5FI65HYLKWTMFZ2CQ,B0784JYCKH,Toys_and_Games,1540489569266
AGCI7FAH4GL5FI65HYLKWTMFZ2CQ,B072XXDVYF,Toys_and_Games,1540489132943
AGCI7FAH4GL5FI65HYLKWTMFZ2CQ,B083F7H29S,Toys_and_Games,1473288935000
AGCI7FAH4GL5FI65HYLKWTMFZ2CQ,B0199PZFHE,Toys_and_Games,1473288888000
AGCI7FAH4GL5FI65HYLKWTMFZ2CQ,B01C6FRASG,Toys_and_Games,1456772324000
AGXVBIUFLFGMVLATYXHJYL4A5Q7Q,B07CVM9HNQ,Toys_and_Games,1607702581489
AGXVBIUFLFGMVLATYXHJYL4A5Q7Q,B00112IBAW,Toys_and_Games,1530556194258
AGXVBIUFLFGMVLATYXHJYL4A5Q7Q,B0758X48MH,Toys_and_Games,1513092896291
AEWUBEVXD7CKWOQ46K56K7BIQPBQ,B07D5ZL8WB,Toys_and_Games,1543855679087
AFTC6ZR5IKNRDG5JCPVNVMU3XV2Q,B006R2XVJ2,Toys_and_Games,1427591832000
AE74DYR3QUGVPZJ3P7RFWBGIX7XQ,B01AHOKF0S,Toys_and_Games,1646017585187
AE74DYR3QUGVPZJ3P7RFWBGIX7XQ,B094QKGZS8,Toys_and_Games,1638716736519
AE74DYR3QUGVPZJ3P7RFWBGIX7XQ,B07S7VQ8RZ,Toys_and_Games,1638716528994
AE74DYR3QUGVPZJ3P7RFWBGIX7XQ,B076Z6PQR4,Toys_and_Games,1638714852357
AE74DYR3QUGVPZJ3P7RFWBGIX7XQ,B07RY43BYJ,Toys_and_Games,1594489139313
AHITBJSS7KYUBVZPX7M2WJCOIVKQ,B07M682FPR,Toys_and_Games,1560027910507
AHVC23XPR4J63SSNSIRNG4H6AEWQ,B08NBB183N,Toys_and_Games,1590180653095
AF7OANMNHQJC3PD4HRPX2FATECPA,B0C3S7YP8C,Toys_and_Games,1603139542896
AFVNEEPDEIH5SPUN5BWC6NKL3WNQ,B0BB39ZWQT,Toys_and_Games,1651074289009
AFVNEEPDEIH5SPUN5BWC6NKL3WNQ,B00000IZKX,Toys_and_Games,1580573563816
AFVNEEPDEIH5SPUN5BWC6NKL3WNQ,B07BXMDF7G,Toys_and_Games,1580471265640
AFJTRBXMURLHS5EGNXLUHDHIZRFQ,B08LDHJ38P,Toys_and_Games,1670098661264
AFJTRBXMURLHS5EGNXLUHDHIZRFQ,B0C22M7TH5,Toys_and_Games,1618980815390
AHSPLDNW5OOUK2PLH7GXLACFBZNQ,B01GWYW0J6,Toys_and_Games,1554239790018
AHTTU2FL6FCNBBAESCJHOHHSSW7A,B0BZHVZQ3J,Toys_and_Games,1609962020675
AHTTU2FL6FCNBBAESCJHOHHSSW7A,B0973TKZTG,Toys_and_Games,1609960639481
AGXFEGMNVCSTSYYA5UWXDV7AFSXA,B00W8LBTMC,Toys_and_Games,1602100277630
AGXFEGMNVCSTSYYA5UWXDV7AFSXA,B00B4Z51TK,Toys_and_Games,1563637778875
AGXFEGMNVCSTSYYA5UWXDV7AFSXA,B0002HR6UI,Toys_and_Games,1529790216642
AGXFEGMNVCSTSYYA5UWXDV7AFSXA,B08T5V451W,Toys_and_Games,1529789805146
AFWHJ6O3PV4JC7PVOJH6CPULO2KQ,B08NXF7Q9C,Toys_and_Games,1576100256653
AFWHJ6O3PV4JC7PVOJH6CPULO2KQ,B07BMMX6C3,Toys_and_Games,1486091630000
AEZGPLOYTSAPR3DHZKKXEFPAXUAA,B07RHSZFCF,Toys_and_Games,1662258240336
AHCPZDDPHJE3G7M6ST5WGRPLXHOA,B07Z7H3JLS,Toys_and_Games,1582644307682
AHDZ3PFHIGTE7EOQBUMVRBFRMWJQ,B000J3ZVMK,Toys_and_Games,1647206780407
AHDZ3PFHIGTE7EOQBUMVRBFRMWJQ,B07LB6MSPZ,Toys_and_Games,1647206726422
AGCS6HSZBL6OPU4V4LD5H6GMBC4Q,B08CVTH56M,Toys_and_Games,1662663540039
AGCS6HSZBL6OPU4V4LD5H6GMBC4Q,B07K7V5WQN,Toys_and_Games,1555957922359
AHXBL3QDWZGJYH7A5CMPFNUPMF7Q,B0BBVDJVDX,Toys_and_Games,1678330340702
AHXBL3QDWZGJYH7A5CMPFNUPMF7Q,B01HHZHDF0,Toys_and_Games,1556331295966
AHXBL3QDWZGJYH7A5CMPFNUPMF7Q,B079SG4Z8M,Toys_and_Games,1545965525454
AHXBL3QDWZGJYH7A5CMPFNUPMF7Q,B00Y8YOVOA,Toys_and_Games,1521399158462
AHXBL3QDWZGJYH7A5CMPFNUPMF7Q,B0043SE83A,Toys_and_Games,1440207665000
AHXBL3QDWZGJYH7A5CMPFNUPMF7Q,B07NZ2ML7K,Toys_and_Games,1439060853000
AHXBL3QDWZGJYH7A5CMPFNUPMF7Q,B07QX93Z3C,Toys_and_Games,1435373643000
AHXBL3QDWZGJYH7A5CMPFNUPMF7Q,B07QX93Z3C,Toys_and_Games,1435373485000
AHXBL3QDWZGJYH7A5CMPFNUPMF7Q,1403751072,Toys_and_Games,1420511978000
AHOEIYJJHZ7ITX75BOFQYNXVVJQQ,B09FN4RZLH,Toys_and_Games,1674302210941
AHOEIYJJHZ7ITX75BOFQYNXVVJQQ,B00GCGBG9U,Toys_and_Games,1618263166930
AGFNKUPLGHJ7X5IRLMJBDIMCLMKA,B09BX3R1SF,Toys_and_Games,1631573917905
AGFNKUPLGHJ7X5IRLMJBDIMCLMKA,B07MTTSF8Q,Toys_and_Games,1600612552286
AGFNKUPLGHJ7X5IRLMJBDIMCLMKA,B08921XN6G,Toys_and_Games,1583860947390
AHLC5H2CEWSAOXOA53VIIROLPZKA,B09983RWDJ,Toys_and_Games,1567872391808
AEQAYV7RXZEBXMQIQPL6KCT2CFWQ,B08RXZD1Z2,Toys_and_Games,1642724554146
AEQAYV7RXZEBXMQIQPL6KCT2CFWQ,B07H4VXQYW,Toys_and_Games,1642723070924
AEQAYV7RXZEBXMQIQPL6KCT2CFWQ,B098NZ6NZQ,Toys_and_Games,1642721569701
AEQAYV7RXZEBXMQIQPL6KCT2CFWQ,B07FQ4T7N6,Toys_and_Games,1582477222936
AFNT6ZJCYQN3WDIKUSWHJDXNND2Q,B00KCVFKRA,Toys_and_Games,1677552710976
AEVPPTMG43C6GWSR7I2UGRQN7WFQ,B004SS5YDS,Toys_and_Games,1638907739798
AEVPPTMG43C6GWSR7I2UGRQN7WFQ,B07K8527R1,Toys_and_Games,1638907484842
AEVPPTMG43C6GWSR7I2UGRQN7WFQ,B0B8DSV6XT,Toys_and_Games,1630595242268
AEVPPTMG43C6GWSR7I2UGRQN7WFQ,B014V0I8LM,Toys_and_Games,1625195536718
AEVPPTMG43C6GWSR7I2UGRQN7WFQ,B072KPPJSN,Toys_and_Games,1610831783260
AEVPPTMG43C6GWSR7I2UGRQN7WFQ,B08CZQTBCY,Toys_and_Games,1604609025331
AHREXOGQPZDA6354MHH4ETSF3MCQ,B096NMWYDX,Toys_and_Games,1631885214677
AH6CATODIVPVUOJEWHRSRCSKAOHA,B07QSRYMJR,Toys_and_Games,1586703205429
AH6CATODIVPVUOJEWHRSRCSKAOHA,B01NBGIXG5,Toys_and_Games,1561746876589
AH6CATODIVPVUOJEWHRSRCSKAOHA,B00I8Z6GAM,Toys_and_Games,1520528304186
AH6CATODIVPVUOJEWHRSRCSKAOHA,B019RP6NSQ,Toys_and_Games,1501607724363
AH6CATODIVPVUOJEWHRSRCSKAOHA,B000J0OYJO,Toys_and_Games,1501006342922
AH6CATODIVPVUOJEWHRSRCSKAOHA,B00IFWSOWQ,Toys_and_Games,1499432151096
AH6CATODIVPVUOJEWHRSRCSKAOHA,B0722HHJT9,Toys_and_Games,1499431862237
AH6CATODIVPVUOJEWHRSRCSKAOHA,B08KQCK5Y1,Toys_and_Games,1465154841000
AH6CATODIVPVUOJEWHRSRCSKAOHA,B003NW9O7M,Toys_and_Games,1463153429000
AH6CATODIVPVUOJEWHRSRCSKAOHA,B00DCWM1M8,Toys_and_Games,1463153218000
AH6CATODIVPVUOJEWHRSRCSKAOHA,B00068Q7LC,Toys_and_Games,1463153057000
AH6CATODIVPVUOJEWHRSRCSKAOHA,B00G70DFC2,Toys_and_Games,1463152568000
AH6CATODIVPVUOJEWHRSRCSKAOHA,B08DR6G1MY,Toys_and_Games,1431641545000
AH6CATODIVPVUOJEWHRSRCSKAOHA,B003ZWDHXC,Toys_and_Games,1429798563000
AH6CATODIVPVUOJEWHRSRCSKAOHA,B005XVCPJ0,Toys_and_Games,1417576924000
AH6CATODIVPVUOJEWHRSRCSKAOHA,B00EIKW9G6,Toys_and_Games,1416395250000
AH6CATODIVPVUOJEWHRSRCSKAOHA,B004TT6RD2,Toys_and_Games,1414371371000
AH6CATODIVPVUOJEWHRSRCSKAOHA,B000CBURPU,Toys_and_Games,1414371300000
AH6CATODIVPVUOJEWHRSRCSKAOHA,B08NJSW98M,Toys_and_Games,1414371251000
AH6CATODIVPVUOJEWHRSRCSKAOHA,B005PPY2M2,Toys_and_Games,1414370335000
AH6CATODIVPVUOJEWHRSRCSKAOHA,B0077QAYL0,Toys_and_Games,1389809384000
AFGUPTDFAWOHHL4LZDV27ERDNOYQ,B078HZ5YLP,Toys_and_Games,1581972763069
AFGUPTDFAWOHHL4LZDV27ERDNOYQ,B09C81KB6K,Toys_and_Games,1581256063351
AFGUPTDFAWOHHL4LZDV27ERDNOYQ,B09QPXVW35,Toys_and_Games,1581014540004
AFGUPTDFAWOHHL4LZDV27ERDNOYQ,B07C8T3PH9,Toys_and_Games,1546661760709
AFGUPTDFAWOHHL4LZDV27ERDNOYQ,B07BMF3K48,Toys_and_Games,1544406204649
AFGUPTDFAWOHHL4LZDV27ERDNOYQ,B00M9ER4K4,Toys_and_Games,1544406127988
AHYIIOGHQYQNXYSSAOUSP4WYYBUA,B08GS4TVX3,Toys_and_Games,1620860951166
AEO4M665ZOCBF7HEFRMTUDHLSB5Q,B09NPJGN9N,Toys_and_Games,1625276507179
AFGGQCSEGPS7EKWJ4GG2L4LV4TKQ,B0199PZFHE,Toys_and_Games,1518664754652
AEKDF2ANHCJWJQSPSMPV5TNTNZJA,B07SYKPQH2,Toys_and_Games,1579500216895
AH6PLOGWYIVIWLJTY756BHNFD4YA,B000JXKWYC,Toys_and_Games,1407763103000
AH6PLOGWYIVIWLJTY756BHNFD4YA,B0018LAGZY,Toys_and_Games,1407762374000
AH6PLOGWYIVIWLJTY756BHNFD4YA,B00A1T6R8Y,Toys_and_Games,1356097165000
AGFETIUFABYTBKH3H237OWO2FLBA,B08K4696Y3,Toys_and_Games,1672513339006
AGFETIUFABYTBKH3H237OWO2FLBA,B073PVRSDL,Toys_and_Games,1671459304342
AGFETIUFABYTBKH3H237OWO2FLBA,B09JYTZJLZ,Toys_and_Games,1643670310150
AGFETIUFABYTBKH3H237OWO2FLBA,B08V196TD2,Toys_and_Games,1643479762196
AGFETIUFABYTBKH3H237OWO2FLBA,B092ZYNY42,Toys_and_Games,1643479413450
AGFETIUFABYTBKH3H237OWO2FLBA,B0B49TSJ65,Toys_and_Games,1636333761151
AGFETIUFABYTBKH3H237OWO2FLBA,B07GSZM4YM,Toys_and_Games,1636333642513
AEI4YPQZG6TZOWHDFP7I22S4MQZQ,B093QH5445,Toys_and_Games,1603038346198
AEYFU5FQAJYXFREC4KHQ34EGZ3LQ,B0C6RC3CMV,Toys_and_Games,1624746301585
AEINY4XOINMMJCK5GZ3M6MMHBN6A,B00C0G28QG,Toys_and_Games,1443991456000
AEINY4XOINMMJCK5GZ3M6MMHBN6A,B00JYD592I,Toys_and_Games,1418257249000
AE3Q6AEWP7Y7CH4N6IWEP4YBNP2A,B0B4RZLYSG,Toys_and_Games,1672347523317
AE3Q6AEWP7Y7CH4N6IWEP4YBNP2A,B011WY2ULY,Toys_and_Games,1669588618305
AE3Q6AEWP7Y7CH4N6IWEP4YBNP2A,B079YGNQ6K,Toys_and_Games,1646013305914
AEJDETWITK2KGACH7FUBMY33PPSQ,B075K5ZQNB,Toys_and_Games,1522958493399
AGSMNIT5YGSO35M2YRIE2OZIOSUQ,B08JMCX716,Toys_and_Games,1622424800533
AFSKPY37N3C43SOI5IEXEK5JSIYA,B0BYP2J5PJ,Toys_and_Games,1659359123739
AFSKPY37N3C43SOI5IEXEK5JSIYA,B0C4QBJMMG,Toys_and_Games,1649242014939
AFSKPY37N3C43SOI5IEXEK5JSIYA,B0912NYVDB,Toys_and_Games,1634476483105
AFSKPY37N3C43SOI5IEXEK5JSIYA,B0C53NTBYC,Toys_and_Games,1626032744566
AFSKPY37N3C43SOI5IEXEK5JSIYA,B09BPVNT2D,Toys_and_Games,1623702037773
AFSKPY37N3C43SOI5IEXEK5JSIYA,B08N5Y5NDJ,Toys_and_Games,1610498519836
AFSKPY37N3C43SOI5IEXEK5JSIYA,B08HW5CFD8,Toys_and_Games,1607903858198
AFSKPY37N3C43SOI5IEXEK5JSIYA,B08BCSJDHW,Toys_and_Games,1594333078540
AFSKPY37N3C43SOI5IEXEK5JSIYA,B087D3SS6C,Toys_and_Games,1594075868842
AFSKPY37N3C43SOI5IEXEK5JSIYA,B07X1M4LSH,Toys_and_Games,1573477166603
AFSKPY37N3C43SOI5IEXEK5JSIYA,B07V2R6S83,Toys_and_Games,1565783352183
AFSKPY37N3C43SOI5IEXEK5JSIYA,B07TR4N59X,Toys_and_Games,1565778061492
AFSKPY37N3C43SOI5IEXEK5JSIYA,B07QDRV9V3,Toys_and_Games,1565173984584
AFSKPY37N3C43SOI5IEXEK5JSIYA,B01GBY6Z5M,Toys_and_Games,1507736969047
AFSKPY37N3C43SOI5IEXEK5JSIYA,B01J3AK1YC,Toys_and_Games,1475503312000
AFSKPY37N3C43SOI5IEXEK5JSIYA,B00WO6P364,Toys_and_Games,1441492849000
AFSKPY37N3C43SOI5IEXEK5JSIYA,B00VJKT1SW,Toys_and_Games,1441191461000
AFSKPY37N3C43SOI5IEXEK5JSIYA,B00T03TATA,Toys_and_Games,1435584021000
AFSKPY37N3C43SOI5IEXEK5JSIYA,B00TU5395E,Toys_and_Games,1433356996000
AFSKPY37N3C43SOI5IEXEK5JSIYA,B00MXT4SZ4,Toys_and_Games,1432202412000
AFSKPY37N3C43SOI5IEXEK5JSIYA,B00MXT4TDK,Toys_and_Games,1432202337000
AFSKPY37N3C43SOI5IEXEK5JSIYA,B00NBVTHL8,Toys_and_Games,1428758904000
AFSKPY37N3C43SOI5IEXEK5JSIYA,B006ZPO5AK,Toys_and_Games,1428246683000
AFSKPY37N3C43SOI5IEXEK5JSIYA,B09PM4PZ44,Toys_and_Games,1426169744000
AFSKPY37N3C43SOI5IEXEK5JSIYA,B0BVW59TRK,Toys_and_Games,1423923907000
AFSKPY37N3C43SOI5IEXEK5JSIYA,B0BNN5XQTS,Toys_and_Games,1411652871000
AFSKPY37N3C43SOI5IEXEK5JSIYA,B00I19QREA,Toys_and_Games,1411222257000
AFSKPY37N3C43SOI5IEXEK5JSIYA,B089DT5CWS,Toys_and_Games,1409314097000
AFSKPY37N3C43SOI5IEXEK5JSIYA,B0050QQUS0,Toys_and_Games,1361972276000
AFSKPY37N3C43SOI5IEXEK5JSIYA,B006OJM5P4,Toys_and_Games,1353358754000
AFSKPY37N3C43SOI5IEXEK5JSIYA,B0002HR3L0,Toys_and_Games,1336570671000
AEBQTMAMKQWHOLTR4CYXKKZWXSMA,B07L8RZC3C,Toys_and_Games,1608255212535
AGCIVNDDRX3PXIUINEG4NCRGWCRA,B0B2N7L527,Toys_and_Games,1561413199778
AGCIVNDDRX3PXIUINEG4NCRGWCRA,B08M9T8PHT,Toys_and_Games,1427131063000
AGCIVNDDRX3PXIUINEG4NCRGWCRA,B00FS2UAHS,Toys_and_Games,1406915660000
AFGNIWCBLQT2QIXXKIW7Q6VREZRQ,B01N2SS5VS,Toys_and_Games,1540233180793
AFUOYIZBU3MTBOLYKOJE5Z35MBDA,B09VX89WPH,Toys_and_Games,1667504944247
AFUOYIZBU3MTBOLYKOJE5Z35MBDA,B09XJWYSCY,Toys_and_Games,1667502894108
AFUOYIZBU3MTBOLYKOJE5Z35MBDA,B015EB29YY,Toys_and_Games,1460418814000
AG35BKPUEUMX7LV5YLOQ5YCQ3GOA,B0BLZRBZVF,Toys_and_Games,1678551540429
AG35BKPUEUMX7LV5YLOQ5YCQ3GOA,B0B15JR6J6,Toys_and_Games,1556677115062
AG35BKPUEUMX7LV5YLOQ5YCQ3GOA,B005I4YZPY,Toys_and_Games,1467027760000
AG35BKPUEUMX7LV5YLOQ5YCQ3GOA,B004YEFPVW,Toys_and_Games,1389800428000
AG35BKPUEUMX7LV5YLOQ5YCQ3GOA,B00C2SJ7WU,Toys_and_Games,1389799545000
AGKFRCDY4WBW4RH6GFYFJ3T3XBSA,B00G9Y1DMK,Toys_and_Games,1607268556166
AGKFRCDY4WBW4RH6GFYFJ3T3XBSA,B07C39G2JN,Toys_and_Games,1543460642700
AGKFRCDY4WBW4RH6GFYFJ3T3XBSA,B011PKPYGS,Toys_and_Games,1505096682247
AGKFRCDY4WBW4RH6GFYFJ3T3XBSA,B0CBQM7TWB,Toys_and_Games,1438498506000
AGKFRCDY4WBW4RH6GFYFJ3T3XBSA,B0042WPUD4,Toys_and_Games,1431457944000
AGKFRCDY4WBW4RH6GFYFJ3T3XBSA,B004PZZCSG,Toys_and_Games,1428517060000
AGKFRCDY4WBW4RH6GFYFJ3T3XBSA,B08MS5DKXK,Toys_and_Games,1428517055000
AGKFRCDY4WBW4RH6GFYFJ3T3XBSA,B0039X51NG,Toys_and_Games,1428517053000
AGKFRCDY4WBW4RH6GFYFJ3T3XBSA,B0037Z8DEK,Toys_and_Games,1400628871000
AGKFRCDY4WBW4RH6GFYFJ3T3XBSA,B0C1CYC8H8,Toys_and_Games,1384886692000
AGKFRCDY4WBW4RH6GFYFJ3T3XBSA,B0051POK1E,Toys_and_Games,1349835065000
AHGAOIZVODNHYMNCBV4DECZH42UQ,B07FMH1YQJ,Toys_and_Games,1608759816530
AHGAOIZVODNHYMNCBV4DECZH42UQ,B07T28MDT6,Toys_and_Games,1607313819854
AHGAOIZVODNHYMNCBV4DECZH42UQ,B07TDK7KL3,Toys_and_Games,1607313779794
AHGAOIZVODNHYMNCBV4DECZH42UQ,B000EF5JC0,Toys_and_Games,1548372556884
AHGAOIZVODNHYMNCBV4DECZH42UQ,B004Q24Z5E,Toys_and_Games,1548372250864
AHGAOIZVODNHYMNCBV4DECZH42UQ,B0006NGVKY,Toys_and_Games,1547391830384
AHGAOIZVODNHYMNCBV4DECZH42UQ,B000J1GTZA,Toys_and_Games,1546627857954
AHGAOIZVODNHYMNCBV4DECZH42UQ,B0007QO4ZE,Toys_and_Games,1545839940304
AHGAOIZVODNHYMNCBV4DECZH42UQ,B00587A3VG,Toys_and_Games,1545667145252
AHGAOIZVODNHYMNCBV4DECZH42UQ,B0006NGVL8,Toys_and_Games,1545261203112
AHGAOIZVODNHYMNCBV4DECZH42UQ,B004YTND3E,Toys_and_Games,1524952272441
AHGAOIZVODNHYMNCBV4DECZH42UQ,B004M42ER2,Toys_and_Games,1520022171568
AHGAOIZVODNHYMNCBV4DECZH42UQ,B07N29HQMN,Toys_and_Games,1512147296819
AHGAOIZVODNHYMNCBV4DECZH42UQ,B00ANKD7V6,Toys_and_Games,1511200365563
AHGAOIZVODNHYMNCBV4DECZH42UQ,B01B1WMP2Q,Toys_and_Games,1509575586535
AHGAOIZVODNHYMNCBV4DECZH42UQ,B00161UO62,Toys_and_Games,1509385973757
AF5Z2RWMKZOTVIXDTOTYJKVJ7G2A,B081DKMW1Z,Toys_and_Games,1615973782508
AF5Z2RWMKZOTVIXDTOTYJKVJ7G2A,B09LKRC4JM,Toys_and_Games,1603168106464
AGOVW6NFUETMVWLUT4YFJGTSBH3Q,B01N7P5MAZ,Toys_and_Games,1551988475486
AE7Y5RLYIKHOZB5NKKOEKYG2SPSQ,B07F914D17,Toys_and_Games,1630193061829
AE7Y5RLYIKHOZB5NKKOEKYG2SPSQ,B09L6Y11YS,Toys_and_Games,1623617299766
AE7Y5RLYIKHOZB5NKKOEKYG2SPSQ,B00HT5HBMO,Toys_and_Games,1604892178435
AEEPQNBGOQFIIR36NAUCIFL5F3MQ,B0B4DBT6M4,Toys_and_Games,1672189099522
AFGEM6BXCYHUILEOA3P2ZYBEF2TA,B07STGLCCM,Toys_and_Games,1674875987792
AFGEM6BXCYHUILEOA3P2ZYBEF2TA,B0BJXXBSTG,Toys_and_Games,1674875874341
AFGEM6BXCYHUILEOA3P2ZYBEF2TA,B07Z8N2X8G,Toys_and_Games,1674602150624
AFGEM6BXCYHUILEOA3P2ZYBEF2TA,B01BHFXQ70,Toys_and_Games,1674199009260
AFGEM6BXCYHUILEOA3P2ZYBEF2TA,B078J3PQHP,Toys_and_Games,1674198923219
AFGEM6BXCYHUILEOA3P2ZYBEF2TA,B0928Q34DN,Toys_and_Games,1664239761054
AFGEM6BXCYHUILEOA3P2ZYBEF2TA,B0953YFR2M,Toys_and_Games,1632199942193
AE72A3F2N3PVD4CJM527Z4N6CN2A,B087BTBFLQ,Toys_and_Games,1677879107431
AE72A3F2N3PVD4CJM527Z4N6CN2A,B0829FT44S,Toys_and_Games,1677877771501
AE72A3F2N3PVD4CJM527Z4N6CN2A,B09JL3RJH9,Toys_and_Games,1621197221224
AHHBXLYVZCDODBPA2NTPSACJD6CA,B08GYNK5VX,Toys_and_Games,1641360986971
AHHBXLYVZCDODBPA2NTPSACJD6CA,B09NTXBJDM,Toys_and_Games,1641359941002
AHHBXLYVZCDODBPA2NTPSACJD6CA,B079T6YQWV,Toys_and_Games,1641357796046
AHHBXLYVZCDODBPA2NTPSACJD6CA,B00W738WBW,Toys_and_Games,1513541209687
AEBEMKCZEMUFCPGTHMPVILJ7Z5VA,B0168KZP2S,Toys_and_Games,1478976982000
AE2DWV6OPSOUHDZEZQBC2MRYAOXA,B07Z38QXJF,Toys_and_Games,1674000280774
AE2DWV6OPSOUHDZEZQBC2MRYAOXA,B09SFDXCQH,Toys_and_Games,1674000046253
AE2DWV6OPSOUHDZEZQBC2MRYAOXA,B08PVKG391,Toys_and_Games,1668952644528
AE2DWV6OPSOUHDZEZQBC2MRYAOXA,B07B72KN9N,Toys_and_Games,1658530639055
AE2DWV6OPSOUHDZEZQBC2MRYAOXA,B08J6LZQZ6,Toys_and_Games,1635117243772
AE2DWV6OPSOUHDZEZQBC2MRYAOXA,B08JZGBFLF,Toys_and_Games,1617971163206
AE2DWV6OPSOUHDZEZQBC2MRYAOXA,B07DK2M9WZ,Toys_and_Games,1617396748001
AE2DWV6OPSOUHDZEZQBC2MRYAOXA,B0C82XC86B,Toys_and_Games,1597635230165
AEYS7TG2WOZAB7NLRVGTM5XZIG3Q,B075KH9WJT,Toys_and_Games,1575012242459
AH2B7RFJ3JIFZX5A52WKNH2MVTYA,B0BMTTTY4N,Toys_and_Games,1401977994000
AEOKAIB6OJVB5FRZGLEB3YAK5UBQ,B006RQ8U8A,Toys_and_Games,1539488277542
AEMO4BFY2UXCQE4XOFORK5EFFCDA,B091J5HX61,Toys_and_Games,1654560907243
AEXC2RWTZY5DQIVSVFXGUZANKMSQ,B0C153BKWK,Toys_and_Games,1621612503213
AHX4XWVVQUKT3FCNWCVASDF4Q56Q,B08K7D7MY2,Toys_and_Games,1616602212135
AHX4XWVVQUKT3FCNWCVASDF4Q56Q,B09SJV86W4,Toys_and_Games,1583094047421
AHY7ZJB523OPTIKXRI63PS2V6FSQ,B08R9JKX6Z,Toys_and_Games,1663957588884
AHY7ZJB523OPTIKXRI63PS2V6FSQ,B07TK28SCD,Toys_and_Games,1613245223414
AHY7ZJB523OPTIKXRI63PS2V6FSQ,B07ZZKY5SC,Toys_and_Games,1593222503042
AHY7ZJB523OPTIKXRI63PS2V6FSQ,B08GKBGQ7P,Toys_and_Games,1555783606530
AEYEP6B5W5QBNMM4OBQBQJDJ63SA,B079YBQMB2,Toys_and_Games,1567014916886
AEVZVWZP3S2J57XSTFN5LPQNOONA,B06XFMNN2G,Toys_and_Games,1636060782603
AGMBLP4JLQK6M3UZQY655VZP73XA,B07PJLJRQ3,Toys_and_Games,1571461186499
AGMBLP4JLQK6M3UZQY655VZP73XA,B00ARI59YM,Toys_and_Games,1547755843025
AHZ6XMOLEWA67S3TX7IWEXXGWSOA,B079YVF6FB,Toys_and_Games,1650557844873
AHZ6XMOLEWA67S3TX7IWEXXGWSOA,B0897QPHNW,Toys_and_Games,1634167879640
AHZ6XMOLEWA67S3TX7IWEXXGWSOA,B00GSL9MBS,Toys_and_Games,1629319013916
AHZ6XMOLEWA67S3TX7IWEXXGWSOA,B08J6LZQZ6,Toys_and_Games,1629317409404
AHZ6XMOLEWA67S3TX7IWEXXGWSOA,B07RXQ3GKH,Toys_and_Games,1618242458935
AHZ6XMOLEWA67S3TX7IWEXXGWSOA,B0006B2Q50,Toys_and_Games,1543896075496
AHZ6XMOLEWA67S3TX7IWEXXGWSOA,B0BM4X8G2C,Toys_and_Games,1510864399236
AHZ6XMOLEWA67S3TX7IWEXXGWSOA,B00FG3QE60,Toys_and_Games,1496779288000
AHZ6XMOLEWA67S3TX7IWEXXGWSOA,B00PESXM08,Toys_and_Games,1484262338000
AHZ6XMOLEWA67S3TX7IWEXXGWSOA,B00RWVEKZ6,Toys_and_Games,1484262314000
AHZ6XMOLEWA67S3TX7IWEXXGWSOA,B003CUWER2,Toys_and_Games,1483914563000
AHZ6XMOLEWA67S3TX7IWEXXGWSOA,B07N29HQMN,Toys_and_Games,1483914463000
AHZ6XMOLEWA67S3TX7IWEXXGWSOA,B004ZPENP4,Toys_and_Games,1432831787000
AFZUK3MTBIBEDQOPAK3OATUOUKLA,B0995XN9DR,Toys_and_Games,1671729108413
AFZUK3MTBIBEDQOPAK3OATUOUKLA,B0B6ZHZZK6,Toys_and_Games,1671723342946
AFZUK3MTBIBEDQOPAK3OATUOUKLA,B000FGECAI,Toys_and_Games,1669495872998
AFZUK3MTBIBEDQOPAK3OATUOUKLA,B09QY5F9ZY,Toys_and_Games,1669495562903
AFZUK3MTBIBEDQOPAK3OATUOUKLA,B08HDHVC4Q,Toys_and_Games,1666145438947
AFZUK3MTBIBEDQOPAK3OATUOUKLA,B0C42P1LGC,Toys_and_Games,1665684655316
AFZUK3MTBIBEDQOPAK3OATUOUKLA,B0016ISNW2,Toys_and_Games,1657987679027
AFZUK3MTBIBEDQOPAK3OATUOUKLA,B07BDRZHGL,Toys_and_Games,1657861134577
AFZUK3MTBIBEDQOPAK3OATUOUKLA,B097BPPJV4,Toys_and_Games,1657860677050
AFZUK3MTBIBEDQOPAK3OATUOUKLA,B08TD16P7T,Toys_and_Games,1657860179499
AFZUK3MTBIBEDQOPAK3OATUOUKLA,B0C5WY1HDD,Toys_and_Games,1655848229693
AFZUK3MTBIBEDQOPAK3OATUOUKLA,B01AW5V7PE,Toys_and_Games,1655758842922
AFZUK3MTBIBEDQOPAK3OATUOUKLA,B07D6YVV9J,Toys_and_Games,1655757497914
AFZUK3MTBIBEDQOPAK3OATUOUKLA,B094HYD64Z,Toys_and_Games,1655152802232
AFZUK3MTBIBEDQOPAK3OATUOUKLA,B00T03TATA,Toys_and_Games,1654623277605
AFZUK3MTBIBEDQOPAK3OATUOUKLA,B0BJ18W7B8,Toys_and_Games,1651110140669
AFZUK3MTBIBEDQOPAK3OATUOUKLA,B0C74S2B2B,Toys_and_Games,1649385214516
AFZUK3MTBIBEDQOPAK3OATUOUKLA,B0C74S2B2B,Toys_and_Games,1648016072605
AFZUK3MTBIBEDQOPAK3OATUOUKLA,B084K4DY6M,Toys_and_Games,1644708369394
AFZUK3MTBIBEDQOPAK3OATUOUKLA,B08VSFMQQF,Toys_and_Games,1642713366694
AFZUK3MTBIBEDQOPAK3OATUOUKLA,B0BHBF41WG,Toys_and_Games,1641421229824
AFZUK3MTBIBEDQOPAK3OATUOUKLA,B0863FPYMB,Toys_and_Games,1641420907234
AFZUK3MTBIBEDQOPAK3OATUOUKLA,B009WLPEJA,Toys_and_Games,1641419362910
AFZUK3MTBIBEDQOPAK3OATUOUKLA,B09JB51T9Y,Toys_and_Games,1641412115906
AFZUK3MTBIBEDQOPAK3OATUOUKLA,B0BVTRJ4VR,Toys_and_Games,1641405246021
AFZUK3MTBIBEDQOPAK3OATUOUKLA,B07TR4N59X,Toys_and_Games,1641399407908
AFZUK3MTBIBEDQOPAK3OATUOUKLA,B096Z5ZCYK,Toys_and_Games,1641398648420
AFZUK3MTBIBEDQOPAK3OATUOUKLA,B09976J898,Toys_and_Games,1641398030340
AFZUK3MTBIBEDQOPAK3OATUOUKLA,B08WQY5WD5,Toys_and_Games,1639442250391
AFZUK3MTBIBEDQOPAK3OATUOUKLA,B092DTGGXZ,Toys_and_Games,1639440942925
AFZUK3MTBIBEDQOPAK3OATUOUKLA,B08MD81R7J,Toys_and_Games,1638941657284
AFZUK3MTBIBEDQOPAK3OATUOUKLA,B07WGWD59K,Toys_and_Games,1638676535390
AFZUK3MTBIBEDQOPAK3OATUOUKLA,B0C1FYLV1B,Toys_and_Games,1638068201681
AFZUK3MTBIBEDQOPAK3OATUOUKLA,B07KY2HBCM,Toys_and_Games,1638048793802
AFZUK3MTBIBEDQOPAK3OATUOUKLA,B08YDR59GX,Toys_and_Games,1638048662856
AFZUK3MTBIBEDQOPAK3OATUOUKLA,B09K77SLDQ,Toys_and_Games,1638038851120
AFZUK3MTBIBEDQOPAK3OATUOUKLA,B098TD9F6K,Toys_and_Games,1638038693599
AFZUK3MTBIBEDQOPAK3OATUOUKLA,B005GLISE8,Toys_and_Games,1638037779205
AFZUK3MTBIBEDQOPAK3OATUOUKLA,B097NJ4KNS,Toys_and_Games,1633209106391
AFZUK3MTBIBEDQOPAK3OATUOUKLA,B073WMC2K9,Toys_and_Games,1633033610078
AFZUK3MTBIBEDQOPAK3OATUOUKLA,B08DHDQ8XR,Toys_and_Games,1627190792982
AFZUK3MTBIBEDQOPAK3OATUOUKLA,B079SY3SW9,Toys_and_Games,1627187283063
AFZUK3MTBIBEDQOPAK3OATUOUKLA,B07VJ1MYB5,Toys_and_Games,1625599697419
AFZUK3MTBIBEDQOPAK3OATUOUKLA,B08TBDJ7ND,Toys_and_Games,1624910767765
AFZUK3MTBIBEDQOPAK3OATUOUKLA,B07SXT7K56,Toys_and_Games,1624910722351
AFZUK3MTBIBEDQOPAK3OATUOUKLA,B08GY29J3N,Toys_and_Games,1624910661954
AFZUK3MTBIBEDQOPAK3OATUOUKLA,B0998RVRHH,Toys_and_Games,1624907644424
AFZUK3MTBIBEDQOPAK3OATUOUKLA,B0BCKBWDJR,Toys_and_Games,1624907124998
AFZUK3MTBIBEDQOPAK3OATUOUKLA,B0978PKKWD,Toys_and_Games,1623962744856
AFZUK3MTBIBEDQOPAK3OATUOUKLA,B0982S2MBC,Toys_and_Games,1620866298731
AFZUK3MTBIBEDQOPAK3OATUOUKLA,B0BNDHFWHH,Toys_and_Games,1609350259241
AFZUK3MTBIBEDQOPAK3OATUOUKLA,B07G1B9KDP,Toys_and_Games,1606862666871
AFZUK3MTBIBEDQOPAK3OATUOUKLA,B0B4V3TG9M,Toys_and_Games,1605379974676
AFZUK3MTBIBEDQOPAK3OATUOUKLA,B00OEHS4KI,Toys_and_Games,1605379798019
AFZUK3MTBIBEDQOPAK3OATUOUKLA,B00B4WIZ2I,Toys_and_Games,1605379711364
AFZUK3MTBIBEDQOPAK3OATUOUKLA,B0C3S7YP8C,Toys_and_Games,1605379649045
AFZUK3MTBIBEDQOPAK3OATUOUKLA,B00NQQTXW6,Toys_and_Games,1603245777834
AFZUK3MTBIBEDQOPAK3OATUOUKLA,B0C8WGG2SP,Toys_and_Games,1602889700801
AFZUK3MTBIBEDQOPAK3OATUOUKLA,B09S18WR9X,Toys_and_Games,1602889212204
AFZUK3MTBIBEDQOPAK3OATUOUKLA,B083GP2XRQ,Toys_and_Games,1602889032342
AFZUK3MTBIBEDQOPAK3OATUOUKLA,B07KK6R24W,Toys_and_Games,1598923839989
AFZUK3MTBIBEDQOPAK3OATUOUKLA,B06XTT996G,Toys_and_Games,1596148922861
AFZUK3MTBIBEDQOPAK3OATUOUKLA,B098NRC4MW,Toys_and_Games,1595647575581
AFZUK3MTBIBEDQOPAK3OATUOUKLA,B07QB8PNKD,Toys_and_Games,1594349133874
AFZUK3MTBIBEDQOPAK3OATUOUKLA,B08CY4VDV9,Toys_and_Games,1594020606637
AFZUK3MTBIBEDQOPAK3OATUOUKLA,B01CRIARDC,Toys_and_Games,1594020381327
AFZUK3MTBIBEDQOPAK3OATUOUKLA,B07VWPN3FC,Toys_and_Games,1593794142824
AFZUK3MTBIBEDQOPAK3OATUOUKLA,B07CC4JG62,Toys_and_Games,1593793956282
AFZUK3MTBIBEDQOPAK3OATUOUKLA,B07RXV5G65,Toys_and_Games,1593793752672
AFZUK3MTBIBEDQOPAK3OATUOUKLA,B01A642J9E,Toys_and_Games,1593737116872
AFZUK3MTBIBEDQOPAK3OATUOUKLA,B07R55R85H,Toys_and_Games,1593736990261
AFZUK3MTBIBEDQOPAK3OATUOUKLA,B07YNWYPYN,Toys_and_Games,1593736748521
AFZUK3MTBIBEDQOPAK3OATUOUKLA,B08C9TZTQS,Toys_and_Games,1593324031663
AFZUK3MTBIBEDQOPAK3OATUOUKLA,B07MWGZKCB,Toys_and_Games,1593046259610
AFZUK3MTBIBEDQOPAK3OATUOUKLA,B0BCWT5JX8,Toys_and_Games,1592272931572
AFZUK3MTBIBEDQOPAK3OATUOUKLA,B07P23QKQX,Toys_and_Games,1591918287333
AFZUK3MTBIBEDQOPAK3OATUOUKLA,B002NC9V3A,Toys_and_Games,1589395066454
AFZUK3MTBIBEDQOPAK3OATUOUKLA,B01FV1BU6K,Toys_and_Games,1587970265649
AFZUK3MTBIBEDQOPAK3OATUOUKLA,B00062J99K,Toys_and_Games,1587969814744
AFZUK3MTBIBEDQOPAK3OATUOUKLA,B07H4K9QYF,Toys_and_Games,1580229958547
AFZUK3MTBIBEDQOPAK3OATUOUKLA,B09NSLJMF5,Toys_and_Games,1580229864503
AFZUK3MTBIBEDQOPAK3OATUOUKLA,B0C4MH6K5N,Toys_and_Games,1579968451818
AFZUK3MTBIBEDQOPAK3OATUOUKLA,B00BF657N8,Toys_and_Games,1579968225350
AFZUK3MTBIBEDQOPAK3OATUOUKLA,B09NSLJMF5,Toys_and_Games,1579629778635
AFZUK3MTBIBEDQOPAK3OATUOUKLA,B07H48YNJ3,Toys_and_Games,1579629521982
AFZUK3MTBIBEDQOPAK3OATUOUKLA,B074XNXTC6,Toys_and_Games,1579391875527
AFZUK3MTBIBEDQOPAK3OATUOUKLA,B07H4N9FBS,Toys_and_Games,1578937607217
AFZUK3MTBIBEDQOPAK3OATUOUKLA,B088R88QKJ,Toys_and_Games,1578867858345
AFZUK3MTBIBEDQOPAK3OATUOUKLA,B076CM69HT,Toys_and_Games,1578069212341
AFZUK3MTBIBEDQOPAK3OATUOUKLA,B07QVMMQVT,Toys_and_Games,1578068703911
AFZUK3MTBIBEDQOPAK3OATUOUKLA,B009DLW97O,Toys_and_Games,1578068615161
AFZUK3MTBIBEDQOPAK3OATUOUKLA,B07NPX9J19,Toys_and_Games,1576901305167
AFZUK3MTBIBEDQOPAK3OATUOUKLA,B085Q161X4,Toys_and_Games,1575511586242
AFZUK3MTBIBEDQOPAK3OATUOUKLA,B07SY83694,Toys_and_Games,1574480023586
AFZUK3MTBIBEDQOPAK3OATUOUKLA,B09MJWB7N8,Toys_and_Games,1568244566702
AFZUK3MTBIBEDQOPAK3OATUOUKLA,B01BKQPFIE,Toys_and_Games,1568244367468
AFZUK3MTBIBEDQOPAK3OATUOUKLA,B0BFKSPRR4,Toys_and_Games,1568244327856
AFZUK3MTBIBEDQOPAK3OATUOUKLA,B07MWW3YXS,Toys_and_Games,1568244201884
AFZUK3MTBIBEDQOPAK3OATUOUKLA,B07LCN9FXJ,Toys_and_Games,1568244153273
AFZUK3MTBIBEDQOPAK3OATUOUKLA,B075LRRTM3,Toys_and_Games,1565068931043
AFZUK3MTBIBEDQOPAK3OATUOUKLA,B09PVDXKRC,Toys_and_Games,1564551094726
AFZUK3MTBIBEDQOPAK3OATUOUKLA,B07B3L7BSG,Toys_and_Games,1564550771902
AFZUK3MTBIBEDQOPAK3OATUOUKLA,B013CNYNVS,Toys_and_Games,1563429253567
AFZUK3MTBIBEDQOPAK3OATUOUKLA,B0716XCWM8,Toys_and_Games,1562195600094
AFZUK3MTBIBEDQOPAK3OATUOUKLA,B01LK1RTHO,Toys_and_Games,1562195405388
AFZUK3MTBIBEDQOPAK3OATUOUKLA,B07FXK9JT3,Toys_and_Games,1561506673472
AFZUK3MTBIBEDQOPAK3OATUOUKLA,B00TU2JODI,Toys_and_Games,1561506359245
AFZUK3MTBIBEDQOPAK3OATUOUKLA,B07RMKZBDT,Toys_and_Games,1559970097343
AFZUK3MTBIBEDQOPAK3OATUOUKLA,B0735NYD3F,Toys_and_Games,1559967469260
AFZUK3MTBIBEDQOPAK3OATUOUKLA,B0BCQ6Z5QK,Toys_and_Games,1559343865259
AFZUK3MTBIBEDQOPAK3OATUOUKLA,B01K9XO59Y,Toys_and_Games,1556498038938
AFZUK3MTBIBEDQOPAK3OATUOUKLA,B082KX76ZB,Toys_and_Games,1556257086540
AFZUK3MTBIBEDQOPAK3OATUOUKLA,B01MQCKDKM,Toys_and_Games,1554338942563
AFZUK3MTBIBEDQOPAK3OATUOUKLA,B0BX5CVQRR,Toys_and_Games,1554229194933
AFZUK3MTBIBEDQOPAK3OATUOUKLA,B075MNDYMR,Toys_and_Games,1550989413748
AFZUK3MTBIBEDQOPAK3OATUOUKLA,B09NPJWRNZ,Toys_and_Games,1550525673340
AFZUK3MTBIBEDQOPAK3OATUOUKLA,B07F22TH44,Toys_and_Games,1548885442696
AFZUK3MTBIBEDQOPAK3OATUOUKLA,B01FKGXUMS,Toys_and_Games,1548884470207
AFZUK3MTBIBEDQOPAK3OATUOUKLA,B075QVNXMP,Toys_and_Games,1547317590715
AFZUK3MTBIBEDQOPAK3OATUOUKLA,B071L9QYLS,Toys_and_Games,1547317358548
AFZUK3MTBIBEDQOPAK3OATUOUKLA,B075QVKRSK,Toys_and_Games,1547317313289
AFZUK3MTBIBEDQOPAK3OATUOUKLA,B072PTPS7Z,Toys_and_Games,1547070163469
AFZUK3MTBIBEDQOPAK3OATUOUKLA,B079QF8KYN,Toys_and_Games,1545851768218
AFZUK3MTBIBEDQOPAK3OATUOUKLA,B08DRM5992,Toys_and_Games,1543881311894
AFZUK3MTBIBEDQOPAK3OATUOUKLA,B09ZKHPC4Q,Toys_and_Games,1543875255048
AFZUK3MTBIBEDQOPAK3OATUOUKLA,B003618R1O,Toys_and_Games,1536506992926
AFZUK3MTBIBEDQOPAK3OATUOUKLA,B01MR53YHA,Toys_and_Games,1535813532912
AFZUK3MTBIBEDQOPAK3OATUOUKLA,B01LXZ6991,Toys_and_Games,1534982926803
AFZUK3MTBIBEDQOPAK3OATUOUKLA,B004FEU1R4,Toys_and_Games,1534902422610
AFZUK3MTBIBEDQOPAK3OATUOUKLA,B002YJY524,Toys_and_Games,1534640635751
AFZUK3MTBIBEDQOPAK3OATUOUKLA,B07G71817G,Toys_and_Games,1533661240304
AFZUK3MTBIBEDQOPAK3OATUOUKLA,B001PB7FO2,Toys_and_Games,1531957776645
AFZUK3MTBIBEDQOPAK3OATUOUKLA,B06VVJ3Z8R,Toys_and_Games,1531957591402
AFZUK3MTBIBEDQOPAK3OATUOUKLA,B078RSK9SD,Toys_and_Games,1531957107520
AFZUK3MTBIBEDQOPAK3OATUOUKLA,B015DGBUQ8,Toys_and_Games,1531956703201
AFZUK3MTBIBEDQOPAK3OATUOUKLA,B074HH6RNQ,Toys_and_Games,1531956527711
AFZUK3MTBIBEDQOPAK3OATUOUKLA,B08H6MBPVT,Toys_and_Games,1530738575096
AFZUK3MTBIBEDQOPAK3OATUOUKLA,B08JXJHZR8,Toys_and_Games,1530738352750
AFZUK3MTBIBEDQOPAK3OATUOUKLA,B073V3CTQ2,Toys_and_Games,1530738109667
AFZUK3MTBIBEDQOPAK3OATUOUKLA,B0BBP1SR3L,Toys_and_Games,1530736876148
AFZUK3MTBIBEDQOPAK3OATUOUKLA,B0009AG8OI,Toys_and_Games,1528917638726
AFZUK3MTBIBEDQOPAK3OATUOUKLA,B0C2XYF31R,Toys_and_Games,1520790459347
AFZUK3MTBIBEDQOPAK3OATUOUKLA,B073G8Y77S,Toys_and_Games,1518476821224
AFZUK3MTBIBEDQOPAK3OATUOUKLA,B07N29HQMN,Toys_and_Games,1517982738516
AFZUK3MTBIBEDQOPAK3OATUOUKLA,B06VSQY4FS,Toys_and_Games,1516161264194
AFZUK3MTBIBEDQOPAK3OATUOUKLA,B00WJLN352,Toys_and_Games,1515613255014
AFZUK3MTBIBEDQOPAK3OATUOUKLA,B012CSBJMA,Toys_and_Games,1515612504833
AFZUK3MTBIBEDQOPAK3OATUOUKLA,B005TMLOAE,Toys_and_Games,1498365165673
AFZUK3MTBIBEDQOPAK3OATUOUKLA,B00LD3MT6G,Toys_and_Games,1497220963269
AFZUK3MTBIBEDQOPAK3OATUOUKLA,B00QYHMWNQ,Toys_and_Games,1497209592935
AFZUK3MTBIBEDQOPAK3OATUOUKLA,B011E149P0,Toys_and_Games,1496937412000
AFZUK3MTBIBEDQOPAK3OATUOUKLA,B001CSM07U,Toys_and_Games,1494610714000
AFZUK3MTBIBEDQOPAK3OATUOUKLA,B003EODSK8,Toys_and_Games,1489246902000
AFZUK3MTBIBEDQOPAK3OATUOUKLA,B001RCU86Q,Toys_and_Games,1486430411000
AFZUK3MTBIBEDQOPAK3OATUOUKLA,B00495GCRW,Toys_and_Games,1486429258000
AFZUK3MTBIBEDQOPAK3OATUOUKLA,B00BNWI4WA,Toys_and_Games,1485145704000
AFZUK3MTBIBEDQOPAK3OATUOUKLA,B00C6PYAVM,Toys_and_Games,1485145520000
AFZUK3MTBIBEDQOPAK3OATUOUKLA,B00C6Q7DQU,Toys_and_Games,1485145482000
AFZUK3MTBIBEDQOPAK3OATUOUKLA,B00KG6YY46,Toys_and_Games,1485144958000
AFZUK3MTBIBEDQOPAK3OATUOUKLA,B0BW3QTWJJ,Toys_and_Games,1484518594000
AFZUK3MTBIBEDQOPAK3OATUOUKLA,B00JGHQ74G,Toys_and_Games,1484515568000
AFZUK3MTBIBEDQOPAK3OATUOUKLA,B00U5MVOX0,Toys_and_Games,1484509842000
AFZUK3MTBIBEDQOPAK3OATUOUKLA,B00IL7IFP6,Toys_and_Games,1484102170000
AFZUK3MTBIBEDQOPAK3OATUOUKLA,B09BKMW9LW,Toys_and_Games,1484101380000
AFZUK3MTBIBEDQOPAK3OATUOUKLA,B08WK2N3RT,Toys_and_Games,1483905040000
AFZUK3MTBIBEDQOPAK3OATUOUKLA,B014HPF5G2,Toys_and_Games,1483760317000
AFZUK3MTBIBEDQOPAK3OATUOUKLA,B00FA5RHLK,Toys_and_Games,1483504448000
AFZUK3MTBIBEDQOPAK3OATUOUKLA,B008N9LOPU,Toys_and_Games,1481760964000
AFZUK3MTBIBEDQOPAK3OATUOUKLA,B01LYWJT1Z,Toys_and_Games,1481757132000
AFZUK3MTBIBEDQOPAK3OATUOUKLA,B078WCYTZG,Toys_and_Games,1481755748000
AFZUK3MTBIBEDQOPAK3OATUOUKLA,B07QXLX17G,Toys_and_Games,1479524548000
AFZUK3MTBIBEDQOPAK3OATUOUKLA,B001TMA03U,Toys_and_Games,1479523792000
AFZUK3MTBIBEDQOPAK3OATUOUKLA,B076JTQXVG,Toys_and_Games,1472441503000
AFZUK3MTBIBEDQOPAK3OATUOUKLA,B0040114BE,Toys_and_Games,1472362155000
AFZUK3MTBIBEDQOPAK3OATUOUKLA,B0039Y3YOI,Toys_and_Games,1472362153000
AFZUK3MTBIBEDQOPAK3OATUOUKLA,B0080K63Q2,Toys_and_Games,1471913089000
AFZUK3MTBIBEDQOPAK3OATUOUKLA,B0054TRQA4,Toys_and_Games,1466558005000
AFZUK3MTBIBEDQOPAK3OATUOUKLA,B008C4RHX4,Toys_and_Games,1466557952000
AFZUK3MTBIBEDQOPAK3OATUOUKLA,B00705XPH8,Toys_and_Games,1466557875000
AFZUK3MTBIBEDQOPAK3OATUOUKLA,B00HDGJY8S,Toys_and_Games,1457825280000
AFZUK3MTBIBEDQOPAK3OATUOUKLA,B004O6GEW4,Toys_and_Games,1455580500000
AFZUK3MTBIBEDQOPAK3OATUOUKLA,B00IANTUVE,Toys_and_Games,1452478048000
AFZUK3MTBIBEDQOPAK3OATUOUKLA,B0039WN9FE,Toys_and_Games,1428292194000
AFZUK3MTBIBEDQOPAK3OATUOUKLA,B0091P8LCY,Toys_and_Games,1428291878000
AFZUK3MTBIBEDQOPAK3OATUOUKLA,B00B28GVLG,Toys_and_Games,1421017825000
AFZUK3MTBIBEDQOPAK3OATUOUKLA,B00KXSJSC0,Toys_and_Games,1421017700000
AFZUK3MTBIBEDQOPAK3OATUOUKLA,B00BIUZ9P2,Toys_and_Games,1421017492000
AFZUK3MTBIBEDQOPAK3OATUOUKLA,B0C41HH3KK,Toys_and_Games,1420002322000
AFZUK3MTBIBEDQOPAK3OATUOUKLA,B00KKN87C0,Toys_and_Games,1408919108000
AFZUK3MTBIBEDQOPAK3OATUOUKLA,B09X2DY56C,Toys_and_Games,1408919008000
AFZUK3MTBIBEDQOPAK3OATUOUKLA,B07BK9NHQ8,Toys_and_Games,1406836699000
AFZUK3MTBIBEDQOPAK3OATUOUKLA,B004DERNMM,Toys_and_Games,1406074034000
AFZUK3MTBIBEDQOPAK3OATUOUKLA,B00IMMFA1W,Toys_and_Games,1403721583000
AFZUK3MTBIBEDQOPAK3OATUOUKLA,B001O2DZ8C,Toys_and_Games,1403720598000
AFZUK3MTBIBEDQOPAK3OATUOUKLA,B000BBU0KS,Toys_and_Games,1403122596000
AFZUK3MTBIBEDQOPAK3OATUOUKLA,B003IKMR0U,Toys_and_Games,1403122385000
AFZUK3MTBIBEDQOPAK3OATUOUKLA,B00D4NJSA8,Toys_and_Games,1403122218000
AFZUK3MTBIBEDQOPAK3OATUOUKLA,B005UT1SFC,Toys_and_Games,1403121941000
AFZUK3MTBIBEDQOPAK3OATUOUKLA,B005CQEJUE,Toys_and_Games,1403121760000
AFZUK3MTBIBEDQOPAK3OATUOUKLA,B089P5G94Z,Toys_and_Games,1403121499000
AFZUK3MTBIBEDQOPAK3OATUOUKLA,B08XQMPBWH,Toys_and_Games,1403120450000
AFZUK3MTBIBEDQOPAK3OATUOUKLA,B0034K6RSW,Toys_and_Games,1399423464000
AFZUK3MTBIBEDQOPAK3OATUOUKLA,B0060JVU72,Toys_and_Games,1397780396000
AFZUK3MTBIBEDQOPAK3OATUOUKLA,B008KUXKAE,Toys_and_Games,1396297430000
AFZUK3MTBIBEDQOPAK3OATUOUKLA,B006SR33LW,Toys_and_Games,1396295896000
AFZUK3MTBIBEDQOPAK3OATUOUKLA,B003HC7ZME,Toys_and_Games,1392043406000
AFZUK3MTBIBEDQOPAK3OATUOUKLA,B09FCSD33P,Toys_and_Games,1386640891000
AFZUK3MTBIBEDQOPAK3OATUOUKLA,B000050B3H,Toys_and_Games,1386469059000
AFZUK3MTBIBEDQOPAK3OATUOUKLA,B0001DVURI,Toys_and_Games,1370032430000
AGPFDHDKKUAYY256F7O7HVYZQUIA,B08X2RJWDF,Toys_and_Games,1673644186786
AGPFDHDKKUAYY256F7O7HVYZQUIA,B095Y7RXL5,Toys_and_Games,1673643754531
AGPFDHDKKUAYY256F7O7HVYZQUIA,B0B5HD7PS1,Toys_and_Games,1667588728018
AE2TA5GQH4JI5RQ4W5H5PQOVYBGA,B000NBM3KG,Toys_and_Games,1637276917558
AE2TA5GQH4JI5RQ4W5H5PQOVYBGA,B085LQ91QF,Toys_and_Games,1620669148462
AE2TA5GQH4JI5RQ4W5H5PQOVYBGA,B085LTJ6RQ,Toys_and_Games,1618724480191
AE2TA5GQH4JI5RQ4W5H5PQOVYBGA,B00FU1CH1E,Toys_and_Games,1609267761834
AE2TA5GQH4JI5RQ4W5H5PQOVYBGA,B07KQH9335,Toys_and_Games,1606050562192
AE2TA5GQH4JI5RQ4W5H5PQOVYBGA,B0BHYHBSRV,Toys_and_Games,1581875998905
AGFUJ3EGB7VTLV3ZMKEZVRJHPA5Q,B0777JH8Q9,Toys_and_Games,1662066219375
AGFUJ3EGB7VTLV3ZMKEZVRJHPA5Q,B0C2Q7B81W,Toys_and_Games,1529456891789
AGFUJ3EGB7VTLV3ZMKEZVRJHPA5Q,B071F8W8RL,Toys_and_Games,1519572439332
AGFUJ3EGB7VTLV3ZMKEZVRJHPA5Q,B0743CGKGK,Toys_and_Games,1519572288890
AHFURURV4H35BXUUTXYMJYA36CTQ,B07NRXSYSD,Toys_and_Games,1577695850425
AHFURURV4H35BXUUTXYMJYA36CTQ,B094XJ8MD2,Toys_and_Games,1557435023741
AHFURURV4H35BXUUTXYMJYA36CTQ,B071GKQQ8D,Toys_and_Games,1543092139520
AHFURURV4H35BXUUTXYMJYA36CTQ,B0156DVLJY,Toys_and_Games,1471984774000
AFSNGBROR4NUCU6UQCJBB4VEJOPA,B08J4H7QLV,Toys_and_Games,1620152769805
AFSNGBROR4NUCU6UQCJBB4VEJOPA,B0B59NRZKD,Toys_and_Games,1619967778134
AFSNGBROR4NUCU6UQCJBB4VEJOPA,B005QS6C08,Toys_and_Games,1593201930211
AFSNGBROR4NUCU6UQCJBB4VEJOPA,B07B97R6J1,Toys_and_Games,1583191573506
AEKT7BTLG356MDAHI2QHQPZZKAZQ,B07CC2F6DG,Toys_and_Games,1355702688000
AF5C5KSGB7FPNFY3B2F46AX5BRZQ,B00BQYQYBS,Toys_and_Games,1427720875000
AF5C5KSGB7FPNFY3B2F46AX5BRZQ,B0BRKVYF32,Toys_and_Games,1427646845000
AFDZTUGGQIHCVV2AQ5B2Y22KPVRQ,B07KB5PHTC,Toys_and_Games,1604894419956
AFANVB6MPHJTCTFOVIEBKLWZ2GVA,B0BDLSW18P,Toys_and_Games,1623181727218
AH4VGTN3VWRIESJMI4VGQHSQ4KRA,B0BJ31Q95M,Toys_and_Games,1677932605301
AH4VGTN3VWRIESJMI4VGQHSQ4KRA,B08T84L48Q,Toys_and_Games,1625428719233
AH4VGTN3VWRIESJMI4VGQHSQ4KRA,B09ZHW3LB6,Toys_and_Games,1578241633827
AGF42GID7QWDCNFTJRCTMKAITJJA,B0B6H2NTST,Toys_and_Games,1673100785124
AGF42GID7QWDCNFTJRCTMKAITJJA,B07T9PWVKH,Toys_and_Games,1671819035017
AGF42GID7QWDCNFTJRCTMKAITJJA,B0BXZ3SF44,Toys_and_Games,1671815560157
AGF42GID7QWDCNFTJRCTMKAITJJA,B08YN1ZG2G,Toys_and_Games,1646277232785
AGF42GID7QWDCNFTJRCTMKAITJJA,B0BMZK2XMV,Toys_and_Games,1646008522606
AGF42GID7QWDCNFTJRCTMKAITJJA,B097XMKD6P,Toys_and_Games,1641672141715
AGF42GID7QWDCNFTJRCTMKAITJJA,B082K7S2TX,Toys_and_Games,1641662164287
AGF42GID7QWDCNFTJRCTMKAITJJA,B086M9Q7TV,Toys_and_Games,1641654223142
AGCI7FAH4GL5FI65HYLKWTMFZ2CQ,B07DK1H3H5,Video_Games,1608186804795
AGCI7FAH4GL5FI65HYLKWTMFZ2CQ,B07SRWRH5D,Video_Games,1587051114941
AGXVBIUFLFGMVLATYXHJYL4A5Q7Q,B07MFMFW34,Video_Games,1490877431000
AFTC6ZR5IKNRDG5JCPVNVMU3XV2Q,B0BCHWZX95,Video_Games,1577637634017
AFTC6ZR5IKNRDG5JCPVNVMU3XV2Q,B00HUWA45W,Video_Games,1427591932000
AHXSBZT52TCPZUBVCBRICTHWUCBA,B073SC6V1D,Video_Games,1518124539574
AHZIJGKEWRTAEOZ673G5B3SNXEGQ,B004RMK57U,Video_Games,1602937709361
AFO6QN6ICKWUFQV3UEWK5EECIQTQ,B0BYVN9ZK2,Video_Games,1602718512453
AG6BAEKWLCWH2TW3KKLVK773YF6A,B08L6782X9,Video_Games,1621448670253
AG6BAEKWLCWH2TW3KKLVK773YF6A,B017V6YVDC,Video_Games,1607734474794
AG6BAEKWLCWH2TW3KKLVK773YF6A,B001AW156U,Video_Games,1523314072900
AG6BAEKWLCWH2TW3KKLVK773YF6A,B0B36HX334,Video_Games,1523313903402
AEVPPTMG43C6GWSR7I2UGRQN7WFQ,B09JY72CNG,Video_Games,1630594913298
AEVPPTMG43C6GWSR7I2UGRQN7WFQ,B09WMQ6DXG,Video_Games,1620231368468
AEVPPTMG43C6GWSR7I2UGRQN7WFQ,B08SM7T6FF,Video_Games,1619227636331
AEVPPTMG43C6GWSR7I2UGRQN7WFQ,B0B7LV3DN2,Video_Games,1617641445475
AEVPPTMG43C6GWSR7I2UGRQN7WFQ,B08P8P7686,Video_Games,1613702112995
AEVPPTMG43C6GWSR7I2UGRQN7WFQ,B0863MT183,Video_Games,1613701986538
AEVPPTMG43C6GWSR7I2UGRQN7WFQ,B08R5B7YS4,Video_Games,1611459666223
AEYFU5FQAJYXFREC4KHQ34EGZ3LQ,B07GJ5W7HV,Video_Games,1562177742305
AEINY4XOINMMJCK5GZ3M6MMHBN6A,B00T76ZD78,Video_Games,1443991436000
AFSKPY37N3C43SOI5IEXEK5JSIYA,B00KTORA0K,Video_Games,1418343236000
AG35BKPUEUMX7LV5YLOQ5YCQ3GOA,B071WMZ439,Video_Games,1514398325463
AG35BKPUEUMX7LV5YLOQ5YCQ3GOA,B0061QD7YS,Video_Games,1361833776000
AGKFRCDY4WBW4RH6GFYFJ3T3XBSA,B003ZTTCBQ,Video_Games,1296806901000
AE7Y5RLYIKHOZB5NKKOEKYG2SPSQ,B00HBUOVIO,Video_Games,1672083486117
AFE7OXQ2GPXOICDFCLDEOW55SKLA,B0053B5RGI,Video_Games,1394573240000
AFE7OXQ2GPXOICDFCLDEOW55SKLA,B008GEH9HO,Video_Games,1394573186000
AFZUK3MTBIBEDQOPAK3OATUOUKLA,B0C3KYVDWT,Video_Games,1611811896446
AFZUK3MTBIBEDQOPAK3OATUOUKLA,B07J6ZZ83K,Video_Games,1611811668884
AFZUK3MTBIBEDQOPAK3OATUOUKLA,B07VGRJDFY,Video_Games,1611811054257
AFZUK3MTBIBEDQOPAK3OATUOUKLA,B0792QJ28Y,Video_Games,1610040386669
AFZUK3MTBIBEDQOPAK3OATUOUKLA,B00G3KBNF2,Video_Games,1463950288000
AFZUK3MTBIBEDQOPAK3OATUOUKLA,B00KTORA0K,Video_Games,1418396873000
AEDRFOIY6IFY7DWSPRRNGEFIFE2Q,B07X13HNK3,Video_Games,1388527862000
AGRKCZLSFFECGP54U2T2CBYB3RLA,B08LK8Y9CP,Video_Games,1616089312112
AFANVB6MPHJTCTFOVIEBKLWZ2GVA,B0154OZU4M,Video_Games,1490387521000
AGF42GID7QWDCNFTJRCTMKAITJJA,B08Y8V7QKM,Video_Games,1641674080699
AGF42GID7QWDCNFTJRCTMKAITJJA,B01H482N6E,Video_Games,1608127798749
AGF42GID7QWDCNFTJRCTMKAITJJA,B07D53QSMK,Video_Games,1607530825545
AGF42GID7QWDCNFTJRCTMKAITJJA,B07MSHR6JJ,Video_Games,1607530215582
AHT2NP62KHFFALXILR7ZIQ2VFM7A,B00TJQPR0Y,Video_Games,1635045418301
AEDNNPW6JQ4H6NPMF2FYMIUZOTGQ,B087BXLPTG,Video_Games,1619285382251
AH3ACQ7TBS7IT4SRSWEYLLJ3ND3Q,B09Y5PNFT6,Video_Games,1670180334808
AERUAJORC4WC77TABTHVNVQDZF2Q,B084S3STF3,Video_Games,1632024813752
AF2FTNKCY6XY67BKBUO4BNJRZ4XQ,B088RLRVJN,Video_Games,1610499867941
AF2FTNKCY6XY67BKBUO4BNJRZ4XQ,B07BLSHX8F,Video_Games,1582509777536
AF2FTNKCY6XY67BKBUO4BNJRZ4XQ,B01I14IASK,Video_Games,1542300161809
AH3OG6QD6EDJGZRVCFKV4B66VWNQ,B0BVVTQ5JP,Video_Games,1612761365424
AHKIMFUXMLOUN7SBXHEDD2K2AN7Q,B00DB2BI8M,Video_Games,1389096887000
AHFZUNQFXSVVT6Z6BYKE5CLBX3KQ,B09GLYJYP3,Video_Games,1655656292801
AFSCQMP2EPYLGJN7OBTMEXCBE2OQ,B08MFPCRCV,Video_Games,1609008625321
AFTLB43X76QKXWYYG4J6KKKGD7QQ,B078Y7X6F7,Video_Games,1637759225137
AHPKZL7FJIDA3CLNQ6OMKY46RA7Q,B00I5KSVKS,Video_Games,1576430363700
AHPKZL7FJIDA3CLNQ6OMKY46RA7Q,B00B5FI808,Video_Games,1397052141000
AES7KKTN2JRDCH5T4H3O5HU7XZZQ,B018XQ4P5S,Video_Games,1523468742285
AES7KKTN2JRDCH5T4H3O5HU7XZZQ,B071FD3YC9,Video_Games,1523468731167
AERX7K5IE767MVLOYBUNPUXDTGJQ,B0073QM3SG,Video_Games,1486579839000
AGJXTLEOLLTIX5AAGFPBZ7CNNVOQ,B072V478NR,Video_Games,1654877115175
AGJXTLEOLLTIX5AAGFPBZ7CNNVOQ,B07YRYK6HH,Video_Games,1641429367163
AGJXTLEOLLTIX5AAGFPBZ7CNNVOQ,B001G7PRUE,Video_Games,1409068187000
AGJXTLEOLLTIX5AAGFPBZ7CNNVOQ,B001EYUWEU,Video_Games,1409067838000
AGJXTLEOLLTIX5AAGFPBZ7CNNVOQ,B001GIUWX0,Video_Games,1409067045000
AGJXTLEOLLTIX5AAGFPBZ7CNNVOQ,B001ELJFIM,Video_Games,1409066808000
AHORTSSMI6ZZFUFWMPT4UFR2ISUQ,B01LPZM7VI,Video_Games,1557552024590
AEDWRRZADBQDUTW7HBIWH4QSMUPQ,B0BQ7CZJ5Z,Video_Games,1676223929216
AGOWLR52GJKEQ6ARUX5V6TJP7QLA,B096JZVGDJ,Video_Games,1578524341407
AFXQDJLOL5GVFJRHGTU2LNMZHEMA,B07X2G2R97,Video_Games,1600306773364
AGVVUU3QRQBHNASSGI5YQLPYOI2Q,B0B73F6DWG,Video_Games,1648826471187
AEVQ3KP55X4XECXWMHN6DHIDBYFQ,B00A7YTWLM,Video_Games,1406805075000
AEVQ3KP55X4XECXWMHN6DHIDBYFQ,B002JTX9WQ,Video_Games,1406805025000
AHCAXVBOOT6J4GU6M2CETQIXF7KA,B09MHKC8P9,Video_Games,1657077713939
AHCAXVBOOT6J4GU6M2CETQIXF7KA,B08VGRQWCC,Video_Games,1644284108707
AF7JT6CKVCYYXMMVB23LBN2VSQ5A,B09GFMR6D2,Video_Games,1660580604442
AF7JT6CKVCYYXMMVB23LBN2VSQ5A,B07MFPKQPK,Video_Games,1594518101507
AGU7O3UW7U2UMZGSZMKNZ6K6VHUA,B002I0EMBI,Video_Games,1431314507000
AGU7O3UW7U2UMZGSZMKNZ6K6VHUA,B000083JXD,Video_Games,1431314247000
AGU7O3UW7U2UMZGSZMKNZ6K6VHUA,B002824SNS,Video_Games,1315098256000
AGMNH2YR562FZLUYSIA5RSGSYAPQ,B083ZM8RKM,Video_Games,1622826096478
AHY55PORR7VYL72JBUYNSO6KCA5A,B00VBZ3SGG,Video_Games,1459358642000
AHY55PORR7VYL72JBUYNSO6KCA5A,B01BOFD6VO,Video_Games,1457909585000
AHY55PORR7VYL72JBUYNSO6KCA5A,B00O9GW8TC,Video_Games,1457909371000
AHY55PORR7VYL72JBUYNSO6KCA5A,B00KR2BK1E,Video_Games,1422157544000
AFFZVSTUS3U2ZD22A2NPZSKOCPGQ,B0BP6NG2PH,Video_Games,1662266049307
AFFZVSTUS3U2ZD22A2NPZSKOCPGQ,B09QZZPVCY,Video_Games,1661366739812
AFFZVSTUS3U2ZD22A2NPZSKOCPGQ,B09P87WGQB,Video_Games,1657921111452
AFFZVSTUS3U2ZD22A2NPZSKOCPGQ,B09XH6M65Z,Video_Games,1655679050176
AFFZVSTUS3U2ZD22A2NPZSKOCPGQ,B0BSD6NVYQ,Video_Games,1655678873809
AFFZVSTUS3U2ZD22A2NPZSKOCPGQ,B0848LKV51,Video_Games,1574659954094
AFFZVSTUS3U2ZD22A2NPZSKOCPGQ,0545214912,Video_Games,1496373398000
AFFZVSTUS3U2ZD22A2NPZSKOCPGQ,B01GW3LRD2,Video_Games,1491589434000
AFO3G62P2JXCNMWZTAIB56KPG56A,B00MP7SFJE,Video_Games,1404781604000
AFW2PDT3AMT4X3PYQG7FJZH5FXFA,B00LINQ1HY,Video_Games,1417645982000
AFW2PDT3AMT4X3PYQG7FJZH5FXFA,B00O2GW3EO,Video_Games,1416177624000
AFW2PDT3AMT4X3PYQG7FJZH5FXFA,B00C9UND8U,Video_Games,1368526532000
AFW2PDT3AMT4X3PYQG7FJZH5FXFA,B007XJ448A,Video_Games,1336514048000
AFW2PDT3AMT4X3PYQG7FJZH5FXFA,B0041CASX2,Video_Games,1287540492000
AFW2PDT3AMT4X3PYQG7FJZH5FXFA,B002F8TD1W,Video_Games,1256988261000
AFW2PDT3AMT4X3PYQG7FJZH5FXFA,B003DNSR3S,Video_Games,1231644885000
AFW2PDT3AMT4X3PYQG7FJZH5FXFA,B001AH7VZE,Video_Games,1226103849000
AFW2PDT3AMT4X3PYQG7FJZH5FXFA,B001ESNNI8,Video_Games,1226026243000
AFW2PDT3AMT4X3PYQG7FJZH5FXFA,B0017AJMX8,Video_Games,1214697971000
AFW2PDT3AMT4X3PYQG7FJZH5FXFA,B000UQURQ6,Video_Games,1211716136000
AFW2PDT3AMT4X3PYQG7FJZH5FXFA,B00004C8S2,Video_Games,1205451631000
AFW2PDT3AMT4X3PYQG7FJZH5FXFA,B003DKJAZA,Video_Games,1197188430000
AFW2PDT3AMT4X3PYQG7FJZH5FXFA,B003DNSR4M,Video_Games,1193112341000
AFW2PDT3AMT4X3PYQG7FJZH5FXFA,B000KMCF0G,Video_Games,1189315603000
AFW2PDT3AMT4X3PYQG7FJZH5FXFA,B001ELJF8W,Video_Games,1183240974000
AFW2PDT3AMT4X3PYQG7FJZH5FXFA,B000088NQB,Video_Games,1181040107000
AFW2PDT3AMT4X3PYQG7FJZH5FXFA,B003DNSR56,Video_Games,1167784557000
AFW2PDT3AMT4X3PYQG7FJZH5FXFA,B000BYTYJI,Video_Games,1151184977000
AFW2PDT3AMT4X3PYQG7FJZH5FXFA,B001EYUTCK,Video_Games,1144316545000
AFW2PDT3AMT4X3PYQG7FJZH5FXFA,B0009X6QJM,Video_Games,1130421793000
AFW2PDT3AMT4X3PYQG7FJZH5FXFA,B001EYUONY,Video_Games,1125498965000
AFW2PDT3AMT4X3PYQG7FJZH5FXFA,B0006AAOJQ,Video_Games,1124816677000
AFW2PDT3AMT4X3PYQG7FJZH5FXFA,B0000A3442,Video_Games,1094080985000
AFW2PDT3AMT4X3PYQG7FJZH5FXFA,B0000CDYOH,Video_Games,1080840172000
AFW2PDT3AMT4X3PYQG7FJZH5FXFA,B003DKJAXW,Video_Games,1067486556000
AFW2PDT3AMT4X3PYQG7FJZH5FXFA,B003DNSR4C,Video_Games,1066000269000
AFW2PDT3AMT4X3PYQG7FJZH5FXFA,B000066ST3,Video_Games,1057895126000
AFW2PDT3AMT4X3PYQG7FJZH5FXFA,B003DKJAY6,Video_Games,1053088601000
AFW2PDT3AMT4X3PYQG7FJZH5FXFA,B00005LVWL,Video_Games,1049669354000
AFW2PDT3AMT4X3PYQG7FJZH5FXFA,B000050HEI,Video_Games,1049668308000
AFW2PDT3AMT4X3PYQG7FJZH5FXFA,B000088NQP,Video_Games,1044135689000
AFW2PDT3AMT4X3PYQG7FJZH5FXFA,B00004SPRK,Video_Games,1042682800000
AFW2PDT3AMT4X3PYQG7FJZH5FXFA,B001EYUP1A,Video_Games,1042257118000
AFW2PDT3AMT4X3PYQG7FJZH5FXFA,B000063LGY,Video_Games,1028824011000
AFW2PDT3AMT4X3PYQG7FJZH5FXFA,B00005LVWM,Video_Games,1028391223000
AFW2PDT3AMT4X3PYQG7FJZH5FXFA,B00002SU5Q,Video_Games,1016991984000
AFW2PDT3AMT4X3PYQG7FJZH5FXFA,B00001LAE2,Video_Games,1016922956000
AFW2PDT3AMT4X3PYQG7FJZH5FXFA,B00006488S,Video_Games,1016922203000
AFW2PDT3AMT4X3PYQG7FJZH5FXFA,B0000507UR,Video_Games,1012959978000
AFW2PDT3AMT4X3PYQG7FJZH5FXFA,B00004WGW1,Video_Games,1012439335000
AFW2PDT3AMT4X3PYQG7FJZH5FXFA,B000023VU8,Video_Games,1011399963000
AFW2PDT3AMT4X3PYQG7FJZH5FXFA,B001EYUWIG,Video_Games,1011017000000
AFW2PDT3AMT4X3PYQG7FJZH5FXFA,B001ELJE9W,Video_Games,1010267466000
AFW2PDT3AMT4X3PYQG7FJZH5FXFA,B00005Q5NL,Video_Games,1001556548000
AFW2PDT3AMT4X3PYQG7FJZH5FXFA,B00002EPGU,Video_Games,986865966000
AFW2PDT3AMT4X3PYQG7FJZH5FXFA,B00001X4Z4,Video_Games,964044735000
AHSAUHUTLVNKJ72GUIPGI5XZH6ZA,B07RF9JLGD,Video_Games,1570622042635
AHT3NNPRGAN65K6ESCJNKI7TPWPA,B07QRGCVXP,Video_Games,1616142329473
AHT3NNPRGAN65K6ESCJNKI7TPWPA,B01I14IASK,Video_Games,1616142220984
AHT3NNPRGAN65K6ESCJNKI7TPWPA,B087NMZMQ7,Video_Games,1616142158619
AHT3NNPRGAN65K6ESCJNKI7TPWPA,B07TJ141Q9,Video_Games,1616141979432
AHT3NNPRGAN65K6ESCJNKI7TPWPA,B0050SWP96,Video_Games,1616141793363
AHATA6X6MYTC3VNBFJ3WIYVK257A,B07G7CG9LM,Video_Games,1640459154441
AHATA6X6MYTC3VNBFJ3WIYVK257A,B07DHNX18W,Video_Games,1604348335046
AHATA6X6MYTC3VNBFJ3WIYVK257A,B07DHNX192,Video_Games,1591835691134
AHATA6X6MYTC3VNBFJ3WIYVK257A,B007W469N4,Video_Games,1586533637157
AHATA6X6MYTC3VNBFJ3WIYVK257A,B07CWGPFK8,Video_Games,1562778043915
AHATA6X6MYTC3VNBFJ3WIYVK257A,B07KDPV98F,Video_Games,1557886886012
AHATA6X6MYTC3VNBFJ3WIYVK257A,B07H2BHLGX,Video_Games,1538019300477
AHATA6X6MYTC3VNBFJ3WIYVK257A,B089QYP649,Video_Games,1531092820696
AHATA6X6MYTC3VNBFJ3WIYVK257A,B074RNL1RX,Video_Games,1511753174174
AHATA6X6MYTC3VNBFJ3WIYVK257A,B0BH98D8GL,Video_Games,1511708554100
AHATA6X6MYTC3VNBFJ3WIYVK257A,B01MQMOXU1,Video_Games,1499438929442
AHATA6X6MYTC3VNBFJ3WIYVK257A,B01M4L8ODH,Video_Games,1483122700000
AHATA6X6MYTC3VNBFJ3WIYVK257A,B015E7RQHS,Video_Games,1445031287000
AHATA6X6MYTC3VNBFJ3WIYVK257A,B00KVQQHNM,Video_Games,1410219926000
AHATA6X6MYTC3VNBFJ3WIYVK257A,B00H862HXC,Video_Games,1409884964000
AHATA6X6MYTC3VNBFJ3WIYVK257A,B00LZVNWIA,Video_Games,1408233606000
AHATA6X6MYTC3VNBFJ3WIYVK257A,B0050SVNZ8,Video_Games,1321885664000
AHATA6X6MYTC3VNBFJ3WIYVK257A,B000NIFYDW,Video_Games,1208134239000
AEQCFGIHGV5CPWNF7RZZLKEQ572A,B0026MS1X8,Video_Games,1635064865940
AFO5YJW3MGIYDHA3HHHAUS5ZAHPQ,B0BYVN9ZK2,Video_Games,1600271029457
AFO5YJW3MGIYDHA3HHHAUS5ZAHPQ,B003ZMF26W,Video_Games,1366753648000
AEZUJSZ3B7OAOVCSMZPINNW3QH3A,B00C9DL1HC,Video_Games,1378235970000
AF7STGSJYCAHOQAKN3JTC3JC3Y5A,B000UODATY,Video_Games,1473518752000
AF7STGSJYCAHOQAKN3JTC3JC3Y5A,B00IAVDQCK,Video_Games,1473517130000
AGKKAXZPXFYIBA3N53YNJYU2AT3Q,B08LZHPTF5,Video_Games,1648313948285
AGKKAXZPXFYIBA3N53YNJYU2AT3Q,B091YP6MJT,Video_Games,1646852384743
AGKKAXZPXFYIBA3N53YNJYU2AT3Q,B0859F3S39,Video_Games,1644173173101
AGKKAXZPXFYIBA3N53YNJYU2AT3Q,B07TYHQ681,Video_Games,1595075140300
AFXUNKJFY5ERNDCRPH5J22372ZMA,B075YBBQMM,Video_Games,1651125707723
AFXUNKJFY5ERNDCRPH5J22372ZMA,B07XHN9D3Z,Video_Games,1646682202512
AHNLARH6XR2FFGAR55JXWUYBUNAQ,B00JDOX2T0,Video_Games,1435065155000
AHNLARH6XR2FFGAR55JXWUYBUNAQ,B004CCRB3Q,Video_Games,1406488217000
AFA26DYXVLJYTYZ3KET77GE27N2A,B01CG8UIXW,Video_Games,1620451478431
AHV6QCNBJNSGLATP56JAWJ3C4G2A,B0BZ8GZW38,Video_Games,1650227862017
AHV6QCNBJNSGLATP56JAWJ3C4G2A,B09JYH4F31,Video_Games,1637533641993
AHV6QCNBJNSGLATP56JAWJ3C4G2A,B0C3JWTK1L,Video_Games,1637243200768
AHV6QCNBJNSGLATP56JAWJ3C4G2A,B08CW2M37L,Video_Games,1636684298155
AHV6QCNBJNSGLATP56JAWJ3C4G2A,B092HKCCQF,Video_Games,1631755484524
AHV6QCNBJNSGLATP56JAWJ3C4G2A,B07RT5FRDY,Video_Games,1630976287591
AHV6QCNBJNSGLATP56JAWJ3C4G2A,B08GS7MG3W,Video_Games,1610926801251
AHV6QCNBJNSGLATP56JAWJ3C4G2A,B07SW1PC5K,Video_Games,1609890366861
AHV6QCNBJNSGLATP56JAWJ3C4G2A,B088R3VXFC,Video_Games,1594237129955
AHV6QCNBJNSGLATP56JAWJ3C4G2A,B07L49F81L,Video_Games,1579812053798
AHV6QCNBJNSGLATP56JAWJ3C4G2A,B09LY2F7J4,Video_Games,1579622337763
AHV6QCNBJNSGLATP56JAWJ3C4G2A,B0CGY5ZT55,Video_Games,1579207545376
AHV6QCNBJNSGLATP56JAWJ3C4G2A,B07MSJCJ1Q,Video_Games,1578663278623
AHV6QCNBJNSGLATP56JAWJ3C4G2A,B08XQLWT9V,Video_Games,1578357766290
AHV6QCNBJNSGLATP56JAWJ3C4G2A,B07M7BW64S,Video_Games,1577934821171
AHV6QCNBJNSGLATP56JAWJ3C4G2A,B07R9YW9MJ,Video_Games,1577322863191
AHV6QCNBJNSGLATP56JAWJ3C4G2A,B07XTXXQ5K,Video_Games,1574641684547
AHV6QCNBJNSGLATP56JAWJ3C4G2A,B08N7Q1J4W,Video_Games,1573825940147
AHV6QCNBJNSGLATP56JAWJ3C4G2A,B0B3XNR8YM,Video_Games,1572211723283
AHV6QCNBJNSGLATP56JAWJ3C4G2A,B07SBX48TY,Video_Games,1569958593706
AHV6QCNBJNSGLATP56JAWJ3C4G2A,B07RVMNWDM,Video_Games,1565786457991
AHV6QCNBJNSGLATP56JAWJ3C4G2A,B07NZX84HB,Video_Games,1559957106662
AHV6QCNBJNSGLATP56JAWJ3C4G2A,B0BL3CW73P,Video_Games,1556830735236
AHV6QCNBJNSGLATP56JAWJ3C4G2A,B0C3MZ128V,Video_Games,1554755712398
AHV6QCNBJNSGLATP56JAWJ3C4G2A,B0882TR2WY,Video_Games,1553429160857
AHV6QCNBJNSGLATP56JAWJ3C4G2A,B07M9XQ9LW,Video_Games,1550667214270
AHV6QCNBJNSGLATP56JAWJ3C4G2A,B071KFGC8R,Video_Games,1541816304411
AHV6QCNBJNSGLATP56JAWJ3C4G2A,B08DHTZNNF,Video_Games,1538135312132
AHV6QCNBJNSGLATP56JAWJ3C4G2A,B07D3N7JTY,Video_Games,1537878522079
AHV6QCNBJNSGLATP56JAWJ3C4G2A,B07YQN6HRQ,Video_Games,1532085786757
AHV6QCNBJNSGLATP56JAWJ3C4G2A,B01DBJU1MS,Video_Games,1461234129000
AHV6QCNBJNSGLATP56JAWJ3C4G2A,B019OEI0RC,Video_Games,1456193886000
AHV6QCNBJNSGLATP56JAWJ3C4G2A,B019WRM1IA,Video_Games,1451860309000
AH5APOJ6RSZCRQOCQ24R7IUO6YIA,B0BN5PFY24,Video_Games,1659122893173
AHWOB66HVZJLLPO2PMBOBLGNJVVQ,B00JB4WHWU,Video_Games,1396965995000
AGBO5SEPWTF5NLYD33PFPGGVRUJQ,B08YHH5QDG,Video_Games,1641431503601
AGBO5SEPWTF5NLYD33PFPGGVRUJQ,B08F4D36D9,Video_Games,1578112428070
AGBO5SEPWTF5NLYD33PFPGGVRUJQ,B00KWOSQC8,Video_Games,1419541446000
AGBO5SEPWTF5NLYD33PFPGGVRUJQ,B00KWOSQC8,Video_Games,1419541414000
AE4Q3FPKMKMRHPNWBCHW5XNVB6AA,B07QX99XJJ,Video_Games,1600640864590
AHR747CKPTQQCMVJO3OS5YTUSA7Q,B08W44566M,Video_Games,1621387114413
AH67BI7JTOFR35HMZYFVOEHM4CPQ,B09GJMG6TJ,Video_Games,1673471434770
AH67BI7JTOFR35HMZYFVOEHM4CPQ,B07VHFVP1S,Video_Games,1669925345977
AH67BI7JTOFR35HMZYFVOEHM4CPQ,B07H9L8JRV,Video_Games,1669925234472
AH67BI7JTOFR35HMZYFVOEHM4CPQ,B07WRP2BZR,Video_Games,1635294285792
AH67BI7JTOFR35HMZYFVOEHM4CPQ,B07H53PZY8,Video_Games,1635293187964
AH67BI7JTOFR35HMZYFVOEHM4CPQ,B0B9R27GVV,Video_Games,1635293147681
AFVP66AZENGK2SKTLADNPJGIYPTQ,B0BRF6PX4Z,Video_Games,1646010826082
AFH6JVL73CZOVTQ2LR3IG27HRNKQ,B00HBUOVIO,Video_Games,1615501777654
AFXPXKJ5MAQPX5NIXMU5C4ISAIGA,B07V4X2WQ7,Video_Games,1608394721134
AGUQFBJGLRCTSY42ZQJDKNF7ZQRQ,B003NSLGW2,Video_Games,1456430763000
AGUQFBJGLRCTSY42ZQJDKNF7ZQRQ,B0118YZG0A,Video_Games,1456423719000
AGUQFBJGLRCTSY42ZQJDKNF7ZQRQ,B00NY5YYXM,Video_Games,1432363466000
AHCWHNTFHR4T2SG7JXIJOT5PA6NA,B01EJ9DMQQ,Video_Games,1523235938742
AH2WTEH276AS6UDBMUB6FLTVOFLQ,B01M0RU6LY,Video_Games,1611919365512
AGVFBOZNHUPLBZIGSFDXDUQUXXOA,B071HWTDJV,Video_Games,1499299781914
AHB5CGLYN3Y6NIPHNQLYFJT2W2PQ,B01I06EYE8,Video_Games,1577462249167
AEDHXXX2F66EMWOSSPCQHS62UKNQ,B0050SX9I2,Video_Games,1350567376000
AEDHXXX2F66EMWOSSPCQHS62UKNQ,B00004YNVG,Video_Games,977215556000
AFJBKPK5W56XWSNPQU2WW66ISWYQ,B0B6GLJ6YQ,Video_Games,1626622946314
AFJBKPK5W56XWSNPQU2WW66ISWYQ,B08RDGFR94,Video_Games,1621452657012
AFJBKPK5W56XWSNPQU2WW66ISWYQ,B07LB1G7KG,Video_Games,1556251480624
AFJBKPK5W56XWSNPQU2WW66ISWYQ,B07HCJXWLV,Video_Games,1544510438008
AFJBKPK5W56XWSNPQU2WW66ISWYQ,B07HRDP2MF,Video_Games,1543897086427
AFJBKPK5W56XWSNPQU2WW66ISWYQ,B07GWNSKX7,Video_Games,1542760792280
AFJBKPK5W56XWSNPQU2WW66ISWYQ,B07HP8R3NM,Video_Games,1542690176019
AFJBKPK5W56XWSNPQU2WW66ISWYQ,B0797DW7D1,Video_Games,1541055772313
AFJBKPK5W56XWSNPQU2WW66ISWYQ,B077H61HG1,Video_Games,1505354401866
AFJBKPK5W56XWSNPQU2WW66ISWYQ,B01MPWYHI6,Video_Games,1496085886000
AFJBKPK5W56XWSNPQU2WW66ISWYQ,B01LZ8LGVQ,Video_Games,1492868227000
AFJBKPK5W56XWSNPQU2WW66ISWYQ,B01KV3BB0S,Video_Games,1476851004000
AFJBKPK5W56XWSNPQU2WW66ISWYQ,B01DUII8C0,Video_Games,1468455899000
AFJBKPK5W56XWSNPQU2WW66ISWYQ,B017VLXGFQ,Video_Games,1450360158000
AFJBKPK5W56XWSNPQU2WW66ISWYQ,B00MA5U02G,Video_Games,1416454444000
AHBI5SLZDP3Q3LZPETJLCHQFGLUA,B0B5M8KL5S,Video_Games,1671224125515
AHBI5SLZDP3Q3LZPETJLCHQFGLUA,B0BPBTWX5Z,Video_Games,1671223620997
AHBI5SLZDP3Q3LZPETJLCHQFGLUA,B07Y5Z1WJ3,Video_Games,1671223442020
AER6WLSJPBPNOZIQWVHQBVOKTNCA,B07NZ5SDLV,Video_Games,1552338877949
AER6WLSJPBPNOZIQWVHQBVOKTNCA,B00155CWS2,Video_Games,1546321352374
AER6WLSJPBPNOZIQWVHQBVOKTNCA,B06ZY6VYXZ,Video_Games,1510602446280
AER6WLSJPBPNOZIQWVHQBVOKTNCA,B01HCFPMJY,Video_Games,1480610424000
AER6WLSJPBPNOZIQWVHQBVOKTNCA,B00BGA9X9W,Video_Games,1458657286000
AER6WLSJPBPNOZIQWVHQBVOKTNCA,B001EYUWWC,Video_Games,1204225750000
AFNR3D5OZTV3AKQYJQRTKFVEEKZA,B00Z9TMH1W,Video_Games,1547337857984
AFNR3D5OZTV3AKQYJQRTKFVEEKZA,B01MG6DORB,Video_Games,1547337816309
AFNR3D5OZTV3AKQYJQRTKFVEEKZA,B074RNSCDB,Video_Games,1547337799639
AGVLLL3Z55OFM5JTJJWFJFQXPUGQ,B08LQ39VFX,Video_Games,1678723249681
AGVLLL3Z55OFM5JTJJWFJFQXPUGQ,B07Z9Z39ZW,Video_Games,1611322007654
AGJY4LG74YJEJBVWIPIMIZ464ELA,B0748PHTG3,Video_Games,1578972015746
AHH4EDVBK4H6ZWPSCSNQHX3BRKZA,B07GQ6R2LR,Video_Games,1589245595806
AFDMZ4TRX3HXQQUGWAHJQTIF65BQ,B08NF1YWXD,Video_Games,1652642139692
AFDMZ4TRX3HXQQUGWAHJQTIF65BQ,B07ZJ6RY1W,Video_Games,1643580320425
AFDMZ4TRX3HXQQUGWAHJQTIF65BQ,B07DDDB4BK,Video_Games,1619218396974
AFDMZ4TRX3HXQQUGWAHJQTIF65BQ,B081243BT6,Video_Games,1619122301226
AFDMZ4TRX3HXQQUGWAHJQTIF65BQ,B0055VHUAM,Video_Games,1612123357193
AFDMZ4TRX3HXQQUGWAHJQTIF65BQ,B00DB2BI00,Video_Games,1612123179668
AFDMZ4TRX3HXQQUGWAHJQTIF65BQ,B0031TKFUM,Video_Games,1610320704378
AFDMZ4TRX3HXQQUGWAHJQTIF65BQ,B002XVUT3M,Video_Games,1610320698835
AFDMZ4TRX3HXQQUGWAHJQTIF65BQ,B0039QJKZ8,Video_Games,1610320324326
AFEJKJ56OD6H2XH55DGHJI2526MA,B0765TZVMD,Video_Games,1520820599012
AFEJKJ56OD6H2XH55DGHJI2526MA,0375869026,Video_Games,1475787563000
AFZK2BA7HVTZTYYVBQ6YYL5XPWLA,B087NMZMQ7,Video_Games,1615178152579
AFZK2BA7HVTZTYYVBQ6YYL5XPWLA,B08NF1YWXD,Video_Games,1615177388977
AFZK2BA7HVTZTYYVBQ6YYL5XPWLA,B07VM8R7J7,Video_Games,1615177014935
AFZK2BA7HVTZTYYVBQ6YYL5XPWLA,B07CRC2X77,Video_Games,1559856513667
AFZK2BA7HVTZTYYVBQ6YYL5XPWLA,B00002SWBG,Video_Games,1529357049109
AHCKACFQHPP4VYO6KQSDONCSSYXQ,B07DZDJ739,Video_Games,1658515193381
AHCKACFQHPP4VYO6KQSDONCSSYXQ,B0B7HZYH75,Video_Games,1654177237803
AHCKACFQHPP4VYO6KQSDONCSSYXQ,B08T15J21Y,Video_Games,1649853627818
AHCKACFQHPP4VYO6KQSDONCSSYXQ,B000NUDXFQ,Video_Games,1631711474424
AHCKACFQHPP4VYO6KQSDONCSSYXQ,B000031KJL,Video_Games,1629901081654
AHCKACFQHPP4VYO6KQSDONCSSYXQ,B000HKIOII,Video_Games,1629901027862
AHCKACFQHPP4VYO6KQSDONCSSYXQ,B0006B0O9U,Video_Games,1629901002173
AHCKACFQHPP4VYO6KQSDONCSSYXQ,B000O5I0F8,Video_Games,1629900977994
AHCKACFQHPP4VYO6KQSDONCSSYXQ,B000SH3XGS,Video_Games,1629900943391
AHCKACFQHPP4VYO6KQSDONCSSYXQ,B000Q6ZLH0,Video_Games,1629900921785
AHCKACFQHPP4VYO6KQSDONCSSYXQ,B001EYUOS4,Video_Games,1629900899256
AHCKACFQHPP4VYO6KQSDONCSSYXQ,B000B8J7KA,Video_Games,1629900872115
AHCKACFQHPP4VYO6KQSDONCSSYXQ,B000NWDX2M,Video_Games,1629900758091
AHCKACFQHPP4VYO6KQSDONCSSYXQ,B00009WAUN,Video_Games,1629900677726
AHCKACFQHPP4VYO6KQSDONCSSYXQ,B001EYUPI8,Video_Games,1629900530826
AHCKACFQHPP4VYO6KQSDONCSSYXQ,B000DZJFZI,Video_Games,1629900504394
AHCKACFQHPP4VYO6KQSDONCSSYXQ,B001FWYDX2,Video_Games,1629900466741
AHCKACFQHPP4VYO6KQSDONCSSYXQ,B000046S41,Video_Games,1629900412383
AHCKACFQHPP4VYO6KQSDONCSSYXQ,B00002DHER,Video_Games,1629900217224
AHCKACFQHPP4VYO6KQSDONCSSYXQ,B002EAQ7J2,Video_Games,1629900181630
AHCKACFQHPP4VYO6KQSDONCSSYXQ,B004EW2PC6,Video_Games,1629900149078
AHCKACFQHPP4VYO6KQSDONCSSYXQ,B004EVWYYG,Video_Games,1629900099317
AHCKACFQHPP4VYO6KQSDONCSSYXQ,B000HVVO98,Video_Games,1629899991631
AHCKACFQHPP4VYO6KQSDONCSSYXQ,B004C37V0I,Video_Games,1629899868344
AFDIUCNEDNFPWKTJ63N4VQNZIFHQ,B078N4Y2BW,Video_Games,1587950682882
AFDIUCNEDNFPWKTJ63N4VQNZIFHQ,B077GG9D5D,Video_Games,1558730308165
AFDIUCNEDNFPWKTJ63N4VQNZIFHQ,B07YBX7Y3P,Video_Games,1558730286449
AHAHEGCIHHGZGZMJM24IEAUUIMIA,B07W625WH9,Video_Games,1594588361258
AHF2OTODCQC4BETX7CHZMOHUBODQ,B091BYX2HY,Video_Games,1677422832521
AHF2OTODCQC4BETX7CHZMOHUBODQ,B01LEZO5WI,Video_Games,1542936793012
AHOVCOQ2ERWQKYUHW5FK53UOVWQA,B07NRZKKRS,Video_Games,1568209581352
AEC6MVPIPSLIVH7MQMW3U5XFND5A,B09BN5Z8KB,Video_Games,1653063154936
AEC6MVPIPSLIVH7MQMW3U5XFND5A,B09M6X3RK5,Video_Games,1653062456542
AEC6MVPIPSLIVH7MQMW3U5XFND5A,B08HYSV5PP,Video_Games,1578386542665
AEC6MVPIPSLIVH7MQMW3U5XFND5A,B01IC2A28C,Video_Games,1486008863000
AHJQPUQLSQZE6LMIUMY7WNRXCQQQ,B08J5J6914,Video_Games,1603145782840
AHJQPUQLSQZE6LMIUMY7WNRXCQQQ,B07VV3ZS8H,Video_Games,1571197448605
AHJQPUQLSQZE6LMIUMY7WNRXCQQQ,B07CWJC8ZM,Video_Games,1535911507422
AHJQPUQLSQZE6LMIUMY7WNRXCQQQ,B07CWGPGHL,Video_Games,1535911066716
AHJQPUQLSQZE6LMIUMY7WNRXCQQQ,B08MBMBDW5,Video_Games,1512703701679
AHJQPUQLSQZE6LMIUMY7WNRXCQQQ,B01GOK2DW2,Video_Games,1476899013000
AHJQPUQLSQZE6LMIUMY7WNRXCQQQ,B01K3DM0WY,Video_Games,1476059664000
AHJQPUQLSQZE6LMIUMY7WNRXCQQQ,B0177G3QV4,Video_Games,1457576380000
AEYVXZF5TQB7IGLLS3HJTDWLSKJQ,B002I0HL98,Video_Games,1379384565000
AEYVXZF5TQB7IGLLS3HJTDWLSKJQ,B004SQ6GQY,Video_Games,1361138254000
AEMNNMYROYAZGBLYYXNCEAE6D7YQ,B00EWP4XCA,Video_Games,1446349992000
AGTITI6OKWPN2AVELIAJALJFX6NA,B08NX65GPK,Video_Games,1617907761814
AHOEABHRAFWXIT4JZ5MKJ3FMASGA,B092HN3GFR,Video_Games,1656673902641
AHOEABHRAFWXIT4JZ5MKJ3FMASGA,B08TBVNW6Z,Video_Games,1621276007296
AHOEABHRAFWXIT4JZ5MKJ3FMASGA,B01I14IASK,Video_Games,1560816062601
AHOEABHRAFWXIT4JZ5MKJ3FMASGA,B00Q7LN1TI,Video_Games,1453836493000
AHOEABHRAFWXIT4JZ5MKJ3FMASGA,B004Y2VAVS,Video_Games,1449322957000
AHOEABHRAFWXIT4JZ5MKJ3FMASGA,B00BXGY9SY,Video_Games,1439307419000
AHOEABHRAFWXIT4JZ5MKJ3FMASGA,B000PT18OS,Video_Games,1436585075000
AHOEABHRAFWXIT4JZ5MKJ3FMASGA,B00RJNE3TK,Video_Games,1435767781000
AGUWL2R2JFLC3K65HLD6AHJV3KBA,B002ZOK7GG,Video_Games,1349112196000
AGJUT4Z42GSGX2YGIYH574YNTESQ,B00HBUOVIO,Video_Games,1675865259890
AE6AL5KN3ZXJZD62ZVOOFMNOZ4PA,B00006LEM5,Video_Games,1543472045410
AG7JSIKUQPSL5AAPRDRKDNWM4U2A,B09PL5CV2D,Video_Games,1668662020740
AEYGPUCRKH7G4VM22FM3VAKSQ23Q,B07GWGJCJK,Video_Games,1593547455221
AEYGPUCRKH7G4VM22FM3VAKSQ23Q,B09CG15F86,Video_Games,1583122131800
AEYGPUCRKH7G4VM22FM3VAKSQ23Q,1438011032,Video_Games,1574978166524
AEYGPUCRKH7G4VM22FM3VAKSQ23Q,B08DHTZNNF,Video_Games,1561240463800
AEYGPUCRKH7G4VM22FM3VAKSQ23Q,B077J2BJ2F,Video_Games,1560532977227
AEYGPUCRKH7G4VM22FM3VAKSQ23Q,B08MBHZKDV,Video_Games,1537569182977
AEYGPUCRKH7G4VM22FM3VAKSQ23Q,B07DHNZ676,Video_Games,1536450366184
AEYGPUCRKH7G4VM22FM3VAKSQ23Q,B09JY72CNG,Video_Games,1534127713159
AEYGPUCRKH7G4VM22FM3VAKSQ23Q,B07CWGN36P,Video_Games,1533597627827
AEYGPUCRKH7G4VM22FM3VAKSQ23Q,B075WYDBD4,Video_Games,1532389503164
AEYGPUCRKH7G4VM22FM3VAKSQ23Q,B0714MHH8R,Video_Games,1521496539259
AEYGPUCRKH7G4VM22FM3VAKSQ23Q,B01GUCFN08,Video_Games,1483393547000
AEYGPUCRKH7G4VM22FM3VAKSQ23Q,B00H3S1B5A,Video_Games,1476809922000
AEYGPUCRKH7G4VM22FM3VAKSQ23Q,B01DUHQIL4,Video_Games,1469674211000
AG57CQ6P4QWYMWUV6MTAOETUKHTA,B0BRY138XN,Video_Games,1673542794768
AG57CQ6P4QWYMWUV6MTAOETUKHTA,B0BZL2RLN1,Video_Games,1673542610505
AG57CQ6P4QWYMWUV6MTAOETUKHTA,B0792QJ28Y,Video_Games,1673542339523
AGGHHNTNWUXUG2LEOP4KGUMULISQ,B07YFQB3K3,Video_Games,1587564415166
AGGHHNTNWUXUG2LEOP4KGUMULISQ,B073ZNZ2JD,Video_Games,1527522705793
AGGHHNTNWUXUG2LEOP4KGUMULISQ,B00ER8HHDO,Video_Games,1398368195000
AGGHHNTNWUXUG2LEOP4KGUMULISQ,B009O8HH3M,Video_Games,1385531167000
AGGHHNTNWUXUG2LEOP4KGUMULISQ,0375869026,Video_Games,1334243875000
AFEJ2MZWR7O64X2S3ZI2J7BFKTYA,B07XJ7B2J2,Video_Games,1587604948799
AFEJ2MZWR7O64X2S3ZI2J7BFKTYA,B00BN5T30E,Video_Games,1482029796000
AFDPKX3DYZI6FV5GXLI7NVTULR4Q,B0C4KN63KM,Video_Games,1608704071980
AFDPKX3DYZI6FV5GXLI7NVTULR4Q,B078RJ1KZ6,Video_Games,1586817260367
AHU2Y2ZFQKI3V3ARFDKZA6ER4NUQ,B07X56TZ16,Video_Games,1435268736000
AFC7EE4DVV3XQKMOI74ZA4CP24SQ,B0BGZC6GZ5,Video_Games,1581734922808
AFQYXWEOPSBCMIPRFS6UZCWLJ3CQ,B09DC7CSRZ,Video_Games,1607408189637
AHUPTBY3F3UN2S5H7K5JLP6MAV5Q,B0BNQ3KX9G,Video_Games,1673586862325
AHUPTBY3F3UN2S5H7K5JLP6MAV5Q,B09ZWBT355,Video_Games,1671834280930
AHUPTBY3F3UN2S5H7K5JLP6MAV5Q,B0BJQ7RJ83,Video_Games,1670286681410
AHUPTBY3F3UN2S5H7K5JLP6MAV5Q,B0B4JNJH61,Video_Games,1670274415945
AHUPTBY3F3UN2S5H7K5JLP6MAV5Q,B0BVVGCCM9,Video_Games,1667792218799
AHUPTBY3F3UN2S5H7K5JLP6MAV5Q,B0BZW3Y5XX,Video_Games,1666565570028
AHBZRDFYB2FWUAO63DCSF2VSTJ2Q,B07X2G2R97,Video_Games,1605887799908
AHBZRDFYB2FWUAO63DCSF2VSTJ2Q,B07W1K72DN,Video_Games,1578694243172
AHBZRDFYB2FWUAO63DCSF2VSTJ2Q,B01N6QKT7H,Video_Games,1576361495562
AHBZRDFYB2FWUAO63DCSF2VSTJ2Q,B0764BLMJL,Video_Games,1576361271506
AHBZRDFYB2FWUAO63DCSF2VSTJ2Q,B07KYHBVYH,Video_Games,1576361215713
AHBZRDFYB2FWUAO63DCSF2VSTJ2Q,B077GG9D5D,Video_Games,1576360076710
AHBZRDFYB2FWUAO63DCSF2VSTJ2Q,B01LRLJV28,Video_Games,1576360061620
AHBZRDFYB2FWUAO63DCSF2VSTJ2Q,B01LD7MR2C,Video_Games,1576360013986
AHTV6G3U7L65CVE43LUKNSOM7GPA,B001EYUT70,Video_Games,1231186126000
AHHFW36BP4VMQWC6V2NTKIXFAA2A,B0B1ZYG4NQ,Video_Games,1669417667106
AGKLBPIBIMI543DQXQ6XPKNOZ4WQ,B00BFN1H8K,Video_Games,1418829052000
AGBWZSPAIQMKAYQNMIUXJFRNRDXA,B000AB603U,Video_Games,1603771316599
AGBWZSPAIQMKAYQNMIUXJFRNRDXA,B000UXOHOW,Video_Games,1552269235926
AGBWZSPAIQMKAYQNMIUXJFRNRDXA,B001F8188Y,Video_Games,1529091256066
AGBWZSPAIQMKAYQNMIUXJFRNRDXA,B003YHJJW6,Video_Games,1529090913644
AGWM6VRKDK3IZEZ2NPNT7AN2HR2Q,B000APZ40G,Video_Games,1633462291226
AFPTM2BBYFZ6EYXS73Z32HWBZKDQ,B00ZD99YXC,Video_Games,1466160037000
AFPTM2BBYFZ6EYXS73Z32HWBZKDQ,B00YOGZFCO,Video_Games,1444606968000
AFPTM2BBYFZ6EYXS73Z32HWBZKDQ,B00KIWEMIG,Video_Games,1437528155000
AFPTM2BBYFZ6EYXS73Z32HWBZKDQ,B000E0OCR8,Video_Games,1436300508000
AEIPJBAN7A55Q5DFFPZSR2UV3OKA,B0BP8BC41K,Video_Games,1677894769163
AEIPJBAN7A55Q5DFFPZSR2UV3OKA,B0B7YVBQ68,Video_Games,1669977790025
AEIPJBAN7A55Q5DFFPZSR2UV3OKA,B09QCL2RMX,Video_Games,1659141028616
AEIPJBAN7A55Q5DFFPZSR2UV3OKA,B09YV45F64,Video_Games,1659089234124
AEIPJBAN7A55Q5DFFPZSR2UV3OKA,B0C4L22JL4,Video_Games,1635170881811
AEIPJBAN7A55Q5DFFPZSR2UV3OKA,B08LPXBY93,Video_Games,1609659795540
AEIPJBAN7A55Q5DFFPZSR2UV3OKA,B0BQMZXLT3,Video_Games,1583520546349
AEIPJBAN7A55Q5DFFPZSR2UV3OKA,B098WKGFMK,Video_Games,1581066685782
AHZOJQDTMJ6WIHY2RV7PB6K5TG7Q,B07V3T7WF1,Video_Games,1676578503463
AHZOJQDTMJ6WIHY2RV7PB6K5TG7Q,B095C1877G,Video_Games,1670984365918
AHZOJQDTMJ6WIHY2RV7PB6K5TG7Q,B007FVVXXA,Video_Games,1665515947604
AHZOJQDTMJ6WIHY2RV7PB6K5TG7Q,B003N18O38,Video_Games,1665514853589
AHROLU2WO2VLXZQGU2VIWBUDE2KA,B0972GTJDR,Video_Games,1637449685165
AEDB2WFGSUHI7BUWXNHS45KI6X2A,B0BFD9762V,Video_Games,1640977186597
AEDB2WFGSUHI7BUWXNHS45KI6X2A,B07KXXB8JR,Video_Games,1488839922000
AGTJAM6NFSYTR5KB6DQNHZ3ZIFFQ,B00Z9TL6KA,Video_Games,1445004821000
AFLZMJ3DM4UQY4PC5L4XVOAXBCSA,B01BMJ0Y4O,Video_Games,1534453871248
AGBODH3OWST6Z3EEQKAGR5T64XZQ,B07BY1MB34,Video_Games,1651870840123
AHBNOPRQZEGQ4RT6FAWS4E4KZKZQ,B00L59D9HG,Video_Games,1578324568468
AHBNOPRQZEGQ4RT6FAWS4E4KZKZQ,B0792M343R,Video_Games,1552530368530
AHPFHP43AXWRYZZ4HPNCW7I7J3ZQ,B0BXQH38S6,Video_Games,1572123314520
AHPFHP43AXWRYZZ4HPNCW7I7J3ZQ,B07GRSVQ48,Video_Games,1557323573320
AHPFHP43AXWRYZZ4HPNCW7I7J3ZQ,B07FFCN3DJ,Video_Games,1541986505398
AHPFHP43AXWRYZZ4HPNCW7I7J3ZQ,B00CJ9OTNE,Video_Games,1388840255000
AHPFHP43AXWRYZZ4HPNCW7I7J3ZQ,B0009J1IK8,Video_Games,1326768694000
AHPFHP43AXWRYZZ4HPNCW7I7J3ZQ,B001GXI2N2,Video_Games,1250952298000
AHPFHP43AXWRYZZ4HPNCW7I7J3ZQ,B001CPFPJ8,Video_Games,1250941082000
AHPFHP43AXWRYZZ4HPNCW7I7J3ZQ,B001E56K5Y,Video_Games,1227403713000
AEPBFOLHNAJQJAZOMSUMVFKPZXFQ,B00HBUOVIO,Video_Games,1615261302346
AFUZHS2CHLPSFORO3LDM5VMVK3ZA,B07V8YSBFG,Video_Games,1620785716152
AF4GFATVLGDPUMYVAWU6N3ULQEPA,B07SBX48TY,Video_Games,1627218888316
AEWRZLS7FBAX3BXANLXDKVV33CCA,B014R4KYMS,Video_Games,1464339322000
AEWRZLS7FBAX3BXANLXDKVV33CCA,B00W9DHUBS,Video_Games,1450350999000
AEWRZLS7FBAX3BXANLXDKVV33CCA,B00SVVUOGU,Video_Games,1442305613000
AEWRZLS7FBAX3BXANLXDKVV33CCA,B07TXKYR1H,Video_Games,1429256030000
AEWRZLS7FBAX3BXANLXDKVV33CCA,B00KSRV19E,Video_Games,1418590612000
AEWRZLS7FBAX3BXANLXDKVV33CCA,B00VPW0DYU,Video_Games,1415069932000
AEWRZLS7FBAX3BXANLXDKVV33CCA,B00BGA9X9W,Video_Games,1401251319000
AEWRZLS7FBAX3BXANLXDKVV33CCA,B003NSLGW2,Video_Games,1394396097000
AEWRZLS7FBAX3BXANLXDKVV33CCA,B00CEGCN76,Video_Games,1393374256000
AEWRZLS7FBAX3BXANLXDKVV33CCA,B007CM0K86,Video_Games,1371499982000
AEWRZLS7FBAX3BXANLXDKVV33CCA,B0088TN73M,Video_Games,1368219646000
AGFBKTSEGW2EYZLRZZMMWOCO3HKQ,B00R55JP2W,Video_Games,1432601660000
AE63QWJX2YH2MYOW5UE7WO3DEGTA,B06XQ5G7SY,Video_Games,1531781096515
AEICZD35OTDYVWA2KPYWN4PDZ2SA,B08RL46K3N,Video_Games,1647129751152
AEICZD35OTDYVWA2KPYWN4PDZ2SA,B09H815D9D,Video_Games,1623715631958
AEICZD35OTDYVWA2KPYWN4PDZ2SA,B087NN2K41,Video_Games,1595614685065
AEICZD35OTDYVWA2KPYWN4PDZ2SA,B001I2H6XI,Video_Games,1519920904848
AEICZD35OTDYVWA2KPYWN4PDZ2SA,B075WYDBD4,Video_Games,1517684426505
AEICZD35OTDYVWA2KPYWN4PDZ2SA,B01NBYC7PZ,Video_Games,1495916791000
AEICZD35OTDYVWA2KPYWN4PDZ2SA,B0051D8P26,Video_Games,1388077295000
AEICZD35OTDYVWA2KPYWN4PDZ2SA,B003ZHMMEM,Video_Games,1385068781000
AEUAIBUJWZCYNZ2HH47OS4FJUNOA,B004752HB4,Video_Games,1429117422000
AHJIEUECGTMA3ATM2IKS7U4AY7EA,B0CB7JB1V6,Video_Games,1641636456636
AGEFLX2M37K7NSODGTH4XTOFNCVA,B0C5K2TWD8,Video_Games,1668532931043
AG4COLOHCLHWUUYWCZ77TPJLE3EQ,B0776YMQN1,Video_Games,1570903922352
AG4COLOHCLHWUUYWCZ77TPJLE3EQ,B01D3K7SIK,Video_Games,1547478370005
AG4COLOHCLHWUUYWCZ77TPJLE3EQ,B00VBZ3SGG,Video_Games,1547478336575
AG4COLOHCLHWUUYWCZ77TPJLE3EQ,B077GG9D5D,Video_Games,1539624039304
AG4COLOHCLHWUUYWCZ77TPJLE3EQ,B00Z9TM72Q,Video_Games,1539623982336
AG4COLOHCLHWUUYWCZ77TPJLE3EQ,B017V6YVDC,Video_Games,1472418558000
AG4COLOHCLHWUUYWCZ77TPJLE3EQ,B00W9DHUBS,Video_Games,1472418524000
AG4COLOHCLHWUUYWCZ77TPJLE3EQ,B00W9DHUBS,Video_Games,1472418387000
AG4COLOHCLHWUUYWCZ77TPJLE3EQ,B0050SXI6K,Video_Games,1472417954000
AG4COLOHCLHWUUYWCZ77TPJLE3EQ,B005GISQX4,Video_Games,1472417932000
AG4COLOHCLHWUUYWCZ77TPJLE3EQ,B00BGA9WK2,Video_Games,1472417837000
AG4COLOHCLHWUUYWCZ77TPJLE3EQ,B00CJ9OTNE,Video_Games,1472417117000
AG4COLOHCLHWUUYWCZ77TPJLE3EQ,B01ANC1TM2,Video_Games,1472416622000
AG4COLOHCLHWUUYWCZ77TPJLE3EQ,B00I9KMH3Q,Video_Games,1472415002000
AG4COLOHCLHWUUYWCZ77TPJLE3EQ,B00DJRLDMU,Video_Games,1471237896000
AG4COLOHCLHWUUYWCZ77TPJLE3EQ,B01699XI36,Video_Games,1467497316000
AER5A2LR25ZV3SYFCYUWBRGRKBBA,B01M8QMG86,Video_Games,1491313379000
AET5VFNIYKIHIPO3ZALZSLXX3KOQ,B0BXP879GV,Video_Games,1665463272471
AET5VFNIYKIHIPO3ZALZSLXX3KOQ,B08LVW2MPG,Video_Games,1648824895020
AET5VFNIYKIHIPO3ZALZSLXX3KOQ,B07PTMKYS7,Video_Games,1581611409262
AF76P2AWQWB7ZDCNGZO2GV7JIK4Q,B07V8YSBFG,Video_Games,1664216634712
AFCQODELZPN3GI4MKTVHEJEGXF7A,B0052VJUW6,Video_Games,1467984606000
AGLQQCIS5V6EGUCS5SSNHWZHQM6Q,B07Z6NKZ1Q,Video_Games,1607985821839
AGLQQCIS5V6EGUCS5SSNHWZHQM6Q,B09WWDTXPB,Video_Games,1598453440694
AGLQQCIS5V6EGUCS5SSNHWZHQM6Q,B0822GP37V,Video_Games,1586793526781
AGLQQCIS5V6EGUCS5SSNHWZHQM6Q,B087NMZMQ7,Video_Games,1579709796766
AGLQQCIS5V6EGUCS5SSNHWZHQM6Q,B07S2WZJHY,Video_Games,1560922617319
AGLQQCIS5V6EGUCS5SSNHWZHQM6Q,B07SRS4PYR,Video_Games,1560279446000
AGLQQCIS5V6EGUCS5SSNHWZHQM6Q,B07FLTG5LK,Video_Games,1550863804249
AGLQQCIS5V6EGUCS5SSNHWZHQM6Q,B078N66Y2M,Video_Games,1538015405116
AGLQQCIS5V6EGUCS5SSNHWZHQM6Q,B07CWJC8ZM,Video_Games,1533263348260
AGLQQCIS5V6EGUCS5SSNHWZHQM6Q,B078N4DS8F,Video_Games,1530070395304
AGLQQCIS5V6EGUCS5SSNHWZHQM6Q,B078LJ6RPK,Video_Games,1526397088008
AGLQQCIS5V6EGUCS5SSNHWZHQM6Q,B073WNQTYS,Video_Games,1516633583542
AGLQQCIS5V6EGUCS5SSNHWZHQM6Q,B09JT1ZKC3,Video_Games,1513266982656
AGLQQCIS5V6EGUCS5SSNHWZHQM6Q,B072PW59VK,Video_Games,1506104804048
AGLQQCIS5V6EGUCS5SSNHWZHQM6Q,B00MUMY2GY,Video_Games,1416845838000
AGLQQCIS5V6EGUCS5SSNHWZHQM6Q,B01I3E7XAO,Video_Games,1400121435000
AGLQQCIS5V6EGUCS5SSNHWZHQM6Q,B00CD3V9CU,Video_Games,1381098710000
AGLQQCIS5V6EGUCS5SSNHWZHQM6Q,B005UUOAOM,Video_Games,1328134922000
AGLQQCIS5V6EGUCS5SSNHWZHQM6Q,B001ELJDYS,Video_Games,1203121194000
AERRX357RLQ6SAUBH6HDYNGTXZ4A,B00Z9V0NKC,Video_Games,1575652626770
AGF5RVFM6B7LTHYFA2BZBRWO33OA,B06Y6GPGQ8,Video_Games,1631141581769
AF4Y2O5Z4P7JZPXUQSR62VAP2I3Q,B00002STEZ,Video_Games,1587074808221
AF4Y2O5Z4P7JZPXUQSR62VAP2I3Q,B07XV8LN94,Video_Games,1580428488573
AGBOGNMAG3UCA6B4Z6VT62DVNOIA,B00495SS06,Video_Games,1522897470507
AGBOGNMAG3UCA6B4Z6VT62DVNOIA,B00AWD16BC,Video_Games,1470654537000
